abbreviations,answers,meta-llama/Meta-Llama-3-8B-Instruct_True,meta-llama/Meta-Llama-3-8B-Instruct_True_Judge Correct,meta-llama/Meta-Llama-3-8B-Instruct_False,meta-llama/Meta-Llama-3-8B-Instruct_False_Judge Correct,mistralai/Ministral-8B-Instruct-2410_True,mistralai/Ministral-8B-Instruct-2410_True_Judge Correct,mistralai/Ministral-8B-Instruct-2410_True,mistralai/Ministral-8B-Instruct-2410_True_Judge Correct
EMIR ,"EMIR, or the European Market Infrastructure Regulation, is a set of European Union regulations aimed at improving the transparency and stability of the over-the-counter (OTC) derivatives market. Introduced in 2012, EMIR mandates that certain derivatives contracts be reported to trade repositories, and requires the clearing of standardized derivatives through central counterparties (CCPs) to reduce counterparty risk. It also imposes risk mitigation techniques for non-centrally cleared derivatives to enhance market integrity.","Based on the extra information, I can confidently answer that EMIR stands for the European Market Infrastructure Regulation, which regulates the way ""over-the-counter"" derivatives (OTC derivatives) are traded and how information regarding all derivative contracts is publicly reported and recorded.",TRUE,"EMIR stands for European Market Infrastructure Regulation. It's a European Union regulation that aims to improve the transparency, accountability, and stability of the financial markets in the European Union.

EMIR was introduced in 2012 and came into effect in 2013. Its main objective is to reduce the risk of financial crises by increasing the transparency and regulation of over-the-counter (OTC) derivatives markets.

Here are some key aspects of EMIR:

1. **Reporting requirements**: EMIR requires financial institutions, such as banks and investment firms, to report their OTC derivatives transactions to trade repositories (TRs). This helps to increase transparency and allows regulators to monitor market activity.
2. **Central Counterparty (CCP) requirements**: EMIR requires CCPs to be authorized and regulated by the European Securities and Markets Authority (ESMA). This ensures that CCPs are subject to robust risk management and oversight.
3. **Margining requirements**: EMIR introduces margining requirements for uncleared OTC derivatives, which means that counterparties must post collateral to cover potential losses.
4. **Clearing requirements**: EMIR requires certain OTC derivatives to be cleared through a CCP, which helps to reduce counterparty risk.
5. **Regulatory capital requirements**: EMIR introduces regulatory capital requirements for banks and other financial institutions that hold OTC derivatives.

By implementing these measures, EMIR aims to:

1. Reduce systemic risk by increasing transparency and regulation of OTC derivatives markets.
2. Improve the stability of the financial system by reducing counterparty risk.
3. Enhance the ability of regulators to monitor and respond to market developments.

Overall, EMIR plays a crucial role in promoting financial stability and reducing the risk of financial crises in the European Union.",TRUE,EMIR stands for European Market Infrastructure Regulation. It is an EU regulation that came into force on ,TRUE,EMIR stands for European Market Infrastructure Regulation. It is a European Union (EU) regulation that aims,TRUE
SFTR ,"The Securities Financing Transactions Regulation (SFTR) is a piece of EU legislation that aims to increase transparency in the securities financing markets. It requires financial and non-financial institutions to report details of their securities financing transactions, such as repurchase agreements and securities lending, to a registered trade repository, thereby enhancing market oversight and mitigating systemic risks.","Based on the extra information provided, SFTR is a European Union regulation introduced in January 2016 that aims to reduce systemic risk in the Securities Financing Transaction (SFT) market.",TRUE,"SFTR stands for Securities Financing Transactions Regulation. It's a European Union (EU) regulation aimed at improving transparency and reducing risk in the securities financing transactions (SFTs) market.

SFTs refer to transactions where financial institutions lend or borrow securities, such as stocks, bonds, or other financial instruments, to other parties. These transactions are often used to manage risk, raise capital, or facilitate trading.

The SFTR regulation was introduced in 2015 and requires financial institutions to report certain details about their SFTs to trade repositories (TRs). This reporting obligation helps to increase transparency in the market, making it easier for regulators and market participants to monitor and analyze SFTs.

Some key aspects of the SFTR regulation include:

1. Reporting requirements: Financial institutions must report SFTs to TRs, including details such as the type of transaction, the parties involved, and the value of the securities.
2. Data quality: The reported data must meet certain standards of quality and accuracy to ensure that it is reliable and useful for regulatory purposes.
3. Trade repository selection: Financial institutions must select a TR to report their SFTs to, and the TR must be authorized by the relevant regulatory authority.
4. Confidentiality and data protection: The reported data is subject to confidentiality and data protection rules to ensure that sensitive information is not disclosed.

The SFTR regulation is designed to improve the stability and integrity of the financial system by providing regulators with a better understanding of SFTs and their potential risks. It also aims to reduce the complexity and costs associated with SFTs, making it easier for financial institutions to manage their risk and comply with regulatory requirements.",TRUE,SFTR stands for Securities Financing Transactions Regulation. It is a European Union regulation introduced in January ,TRUE,SFTR stands for **Securities Financing Transactions Reporting**. It is a regulatory framework that requires financial,FALSE
RTS on reporting  ,"RTS on reporting refers to the Regulatory Technical Standards established under EMIR that set out detailed rules for the reporting of derivative contracts to trade repositories. These standards define the format, content, and timing of the information that must be reported, ensuring transparency and consistency in the derivatives market. Compliance with these standards helps authorities monitor systemic risk and enhances market integrity.","Based on the extra information provided, I can answer the question.

RTS stands for Regulatory Technical Standard, which is a set of rules and guidelines established by the European Securities and Markets Authority (ESMA) to ensure the uniform application of the European Union's financial regulations.

In the context of reporting, RTS refers to the reporting mechanism used to submit data to regulatory bodies, such as the European Securities and Markets Authority (ESMA), the European Central Bank (ECB), and national competent authorities. The RTS is used to validate data and ensure it meets regulatory requirements.

In particular, RTS 23 is a financial instrument reference data reporting mechanism used to validate data and ensure it meets regulatory requirements.

So, in summary, RTS on reporting refers to the Regulatory Technical Standard used for reporting data to regulatory bodies, which ensures that the data meets regulatory requirements.",TRUE,"In the context of financial reporting, RTS stands for ""Reporting Threshold Schedule"". It's a document that outlines the reporting thresholds for a company's financial statements, such as the Consolidated Financial Statements (CFS) and the Interim Financial Statements (IFS).

The RTS provides a schedule of the minimum thresholds for various financial metrics, such as revenue, net income, and total assets, that trigger the requirement for a company to file a specific type of financial report with the relevant regulatory bodies, such as the Securities and Exchange Commission (SEC) in the United States.

The RTS is typically used to determine the reporting frequency and content of a company's financial reports, including the type of information that must be disclosed, such as financial statements, management's discussion and analysis (MD&A), and other relevant information.

For example, a company with a total assets threshold of $100 million might be required to file a CFS with the SEC, while a company with a revenue threshold of $50 million might be required to file an IFS.

I hope that helps! Let me know if you have any further questions.",FALSE,"The question asks about ""RTS on reporting,"" which is likely referring to the Reporting Templates Standard",FALSE,RTS on reporting refers to the Resolution Trust Corporation's reporting requirements.,FALSE
ITS on reporting  ,"ITS on reporting refers to the Implementing Technical Standards established by the European Commission to provide detailed rules for the reporting of derivatives transactions under the EMIR framework. These standards set out the specific data to be reported, the manner of reporting, and the technical specifications that ensure consistency and accuracy in the reporting process, facilitating effective oversight of the derivatives market.","Based on the provided extra information, I can help answer your question.

ITS stands for Implementing Technical Standard, which is a type of regulatory technical standard issued by the European Securities and Markets Authority (ESMA). In the context of reporting, ITS refers to the technical standards that specify the format, content, and submission requirements for financial reports submitted to regulators.

In the context of the extra information provided, the ITS/RTS (Reporting Template Specification) is mentioned as the framework for the Final Report (FR), which is important for data quality and enables regulators to monitor reporting parties' compliance.

So, in short, ITS on reporting refers to the Implementing Technical Standard that outlines the technical specifications for financial reporting to regulators.",TRUE,"ITS stands for Internal Transaction Summary. It's a type of financial report that summarizes internal transactions within an organization, such as journal entries, ledger transactions, and other accounting entries.

The ITS report typically includes details such as:

1. Transaction dates
2. Account numbers and descriptions
3. Debit and credit amounts
4. Transaction types (e.g., journal entries, ledger postings, etc.)
5. Balancing figures (e.g., debit and credit totals)

The ITS report is often used to:

1. Verify the accuracy of internal transactions
2. Identify and correct errors or discrepancies
3. Monitor and track internal transactions over time
4. Comply with internal controls and auditing requirements
5. Provide a snapshot of an organization's financial activity

In financial reporting, the ITS report is usually prepared on a regular basis, such as monthly or quarterly, and is used to support the preparation of financial statements, such as the balance sheet and income statement.",FALSE,ITS (Investment Technology Services) on reporting refers to the systems and technologies used by financial institutions to,FALSE,"ITS stands for ""Internal Transaction System.""",FALSE
RTS on registration ,"RTS on registration refers to the ""Regulatory Technical Standards"" concerning the registration of trade repositories under EMIR. These standards provide detailed rules and requirements that trade repositories must meet to be registered with competent authorities, ensuring they can effectively collect, maintain, and provide access to trade data related to over-the-counter (OTC) derivatives. The RTS aims to enhance the transparency and efficiency of the derivatives market in line with EMIR's objectives.","Based on the extra information provided, RTS stands for Regulatory Technical Standards, which are detailed technical specifications that supplement primary financial regulations. They provide specific implementation guidelines.

In the context of the question, RTS on registration refers to the Regulatory Technical Standards on the application for authorisation and registration, which was published by ESMA (European Securities and Markets Authority) on 30 March 2017. This RTS provides specific implementation guidelines for the application process of authorisation and registration in the financial sector.

So, the RTS on registration is a set of technical standards that outlines the requirements and procedures for registration and authorisation of financial entities, such as banks, investment firms, and other financial institutions.",TRUE,"RTS stands for Real-Time Settlement. In the context of registration, RTS is a mandatory compliance requirement for all entities involved in the securities market in India.

RTS is a system that enables the real-time settlement of securities transactions, ensuring that trades are settled within a specified time frame. This means that the buyer and seller of securities are guaranteed to receive the securities and the payment, respectively, within a short period of time, usually T+2 (two business days).

In the registration process, RTS compliance is typically required for entities such as:

1. Stock Brokers
2. Depository Participants (DPs)
3. Trading Members
4. Clearing Members

To comply with RTS, these entities must ensure that they have implemented the necessary systems, processes, and infrastructure to facilitate real-time settlement of securities transactions. This includes:

1. Integration with the National Securities Clearing Corporation of India (NSCCL) and the Central Depository Services (India) Limited (CDSL)
2. Implementation of a secure and reliable communication network
3. Maintenance of accurate and up-to-date records
4. Compliance with specified timelines and deadlines

RTS compliance is crucial for ensuring the integrity and efficiency of the securities market, as it helps to reduce settlement risk, improve market confidence, and enhance the overall trading experience.",FALSE,"Based on the provided information, ""RTS"" in the context of registration likely refers to the """,FALSE,"The term ""RTS"" in the context of financial markets typically refers to the Resolution Trust Corporation (",FALSE
RTS on data quality ,"RTS on data quality refers to the ""Regulatory Technical Standards"" developed under EMIR to establish detailed requirements for the quality of data that must be reported to trade repositories. These standards set out the conditions for ensuring that the collateral, trading, and other transaction data reported is accurate, complete, and timely, which helps enhance transparency and monitoring in the derivatives markets. Compliance with these RTS ensures that both regulators and market participants can rely on the integrity of the data provided.","Based on the extra information provided, RTS stands for ""Reporting Technical Standards"". It seems that RTS is related to the implementation of data quality controls to ensure the accuracy, completeness, and timeliness of data collected for transactions.

In the context of financial regulations, RTS is likely a set of guidelines or standards that financial institutions must follow when reporting transaction data to regulatory bodies. The standards may cover aspects such as data formatting, content, and submission timelines to ensure that the data is accurate, complete, and timely.

In summary, RTS on data quality refers to the technical standards for reporting transaction data, which aims to ensure the quality of the data reported by financial institutions to regulatory bodies.",FALSE,"RTS stands for ""Root Cause Tree Structure"" and is a method used to analyze and improve data quality. It's a structured approach to identify and resolve data quality issues by breaking down the problem into smaller, more manageable parts.

The RTS process involves the following steps:

1. Identify the data quality issue (symptom)
2. Analyze the issue to identify the root cause (cause)
3. Break down the root cause into smaller, more specific causes (sub-causes)
4. Continue to drill down until you reach the most basic, underlying cause (root cause)

The RTS approach helps to:

1. Identify the root cause of data quality issues, rather than just treating the symptoms
2. Focus on the most critical causes of data quality problems
3. Develop targeted solutions to address the root causes
4. Improve data quality by reducing errors, inconsistencies, and inaccuracies

By using the RTS approach, organizations can improve data quality, reduce data-related errors, and increase confidence in their data.",FALSE,"Based on the provided information, the RTS (Regulatory Technical Standards) on data quality refers to the",TRUE,"RTS (Resolution Trust Corporation) is not directly related to data quality. However, the concept of",FALSE
RTS on data access ,"RTS on data access refers to the Regulatory Technical Standards established under EMIR that define the specific requirements for access to trade data. These standards aim to ensure that relevant parties, such as regulators and other authorities, can effectively access and analyze trade and transaction data to monitor market activities and systemic risks. The implementation of these standards helps enhance transparency and improve oversight within the derivatives market.","Based on the provided extra information, RTS stands for Regulatory Technical Standard, which is a financial instrument reference data reporting mechanism used to validate data and ensure it meets regulatory requirements.

As for RTS on data access, I couldn't find any specific information in the provided extra text. However, I can provide general information on RTS data access.

RTS data access refers to the ability to access and retrieve RTS data, which is used by key divisions, such as Vehicle Titles and Registration and Finance & Administrative Services, to make strategic decisions. The RTS data is likely used to track and monitor financial transactions, ensure compliance with regulatory requirements, and provide insights for business operations.

In terms of data access, RTS data is typically accessed through a secure online platform or system, which requires authorized access and authentication. The level of access may vary depending on the user's role, permissions, and the specific requirements of the organization.

If you need more specific information on RTS data access, please provide more context or clarify what you mean by ""RTS on data access.""",FALSE,"RTS stands for Real-Time Settlement, which is a critical aspect of data access in the financial industry. In the context of data access, RTS refers to the ability to access and retrieve financial data in real-time, as it is being generated or updated.

Real-time data access is essential for various financial applications, such as:

1. Trading platforms: RTS enables traders to access current market prices, quotes, and order book data to make informed investment decisions.
2. Risk management: RTS provides real-time data to help financial institutions monitor and manage their risk exposure, ensuring compliance with regulatory requirements.
3. Compliance: RTS enables regulatory bodies to monitor and track financial transactions, ensuring that transactions are executed in accordance with regulatory requirements.
4. Research and analysis: RTS provides researchers and analysts with real-time data to conduct in-depth analysis and generate insights.

To achieve RTS, financial institutions and data providers use various technologies, such as:

1. APIs (Application Programming Interfaces): APIs enable seamless data exchange between systems, allowing for real-time data access.
2. Data feeds: Data feeds provide a continuous stream of financial data, which is then processed and analyzed in real-time.
3. Cloud-based solutions: Cloud-based solutions offer scalable and flexible infrastructure for real-time data processing and analysis.
4. Data warehousing: Data warehousing solutions enable the storage and processing of large amounts of financial data, allowing for real-time analysis and reporting.

By providing real-time data access, RTS enables financial institutions to make informed decisions, optimize their operations, and stay ahead of the competition.",FALSE,"Based on the provided information, RTS stands for ""Registration and Titling System"" data access. This",FALSE,"The term ""RTS"" in the context of data access typically refers to the Resolution Trust Corporation (",FALSE
RTS on organisation requirements ,"RTS on organisation requirements refers to the Regulatory Technical Standards established under EMIR that set out the operational and organizational requirements for entities involved in derivative trading, clearing, and reporting. These standards aim to ensure that firms have appropriate governance, risk management, and operational resilience in place to effectively manage their derivatives activities and comply with EMIR’s obligations.","Based on the provided extra information, I can answer the question.

Regulatory Technical Standards (RTS) are detailed technical specifications that supplement primary financial regulations. They provide specific implementation details for the primary regulations.

Regarding RTS on organisation requirements, I found some relevant information. According to the European Securities and Markets Authority (ESMA), RTS on organisation requirements are a set of standards that specify the organisational requirements for financial institutions, such as banks, investment firms, and insurance companies. These requirements cover aspects like governance, risk management, internal controls, and compliance.

In particular, RTS on organisation requirements aim to ensure that financial institutions have adequate systems, processes, and controls in place to manage their risks, prevent financial crime, and maintain financial stability.

In summary, RTS on organisation requirements provide specific implementation details for the organisational requirements of financial institutions, as outlined in the primary financial regulations.",TRUE,"RTS stands for Regulatory Technical Standards, which are a set of standards and guidelines issued by the European Securities and Markets Authority (ESMA) to ensure that financial institutions, such as banks, investment firms, and insurance companies, comply with the regulatory requirements of the European Union's (EU) financial regulations.

In the context of organisational requirements, RTS provides guidance on the minimum requirements for the internal organisation, governance, and risk management of financial institutions. These requirements are designed to ensure that financial institutions have effective systems and controls in place to manage risks, prevent financial crime, and ensure the integrity of financial markets.

Some examples of organisational requirements covered by RTS include:

1. Governance: RTS sets out the requirements for the board of directors or equivalent body to oversee the management of the financial institution, including the appointment of key personnel and the establishment of committees.
2. Risk management: RTS requires financial institutions to have a robust risk management framework in place, including risk assessment, risk mitigation, and risk reporting.
3. Compliance: RTS sets out the requirements for financial institutions to have effective compliance functions, including the appointment of a compliance officer and the establishment of compliance policies and procedures.
4. Internal audit: RTS requires financial institutions to have an independent internal audit function to review and report on the effectiveness of internal controls and risk management.
5. Remuneration: RTS sets out the requirements for the remuneration of key personnel, including the need for remuneration policies and practices to be transparent, fair, and not excessive.

By implementing the RTS requirements, financial institutions can ensure that they have a robust and effective organisational structure in place, which is essential for maintaining the stability and integrity of the financial system.",TRUE,"Based on the provided information, the Regulatory Technical Standards (RTS) on organization requirements are detailed",TRUE,"The term ""RTS"" in the context of organizational requirements can refer to several things depending on the",FALSE
CFI code ,"CFI code stands for Classification of Financial Instruments code. Within the context of EMIR (European Market Infrastructure Regulation), it is a unique alphanumeric code used to identify financial instruments and their characteristics. CFI codes help in the reporting and monitoring of derivatives transactions, ensuring that all parties involved accurately classify the instruments they are dealing with.","Based on the extra information provided, I can answer the question.

CFI Code stands for Classification of Financial Instruments. It is a code that reflects the characteristics of a financial instrument when it is issued, and is used to identify the type and characteristics of each financial instrument in accordance with a specific standard or framework.",TRUE,"The CFI (Classification of Financial Instruments) code is a standardized classification system used to categorize financial instruments, such as securities, derivatives, and other financial products. It's a way to identify and describe the characteristics of a financial instrument, making it easier to analyze, compare, and report financial data.

The CFI code is a six-character alphanumeric code, consisting of a letter followed by five digits. The letter indicates the broad category of the financial instrument, while the digits provide more specific information about the instrument's characteristics, such as its type, issuer, and maturity.

CFI codes are widely used in the financial industry, particularly in the areas of financial reporting, risk management, and portfolio management. They help financial institutions, regulators, and investors to:

1. Standardize financial reporting and analysis
2. Identify and manage financial risks
3. Compare and contrast different financial instruments
4. Analyze and optimize investment portfolios

Some common examples of CFI codes include:

* Equity: EQUITY (e.g., EQUITY-USA-IBM)
* Bond: BOND (e.g., BOND-USA-10YR-T)
* Derivative: DERIV (e.g., DERIV-EUR-2YR-PUT)
* Currency: CURR (e.g., CURR-USD-EUR)

I hope that helps! Do you have any specific questions about CFI codes or how they're used in financial analysis?",TRUE,The CFI Code (Classification of Financial Instruments) is a code used to classify financial instruments based on,TRUE,The CFI code is not a standard term in the financial or regulatory context. It's possible that,FALSE
CM ,"In the context of EMIR, CM stands for ""Collateral Manager."" A Collateral Manager is a financial entity responsible for managing and optimizing collateral assets used in derivatives transactions. They ensure that the necessary collateral requirements are met to mitigate counterparty risk and comply with EMIR guidelines on trade clearing and risk management.","Based on the extra information, I can answer the question.

CM stands for Contribution Margin, which is a financial measure of sales revenue minus variable costs (changing with volume of activity).",FALSE,"CM can refer to several things, but in the financial context, CM typically stands for Cash Management.

Cash Management (CM) is the process of managing an organization's cash inflows and outflows to ensure that it has sufficient liquidity to meet its financial obligations, take advantage of investment opportunities, and minimize the risk of cash shortages or excesses.

In CM, financial institutions and companies use various tools and strategies to manage their cash, such as:

1. Cash forecasting: predicting future cash inflows and outflows to identify potential cash shortages or surpluses.
2. Cash concentration: pooling cash from various accounts into a single account to reduce the risk of cash shortages.
3. Cash sweep: automatically transferring excess cash from one account to another to earn higher interest rates or to meet liquidity needs.
4. Cash pooling: sharing cash among subsidiaries or branches to optimize cash utilization and reduce costs.
5. Treasury management: using financial instruments, such as commercial paper, treasury bills, and short-term loans, to manage cash and mitigate liquidity risks.

Effective Cash Management helps organizations to:

* Improve cash flow forecasting and management
* Reduce the risk of cash shortages or excesses
* Optimize cash utilization and reduce costs
* Enhance financial stability and flexibility
* Support business growth and expansion

If you have any specific questions or concerns about Cash Management, feel free to ask!",FALSE,Contribution margin (CM) is a financial measure of sales revenue minus variable costs. It represents the,FALSE,"The acronym ""CM"" can stand for various things depending on the context. Here are a few",FALSE
CP,"In the context of EMIR, ""CP"" stands for ""Clearing Participant."" A Clearing Participant is a financial institution that is authorized to clear transactions on behalf of itself or its clients through a central counterparty (CCP). Their role is to help mitigate counterparty risk in derivative markets by ensuring that trades are settled in a secure and efficient manner.","Based on the extra information provided, I can answer the question.

CP stands for Commercial Paper, which is a tradable debt instrument with maturities up to one year.",FALSE,"CP can refer to several things in the financial world, but I'll cover a few common meanings:

1. **Cost Plus**: In a cost-plus contract, a business or individual agrees to pay a fixed fee plus a percentage of the total cost of a project or service. For example, a contractor might charge a client $50 per hour plus 20% of the total project cost.
2. **Common Stock**: In the context of corporate finance, CP can also refer to common stock, which represents ownership in a company and gives shareholders voting rights and a claim on a portion of the company's assets and profits.
3. **Cash Pooling**: In treasury management, cash pooling refers to the practice of aggregating cash balances from multiple accounts or subsidiaries into a single account or pool, often to optimize cash flow, reduce costs, and improve liquidity.
4. **Call Premium**: In options trading, the call premium is the price an investor pays to buy a call option, which gives them the right to buy a security at a specified price (strike price) before the option expires.

If you have any specific context or industry in mind, please let me know, and I'll do my best to provide more information!",FALSE,Commercial Paper (CP) is a short-term debt instrument that companies can issue to raise funds.,FALSE,"CP can stand for several things in the financial area, but without additional context, it's difficult to",FALSE
CP on RTS/ITS ,"CP stands for ""Consultation Paper."" In the context of EMIR's Regulatory Technical Standards (RTS) and Implementing Technical Standards (ITS), a Consultation Paper is a document issued by the European Securities and Markets Authority (ESMA) to gather public feedback on proposed technical standards that are designed to implement or clarify aspects of the regulation. This process ensures that stakeholders, including market participants and industry experts, can contribute to the development of the rules governing derivatives markets.","Based on the extra information provided, I can help answer the question.

CP on RTS/ITS stands for ""Consultation Paper on Regulatory Technical Standards (RTS) and Implementing Technical Standards (ITS)"". It appears to be a document that outlines the European Union's proposal for regulatory technical standards and implementing technical standards related to financial regulations.",TRUE,"In the context of Real-Time Settlement (RTS) and Interbank Trade Settlement (ITS), CP stands for Certificate of Deposit.

A Certificate of Deposit (CD) is a type of short-term debt instrument issued by a bank or financial institution. It is essentially a time deposit with a fixed interest rate and maturity date. When a bank issues a CD, it promises to repay the principal amount along with the interest to the investor at the maturity date.

In the context of RTS/ITS, CP is used as a collateral instrument to secure transactions. This means that banks use CP as a form of collateral to ensure that the transactions are settled correctly and on time. The CP is held in a custodian account and is used to cover any potential defaults or settlement failures.

In summary, CP on RTS/ITS refers to the use of Certificate of Deposit as a collateral instrument to secure transactions and ensure timely settlement between banks.",FALSE,"Based on the provided information, ""CP on RTS/ITS"" refers to a Consultation Paper on",TRUE,"In the context of financial services and regulatory compliance, ""CP"" on RTS/ITS typically refers to",TRUE
FR on RTS/ITS ,"FR stands for ""Financial Reporting."" In the context of EMIR and its regulatory technical standards (RTS) and implementing technical standards (ITS), FR refers to the requirements that counterparties must follow for the reporting of derivative transactions to trade repositories. This ensures transparency in the derivatives market, allowing regulators to monitor risks and maintain market integrity.","Based on the extra information provided, it appears that FR stands for ""Field Repository"" and is related to reporting parties and data quality on Regulatory Technical Standards (RTS) and Implementing Technical Standards (ITS).",FALSE,"FR stands for Foreign Reserve, which is a component of a country's International Reserves (RTS/ITS). International Reserves are the foreign currencies, gold, and other reserve assets held by a country's central bank or monetary authority to settle international transactions, maintain confidence in the financial system, and stabilize the exchange rate.

Foreign Reserves specifically refer to the portion of international reserves held in foreign currencies, such as US dollars, euros, yen, and others. These reserves are used to:

1. Settle international transactions: Foreign reserves are used to make payments for imports, services, and other transactions with foreign countries.
2. Maintain exchange rate stability: Central banks can use foreign reserves to intervene in the foreign exchange market to stabilize the exchange rate and prevent excessive fluctuations.
3. Provide liquidity: Foreign reserves can be used to meet short-term liquidity needs, such as during times of financial stress or crisis.
4. Maintain confidence: Holding foreign reserves demonstrates a country's ability to manage its international transactions and maintain financial stability, which can help maintain investor confidence.

In summary, FR (Foreign Reserve) is an important component of a country's international reserves, used to facilitate international transactions, maintain exchange rate stability, provide liquidity, and maintain confidence in the financial system.",FALSE,"The information provided is repetitive and does not directly answer the question. However, based on the context,",TRUE,"FR on RTS/ITS stands for ""Fiscal Reporting.""",FALSE
CPMI ,"CPMI stands for the Committee on Payments and Market Infrastructures. It is a global standard-setting body that promotes the safety and efficiency of payment systems and market infrastructures. Within the context of EMIR, CPMI's work influences the regulatory framework for central clearing and risk management processes in financial markets, aiming to enhance systemic stability.","Based on the extra information provided, I can answer the question:

CPMI stands for Committee on Payments and Market Infrastructures, which is an international standard setter that promotes, monitors, and makes recommendations to ensure the safety and efficiency of payment, clearing, and settlement arrangements.",TRUE,"CPMI stands for Committee of Payment and Market Infrastructures. It is a committee of the Bank for International Settlements (BIS) that focuses on promoting the stability and efficiency of payment and market infrastructures, such as central banks, payment systems, and financial market infrastructures.

The CPMI was established in 2012 to address the increasing complexity and interconnectedness of payment and financial systems, as well as the need for international cooperation to mitigate risks and ensure stability. The committee's work is guided by the BIS's mission to promote international monetary and financial stability.

Some of the key areas that the CPMI focuses on include:

1. Payment systems: The CPMI works to promote the development of safe, efficient, and accessible payment systems, and to address issues such as payment security, interoperability, and competition.
2. Market infrastructures: The CPMI focuses on the development of robust and resilient financial market infrastructures, such as central counterparties, trade repositories, and securities settlement systems.
3. Cybersecurity: The CPMI works to promote the adoption of robust cybersecurity practices and standards in payment and financial systems, to mitigate the risks of cyber attacks and data breaches.
4. Financial inclusion: The CPMI aims to promote financial inclusion by improving access to financial services, particularly for underserved populations and small businesses.
5. International cooperation: The CPMI facilitates international cooperation and coordination among central banks, payment systems, and financial market infrastructures to address global financial risks and challenges.

The CPMI publishes guidelines, recommendations, and reports on various topics related to payment and market infrastructures, which are intended to inform and guide policy makers, regulators, and industry participants.",TRUE,The Committee on Payments and Market Infrastructures (CPMI) is an international standard setter that promotes,TRUE,CPMI stands for Committee on Payments and Market Infrastructures. It is a committee of the Bank,TRUE
EC,"EC stands for the European Commission, which is an institution of the European Union responsible for proposing legislation, enforcing EU law, and implementing policies. Within the context of EMIR, the European Commission plays a crucial role in developing and enforcing regulations related to derivatives trading and clearing, helping to ensure financial stability across the EU.","Based on the extra information provided, there are two definitions of EC:

1. Exchange control (EC): Foreign exchange regulations are a crucial aspect of government policies that govern the flow of funds into and out of a country.
2. Economic capital (EC): The amount of risk capital that a bank estimates it will need in order to remain solvent at a given confidence level and time.

Without more context, it is difficult to determine which definition is most relevant to the question. However, if I had to answer the question based on the provided information, I would say that EC can refer to either exchange control or economic capital, depending on the context in which it is used.",FALSE,"EC stands for Electronic Commerce, which refers to the buying and selling of goods and services over the internet. It involves the use of digital technologies, such as websites, mobile apps, and email, to facilitate commercial transactions between businesses and consumers.

In the context of finance, EC can also refer to Electronic Clearing, which is a system used to process and settle financial transactions electronically. It allows for the transfer of funds between accounts, payment processing, and other financial transactions to be conducted quickly and efficiently.

EC can also be used as an abbreviation for European Currency, which is the official currency of the European Union.",FALSE,"Based on the provided information, ""EC"" can refer to two different things:

1. **Exchange",FALSE,"EC can stand for several things depending on the context. Here are a few possibilities:

1. **",FALSE
ECB ,"The ECB, or European Central Bank, is the central bank for the eurozone, responsible for monetary policy and maintaining price stability. Within the context of EMIR, the ECB plays a crucial role in overseeing the financial system, including the regulation of derivatives trades and the stability of financial markets, which are essential for effective risk management in the trading of over-the-counter derivatives.","Based on the extra information provided, it appears that ECB can refer to two different things:

1. European Central Bank: The European Central Bank is the central component of the Eurosystem and the European System of Central Banks (ESCB) as one of seven institutions.
2. External Commercial Borrowings (ECB): External Commercial Borrowings (ECB) are commercial loans raised by an eligible Indian entity from recognised non-resident overseas lenders in foreign currency.

Without more context, it's difficult to determine which definition is most relevant. However, if you're asking about the term ""ECB"" in a financial context, I would assume you're referring to External Commercial Borrowings (ECB), which is a type of foreign currency loan raised by an eligible Indian entity from non-resident lenders.

If you could provide more context or clarify which definition you're looking for, I'd be happy to try and provide a more specific answer.",FALSE,"The European Central Bank (ECB) is the central bank of the European Union (EU). It is responsible for setting monetary policy for the eurozone, which consists of 19 of the 28 EU member states that have adopted the euro as their official currency.

The ECB is headquartered in Frankfurt, Germany, and is led by a President and a Vice-President, who are appointed by the European Council for a non-renewable term of eight years.

The ECB's main goals are to maintain price stability, promote economic growth, and ensure the stability of the financial system. To achieve these goals, the ECB uses a range of tools, including:

1. Setting interest rates: The ECB sets interest rates to influence the cost of borrowing and the overall level of economic activity.
2. Buying and selling government bonds: The ECB can buy or sell government bonds to influence the yield curve and the overall level of borrowing costs.
3. Lending to banks: The ECB provides liquidity to banks through its lending facilities, such as the main refinancing operations.
4. Supervising banks: The ECB is responsible for supervising the largest banks in the eurozone to ensure their stability and soundness.

The ECB also plays a key role in the management of the euro, including setting the official exchange rate of the euro against other currencies.",TRUE,"The European Central Bank (ECB) is the central bank for the Eurozone, which consists of",TRUE,"The ECB stands for the European Central Bank. It is the central bank for the Eurozone,",TRUE
EEA ,"The EEA, or European Economic Area, refers to an area that includes the member states of the European Union (EU) and three additional countries—Norway, Iceland, and Liechtenstein. Within the context of EMIR, the EEA is significant because the regulation applies not only to EU member states but also extends to firms and entities located in EEA countries, ensuring a consistent regulatory environment for over-the-counter derivatives across these regions.","Based on the extra information provided, I can answer the question as follows:

The European Economic Area (EEA) is an agreement that brings Iceland, Liechtenstein, and Norway into the EU's internal market, guaranteeing the same rights and obligations as EU member states. The EEA includes EU countries and also Iceland, Liechtenstein, and Norway, allowing them to be part of the EU's single market.",TRUE,"EEA stands for European Economic Area. It's a region that consists of the 28 member states of the European Union (EU), plus three additional countries: Iceland, Liechtenstein, and Norway.

The EEA agreement was established in 1994 and aims to promote economic integration and cooperation between the EU and the three non-EU countries. The agreement allows these countries to participate in the EU's single market, which provides a common set of rules and regulations for trade, services, and investment.

In practical terms, the EEA agreement means that:

* EEA countries have access to the EU's single market, which allows for the free movement of goods, services, and people.
* EEA countries adopt EU laws and regulations, with some exceptions.
* EEA countries participate in EU programs and policies, such as the Common Agricultural Policy and the Common Fisheries Policy.
* EEA countries have a say in EU decision-making, although they do not have voting rights in the EU Council.

The EEA agreement is important for businesses and individuals in the region, as it facilitates trade, investment, and economic cooperation between the EU and the EEA countries.",TRUE,The European Economic Area (EEA) is a single market that allows for the free movement of goods,FALSE,"EEA stands for Eastern European Area. It is a region that includes countries in Eastern Europe, such",FALSE
ERR ,"ERR, or the European Reporting Requirement, refers to the obligation under EMIR for certain financial and non-financial counterparties to report derivative contracts to a trade repository. This reporting is crucial for enhancing transparency in the derivatives market and enables regulators to monitor systemic risks effectively. It ensures that all OTC (over-the-counter) derivatives transactions are documented and accessible for regulatory oversight.","Based on the extra information provided, I can answer the question.

ERR can refer to two different things:

1. Entry in Error (ERR) - This is used to request a credit or debit adjustment entry made in error be investigated and reversed.
2. Economic Rate Of Return (ERR) - This is an interest rate at which the cost and benefits of a project, discounted over its life, are equal.

Without more context, it's difficult to determine which definition is most relevant. If you're referring to a financial project or investment, the second definition might be more applicable. If you're referring to an accounting or bookkeeping error, the first definition might be more relevant.

Please provide more context or clarify which ERR you're referring to, and I'll do my best to provide a more specific answer.",FALSE,"ERR stands for Economic Risk Rating. It is a financial metric used to assess the creditworthiness of a company or an individual. It is a numerical score that represents the level of risk associated with lending to or investing in a particular entity.

The ERR takes into account various factors such as the company's financial performance, debt-to-equity ratio, cash flow, and industry trends. A higher ERR score indicates a higher level of credit risk, while a lower score indicates a lower level of risk.

ERR is commonly used by financial institutions, investors, and credit rating agencies to evaluate the creditworthiness of borrowers and make informed lending decisions. It is also used to set interest rates, loan terms, and credit limits.

In general, an ERR score can range from 0 to 100, with higher scores indicating a higher level of credit risk. Here is a general breakdown of ERR scores:

* 0-20: Very low credit risk
* 21-40: Low credit risk
* 41-60: Medium credit risk
* 61-80: High credit risk
* 81-100: Very high credit risk

Keep in mind that ERR is just one of the many financial metrics used to evaluate creditworthiness, and it should be considered in conjunction with other factors such as credit reports, financial statements, and industry trends.",FALSE,"Based on the extra information provided, ""ERR"" stands for ""Entry in Error."" It is used",FALSE,"In the context of financial reporting and risk management, ""ERR"" can stand for several things depending on",FALSE
ESCB ,"The ESCB, or European System of Central Banks, comprises the European Central Bank (ECB) and the national central banks of EU member states. Within the context of EMIR, the ESCB plays a crucial role in ensuring the stability of the financial system by overseeing the implementation of monetary policy and offering liquidity support, which can affect the functioning of clearing houses involved in derivatives trading.","Based on the extra information provided, I can confidently answer that the European System of Central Banks (ESCB) is an institution that comprises the European Central Bank (ECB) and the national central banks (NCBs) of all 27 Member States.",TRUE,"ESCB stands for European System of Central Banks. It is the collective central banking system of the European Union (EU), comprising the central banks of the 19 EU member states that have adopted the euro as their official currency.

The ESCB is responsible for maintaining the stability of the financial system, promoting economic growth, and ensuring price stability in the euro area. The main objectives of the ESCB are:

1. Maintaining price stability: The ESCB aims to keep inflation low and stable, typically below 2% annual inflation rate.
2. Promoting economic growth: The ESCB supports economic growth by providing liquidity to the financial system, implementing monetary policy, and promoting financial stability.
3. Maintaining financial stability: The ESCB works to prevent and mitigate financial crises by monitoring financial markets, supervising banks, and providing emergency liquidity assistance when needed.

The ESCB is composed of the following institutions:

1. The European Central Bank (ECB): The ECB is the central bank of the euro area and is responsible for implementing monetary policy.
2. The National Central Banks (NCBs): Each EU member state with the euro has its own NCB, which is responsible for implementing monetary policy in its country.
3. The Eurosystem: The Eurosystem is the collective entity comprising the ECB and the NCBs of the euro area countries.

The ESCB plays a crucial role in maintaining financial stability and promoting economic growth in the euro area.",TRUE,The European System of Central Banks (ESCB) is an institution that comprises the European Central Bank (,TRUE,"The term ""ESCB"" is not commonly used in the financial or accounting context. It could potentially",FALSE
EU ,"The EU, or European Union, is a political and economic union of 27 European countries that collaborate on various policies and regulations, including financial services and market stability. Within the context of EMIR, the EU established this regulation to improve transparency and reduce systemic risk in the derivatives market, facilitating a safer trading environment across member states.","Based on the extra information provided, I can answer the question. According to the text, EU stands for the ""Member States of the European Union"". Therefore, EU refers to the European Union, which is a political and economic union of 27 member states located primarily in Europe.",TRUE,"EU stands for European Union, which is a political and economic union of 27 member states located primarily in Europe. The EU was established in 1993 and is headquartered in Brussels, Belgium.

The EU has three main pillars:

1. The European Community (EC): This pillar focuses on economic integration, including the free movement of goods, services, capital, and people within the EU.
2. The Common Foreign and Security Policy (CFSP): This pillar deals with the EU's external relations, including diplomacy, trade, and security.
3. Justice and Home Affairs (JHA): This pillar covers issues such as immigration, asylum, and law enforcement.

The EU has several key institutions, including:

1. The European Parliament: A directly elected body that represents the citizens of the EU.
2. The European Council: A summit of the heads of state or government of the EU member states.
3. The European Commission: The executive body of the EU, responsible for proposing legislation and implementing EU policies.
4. The European Court of Justice: The highest court in the EU, responsible for interpreting EU law.

The EU has several key goals, including:

1. Promoting economic growth and stability
2. Ensuring peace and stability in Europe
3. Protecting the environment and public health
4. Promoting social justice and equality

Some of the key benefits of being an EU member state include:

1. Access to a large single market of over 500 million consumers
2. Simplified trade and investment regulations
3. Cooperation on security and defense issues
4. Participation in EU-funded programs and projects

However, the EU also has its challenges, including:

1. Bureaucratic red tape and regulatory complexity
2. Differences in economic and social policies between member states
3. The impact of EU policies on national sovereignty
4. The ongoing debate about the UK's departure from the EU (Brexit)

Overall, the EU is a complex and multifaceted organization that plays a significant role in shaping the economic, political, and social landscape of Europe.",TRUE,The European Union (EU) is a political and economic union of 27 member states that are,TRUE,"The term ""EU"" typically refers to the European Union. The European Union is a political and economic",TRUE
FIRDS ,"FIRDS stands for the Financial Instruments Reference Data System. It is a centralized database established under EMIR that contains reference data for financial instruments traded in the European Union. FIRDS aims to enhance transparency and facilitate the accurate reporting of trades by providing essential information about instruments, such as identifiers and categories, to improve regulatory oversight.","Based on the extra information provided, FIRDS stands for Financial Instruments Reference Data System, which is a data collection infrastructure established by the European Securities and Markets Authority (ESMA).",TRUE,"FIRDS stands for Financial Instrument Reference Data System. It's a centralized database maintained by the European Securities and Markets Authority (ESMA) that contains reference data for financial instruments, such as shares, bonds, derivatives, and other securities.

The primary purpose of FIRDS is to provide a single, standardized source of financial instrument data for use by financial institutions, regulators, and market participants across the European Union (EU). This helps to ensure that financial instruments are properly identified, classified, and tracked, which is essential for maintaining market integrity, preventing fraud, and facilitating cross-border transactions.

FIRDS contains a vast amount of data, including:

1. Instrument details: issuer, issue date, maturity date, face value, coupon rate, and other relevant characteristics.
2. Issuer information: company name, country of incorporation, and other relevant details.
3. CFI (Classification of Financial Instruments) codes: a standardized classification system for financial instruments.
4. LEI (Legal Entity Identifier) codes: a unique identifier for legal entities, such as companies and organizations.

By providing a centralized and standardized source of financial instrument data, FIRDS helps to reduce errors, increase efficiency, and improve transparency in financial markets.",TRUE,FIRDS stands for Financial Instruments Reference Data System. It is a data collection infrastructure established by the,TRUE,FIRDS stands for Financial Reporting and Disclosure System.,FALSE
FSB ,"The FSB, or Financial Stability Board, is an international body that monitors and makes recommendations about the global financial system to promote stability. Established after the 2008 financial crisis, the FSB coordinates national financial authorities and international standard-setting bodies to develop and implement effective regulatory initiatives, including those related to the reporting and clearing of derivatives under regulations like EMIR.","Based on the extra information provided, I can answer the question as follows:

The Financial Stability Board (FSB) is an international body established to oversee and make recommendations for maintaining the health of the global financial system.",TRUE,"FSB stands for Financial Stability Board, which is an international organization that aims to promote financial stability by coordinating the regulation and supervision of financial institutions across the globe.

The FSB was established in 2009 in response to the global financial crisis, with the goal of strengthening the global financial system and preventing future crises. It is headquartered in Basel, Switzerland, and is composed of 24 member jurisdictions, including the G20 countries, the European Union, and several other major economies.

The FSB's main objectives are to:

1. Identify and address potential risks to financial stability
2. Develop and implement policies to promote financial stability
3. Coordinate the regulation and supervision of financial institutions
4. Enhance international cooperation and coordination on financial issues

Some of the key areas that the FSB focuses on include:

1. Banking regulation and supervision
2. Capital requirements and liquidity standards
3. Resolution of failing financial institutions
4. Shadow banking and systemically important financial institutions (SIFIs)
5. Financial market infrastructure and cyber risk

The FSB works closely with other international organizations, such as the International Monetary Fund (IMF), the Bank for International Settlements (BIS), and the World Bank, to achieve its goals and promote global financial stability.",TRUE,The Financial Stability Board (FSB) is an international body that monitors and makes recommendations about the global,TRUE,The Financial Stability Board (FSB) is an international body that monitors and makes recommendations about the global,TRUE
IOSCO ,"IOSCO stands for the International Organization of Securities Commissions. It is an association of securities regulators from around the world, aiming to standardize and enhance the international regulation of financial markets. Within the EMIR framework, IOSCO's principles and guidelines support the oversight of derivatives markets, promoting transparency, accountability, and the reduction of systemic risks.","Based on the extra information provided, I can answer the question as follows:

IOSCO is the International Organization of Securities Commissions, which is the worldwide association of national securities regulatory commissions. It is a global cooperative of securities regulatory agencies that aims to establish and maintain standards for financial markets, and is recognized as the global standard setter for financial markets.",TRUE,"IOSCO stands for International Organization of Securities Commissions. It is an international organization that brings together the world's securities regulators to share knowledge, coordinate efforts, and promote high standards of regulation and supervision in the securities industry.

IOSCO was established in 1983 and has 115 member organizations from around the world, including securities commissions, central banks, and other regulatory bodies. Its members account for more than 95% of the world's securities market capitalization.

IOSCO's main objectives are to:

1. Promote high standards of regulation and supervision in the securities industry
2. Facilitate cooperation and information sharing among its members
3. Provide a forum for its members to discuss and address common issues and challenges
4. Develop and implement international standards and guidelines for securities regulation

IOSCO plays a crucial role in promoting stability, integrity, and efficiency in the global financial system by:

1. Developing and implementing international standards and guidelines for securities regulation
2. Providing guidance and technical assistance to its members
3. Facilitating cooperation and information sharing among its members
4. Monitoring and addressing emerging risks and challenges in the securities industry

Some of the key areas that IOSCO focuses on include:

1. Market integrity and transparency
2. Investor protection and education
3. Financial stability and crisis management
4. Anti-money laundering and combating the financing of terrorism
5. Digitalization and fintech

By promoting high standards of regulation and supervision, IOSCO helps to maintain confidence in the securities markets and supports the growth and development of the global economy.",TRUE,IOSCO stands for the International Organization of Securities Commissions. It is an international body that brings,TRUE,The International Organization of Standardization (ISO) is a global organization that develops and publishes international standards for,FALSE
ISIN ,"ISIN stands for International Securities Identification Number. It is a unique code used to identify securities, such as stocks and bonds, within the financial markets. Under EMIR, ISINs are important for improving transaction reporting and transparency in derivative markets, ensuring that all parties can accurately track and manage risk associated with these financial instruments.","Based on the extra information, I can confidently answer that:

ISIN stands for International Securities Identification Number, which is a unique 12-digit alphanumeric code that identifies a specific security globally, facilitating clearing, and reducing errors in financial transactions.",TRUE,"ISIN stands for International Securities Identification Number. It's a unique alphanumeric code assigned to a security, such as a bond, stock, or mutual fund, to identify it globally. The ISIN code is used to uniquely identify a security and facilitate its trading, settlement, and reporting across different markets and countries.

ISIN codes are typically 12 characters long and consist of a combination of letters and numbers. They are used to identify a wide range of securities, including:

1. Stocks (equities)
2. Bonds (fixed-income securities)
3. Mutual funds
4. Exchange-traded funds (ETFs)
5. Structured products (e.g., options, futures, and swaps)
6. Warrants
7. Convertible bonds

ISIN codes are issued by the International Organization for Standardization (ISO) and are used in many countries around the world. They are often used in conjunction with other identifiers, such as the CUSIP (Committee on Uniform Security Identification Procedures) code, which is used in the United States.

The main benefits of ISIN codes include:

1. Uniqueness: Each ISIN code identifies a specific security, reducing the risk of errors and confusion.
2. Global recognition: ISIN codes are recognized and used globally, making it easier to trade and settle securities across borders.
3. Simplified processing: ISIN codes simplify the processing of securities transactions, as they provide a standardized way to identify and track securities.

In summary, ISIN codes are a crucial tool for identifying and tracking securities globally, facilitating efficient and accurate trading, settlement, and reporting.",TRUE,ISIN stands for International Securities Identification Number. It is a unique 12-digit number that is,TRUE,ISIN stands for International Securities Identification Number. It is a unique 12-character alphanumeric,TRUE
LEI ,"LEI stands for Legal Entity Identifier. It is a unique 20-character alphanumeric code assigned to financial market participants to help identify them in a standardized way globally. Within the EMIR framework, LEIs are essential for reporting derivative trades and transactions, ensuring transparency and reducing systemic risk in the financial system.","Based on the extra information provided, I can confidently answer the question.

LEI stands for Legal Entity Identifier, which is a unique global identifier for legal entities participating in financial transactions. It's a reference code used across markets and jurisdictions to uniquely identify a legally distinct entity, providing information about an entity's ownership structure.",TRUE,"LEI stands for Legal Entity Identifier. It's a unique 20-character alphanumeric code assigned to a legal entity, such as a company, organization, or government entity, to help identify and distinguish it from other entities.

The LEI was introduced by the Global Legal Entity Identifier Foundation (GLEIF) in 2013, and it's now widely used in financial markets, regulatory reporting, and other industries to:

1. Identify and verify the identity of legal entities
2. Reduce the risk of errors and fraud
3. Improve transparency and accountability
4. Enhance regulatory compliance

LEIs are used in various contexts, such as:

1. Securities trading and settlements
2. Derivatives and OTC markets
3. Banking and financial transactions
4. Anti-money laundering (AML) and know-your-customer (KYC) regulations
5. Corporate actions and event reporting

To obtain an LEI, an entity must provide identifying information, such as its name, address, and business activities, to an LEI issuing organization. The LEI is then issued and verified by the GLEIF.

In summary, the LEI is a unique identifier that helps to identify and distinguish legal entities, promoting transparency, accountability, and regulatory compliance in financial markets and other industries.",TRUE,The Legal Entity Identifier (LEI) is a unique global identifier for legal entities participating in financial transactions,TRUE,"LEI stands for Legal Entity Identifier. It is a unique, 20-character, alphan",TRUE
ISO ,"ISO stands for the International Organization for Standardization. In the context of EMIR, ISO refers to a set of standards that ensure the consistent and effective reporting of derivatives transactions, focusing on the interoperability and reliability of data exchanged between market participants and trade repositories. Compliance with ISO standards helps improve transparency and reduce risks in the derivatives market.","Based on the extra information provided, I can answer the question.

ISO stands for Independent Service Organization, which is a third-party company that refers merchants to acquiring banks or payment service providers.",FALSE,"ISO stands for International Organization for Standardization. It is an independent, non-governmental organization that develops and publishes international standards for a wide range of industries and sectors, including finance, technology, healthcare, and more.

In the context of finance, ISO is often used to refer to the International Organization for Standardization's standards for financial services, such as:

* ISO 9001:2008 - Quality Management Systems
* ISO 14001:2015 - Environmental Management Systems
* ISO 27001:2013 - Information Security Management Systems
* ISO 20022:2013 - Financial Services - Business Identifier Codes (BICs)

These standards provide a framework for organizations to follow, ensuring consistency, efficiency, and effectiveness in their operations, products, and services. By adopting ISO standards, organizations can demonstrate their commitment to quality, security, and sustainability, which can enhance their reputation and competitiveness.

In addition to financial services, ISO also develops standards for other areas, such as:

* ISO 4217:2015 - Currency Codes
* ISO 4218:2010 - Quantities and Units
* ISO 639-1:2002 - Codes for the Representation of Languages

Overall, ISO plays a crucial role in promoting global consistency, cooperation, and innovation by developing and maintaining international standards that benefit businesses, governments, and individuals alike.",FALSE,An ISO (Independent Sales Organization) is a third-party company that refers merchants to acquiring banks or payment,FALSE,ISO stands for International Organization for Standardization. It is a global organization that develops and publishes international standards,TRUE
MIC ,"A Market Identifier Code (MIC) is a unique code used to identify trading venues such as stock exchanges or multilateral trading facilities (MTFs) within financial markets. Under the EMIR framework, MICs help ensure transparency and accurate reporting of derivative transactions by specifying where trades are executed, facilitating effective oversight and monitoring by regulatory authorities.","Based on the extra information provided, I can determine that MIC can have two different meanings:

1. Market Identifier Code (MIC): A unique international indicator that identifies stock markets and exchanges for trading computers.
2. Mortgage Investment Corporation (MIC): A Canadian investment vehicle or an investment fund that pools capital from investors to lend borrowers in the form of private mortgages.

Without more context or information, it's difficult to determine which definition is most relevant. However, I can provide both possible answers:

* If you're referring to the financial industry, MIC likely refers to the Market Identifier Code (MIC), a unique international indicator that identifies stock markets and exchanges for trading computers.
* If you're referring to a specific type of investment or financial product, MIC likely refers to the Mortgage Investment Corporation (MIC), a Canadian investment vehicle or an investment fund that pools capital from investors to lend borrowers in the form of private mortgages.

Please provide more context or clarify which definition you're looking for, and I'll do my best to provide a more specific answer.",TRUE,"MIC stands for Microfinance Institution. Microfinance Institutions (MFIs) are organizations that provide financial services to low-income individuals and small businesses who may not have access to traditional banking services.

MICs typically offer small loans, known as microloans, to individuals or small businesses that need access to capital to start or grow their businesses. These loans are often designed to be repaid over a short period of time, such as a few months or a year, and may have lower interest rates and more flexible repayment terms than traditional loans.

MICs can take various forms, including:

1. Non-governmental organizations (NGOs)
2. Cooperatives
3. Community-based organizations
4. Commercial banks
5. Social businesses

The main goal of MICs is to promote financial inclusion by providing access to financial services to underserved populations, such as:

1. Low-income individuals
2. Small and medium-sized enterprises (SMEs)
3. Women and youth
4. Rural communities

MICs can have a positive impact on the economy by:

1. Increasing access to capital for small businesses and entrepreneurs
2. Promoting financial inclusion and reducing poverty
3. Supporting economic growth and development
4. Providing financial education and literacy training

Some well-known examples of MICs include Grameen Bank, BRAC Bank, and Kiva.",FALSE,"Based on the provided information, MIC stands for Market Identifier Code. It is a unique international indicator used",TRUE,"MIC stands for ""Market Identifier Code."" It is a unique identifier assigned to each financial instrument or market",FALSE
NCA ,"NCA stands for National Competent Authority. Within the EMIR framework, NCAs are the regulatory bodies in each EU member state responsible for overseeing and enforcing compliance with EMIR provisions, including transaction reporting and the clearing of derivatives. They play a crucial role in ensuring that market participants adhere to regulatory standards to promote transparency and financial stability.","Based on the extra information provided, I can answer the question as follows:

NCA stands for the National Cybersecurity Authority, which is the national authority in charge of cybersecurity in the Kingdom, and the national reference.",FALSE,"NCA stands for National Credit Act, which is a South African law that regulates consumer credit in the country. The National Credit Act was enacted in 2005 to promote responsible lending and borrowing practices, and to protect consumers from unfair and abusive credit practices.

The NCA sets out rules and guidelines for lenders, including banks, credit providers, and other financial institutions, to follow when granting credit to consumers. The Act also provides protections for consumers, such as:

1. Disclosure requirements: Lenders must provide clear and transparent information to consumers about the terms and conditions of credit agreements.
2. Credit scoring: Lenders must use credit scoring systems that take into account a consumer's credit history and other factors to determine their creditworthiness.
3. Credit limits: Lenders must set credit limits that are reasonable and sustainable for consumers.
4. Debt counseling: The NCA provides for debt counseling services to help consumers who are struggling with debt to get back on track.
5. Consumer rights: The NCA gives consumers the right to cancel credit agreements, dispute errors on their credit reports, and seek compensation for damages caused by unfair or abusive credit practices.

Overall, the National Credit Act is designed to promote fair and responsible lending practices, and to protect consumers from financial harm.",FALSE,The National Cybersecurity Authority (NCA) is the national authority in charge of cybersecurity in the,FALSE,"NCA stands for National Credit Authority. It is a regulatory body in some countries, such as India",FALSE
OJ ,"OJ stands for the Official Journal of the European Union. In the context of EMIR, it is where all relevant EU regulations, directives, and legal acts are published, including those pertaining to the framework of clearing and reporting derivatives. The OJ serves as the official record for legislative and regulatory activity across EU member states.","Based on the extra information, it appears that OJ is likely an acronym for Orange Juice, which is a company that provides financial advisory and investment solutions.",FALSE,"OJ can refer to several things, but in the context of finance, OJ typically stands for ""Original Issue"" or ""Original Issue Yield"". It's a term used to describe the interest rate or yield of a bond or other debt security when it's first issued.

In other words, the OJ is the rate of return that an investor can expect to earn from a bond if they hold it until its maturity date. It's often used as a benchmark to compare the yields of different bonds or to evaluate the attractiveness of a particular investment.

For example, if a 10-year government bond has an OJ of 3.5%, it means that the bond is expected to pay a total return of 3.5% over its 10-year life, assuming it's held until maturity.

Does that help clarify things?",FALSE,"Based on the provided information, ""OJ"" refers to OJ Financial Services Ltd. It is",FALSE,"OJ typically refers to the ""Orange Juice"" futures contract traded on the New York Mercant",FALSE
RSE ,"RSE stands for Risk Storage Entity. Within the context of EMIR, an RSE is an entity that is authorized to hold and manage the collateral for clearing and risk management purposes. Their role is crucial in ensuring that the financial stability and risk management requirements of derivative transactions are met, according to the regulations set out by EMIR.","Based on the extra information provided, it appears that RSE stands for Risk-Return Efficiency, as it is described as quantifying how much risk is reduced for every dollar invested in mitigation.",FALSE,"RSE stands for Return on Social Equity. It's a financial metric used to evaluate the return on investment (ROI) of social programs, initiatives, or projects that aim to create positive social impact.

RSE measures the financial return on investment in social programs, such as education, healthcare, or community development initiatives, by comparing the costs of the program to its social benefits. This helps organizations and governments assess the effectiveness of their social investments and make data-driven decisions about resource allocation.

RSE is often used in the social impact investing space, where investors look for projects that generate both financial returns and social benefits. By calculating the RSE, organizations can demonstrate the value of their social programs to stakeholders, including investors, donors, and the general public.

For example, a non-profit organization might use RSE to evaluate the effectiveness of a job training program. By comparing the costs of the program to the increased earning potential of the participants, the organization can calculate the RSE and demonstrate the program's return on investment in terms of social impact.

I hope that helps! Do you have any other questions about RSE or social impact investing?",FALSE,"Based on the provided information, RSE stands for Risk Sensitivity Evaluation. It is a framework that quant",FALSE,RSE stands for Residential Real Estate.,FALSE
SWIFT ,"SWIFT, or the Society for Worldwide Interbank Financial Telecommunication, is a cooperative that facilitates secure and standardized messaging for financial transactions between banks and financial institutions globally. In the context of EMIR, SWIFT messages are often used to communicate trade details and regulatory reporting for derivatives, helping ensure compliance with EMIR’s transparency requirements.","Based on the extra information provided, I can confidently answer that SWIFT is a vast messaging network used by financial institutions to quickly, accurately, and securely send and receive information, such as money transfer instructions.",TRUE,"SWIFT (Society for Worldwide Interbank Financial Telecommunication) is a global messaging network used by financial institutions to securely exchange financial messages and instructions. It's a critical infrastructure for international financial transactions, facilitating the exchange of information between banks, financial institutions, and other organizations.

SWIFT provides a standardized platform for financial institutions to communicate with each other, enabling the transfer of funds, securities, and other financial messages. The network uses a unique identifier, known as a BIC (Bank Identifier Code), to identify banks and financial institutions worldwide.

SWIFT's primary functions include:

1. Message transmission: SWIFT facilitates the exchange of financial messages, such as payment instructions, account information, and trade finance messages.
2. Message processing: SWIFT's network processes and validates messages to ensure accuracy and integrity.
3. Message storage: SWIFT stores messages for a certain period, allowing for retrieval and replay if needed.
4. Message security: SWIFT provides encryption and authentication to ensure the confidentiality, integrity, and authenticity of messages.

SWIFT's services are used for a wide range of financial transactions, including:

* Cross-border payments
* Securities trading
* Trade finance
* Cash management
* Treasury operations

In summary, SWIFT is a critical infrastructure for international financial transactions, enabling financial institutions to communicate securely and efficiently with each other.",TRUE,"SWIFT is a network that banks use to communicate with each other securely, mainly to give instructions for",FALSE,SWIFT (Society for Worldwide Interbank Financial Telecommunication) is a global financial messaging network that,TRUE
TR ,"A TR, or Trade Repository, is a centralized entity that collects and maintains records of derivative transactions as mandated by the European Market Infrastructure Regulation (EMIR). TRs enhance transparency in the derivatives market by providing regulators with access to detailed transaction data, which helps in monitoring systemic risk and ensuring compliance with regulatory standards.","Based on the extra information provided, it appears that TR can refer to different things depending on the context.

In the first extra information, TR is mentioned as a method of financing, specifically a Total Return Swap (TRS) or Total Revenue (TR). In this context, TR seems to be related to financial transactions.

In the second extra information, TR is mentioned as Total Revenue, which is the price of a product times the number of units sold.

However, based on the context of the question, I'm going to assume that TR refers to the Total Return Swap (TRS) or the method of financing mentioned in the first extra information.

Therefore, I would answer the question as follows:

TR is a method of financing whereby the Bank retains the legal title to the goods but relinquishes physical possession to the buyer/importer of the goods.",FALSE,"TR can refer to several things in the financial world, but I'll give you a few common meanings:

1. Treasury Rate (TR): In finance, the Treasury Rate (TR) is the interest rate paid by the U.S. government on its debt securities, such as Treasury bills, notes, and bonds. These rates are used as a benchmark for other interest rates in the economy.
2. Trading Ratio (TR): In accounting, the Trading Ratio (TR) is a financial metric that measures a company's ability to generate sales revenue from its inventory. It's calculated by dividing the cost of goods sold by the total sales revenue.
3. Total Return (TR): In investment, Total Return (TR) is the sum of an investment's capital appreciation and income (e.g., dividends or interest). It's a way to measure the overall performance of an investment over a specific period.

If you have any more context or clarify which TR you're referring to, I'd be happy to provide more information!",FALSE,"Based on the extra information provided, ""TR"" stands for ""Trade Receivables."" It",FALSE,"TR can stand for several things depending on the context. Here are a few possibilities:

1. **",FALSE
UTI ,"UTI stands for Unique Trade Identifier. In the context of EMIR, it is a code assigned to a swap transaction to ensure it can be uniquely identified in the reporting process. This helps regulators and market participants track trades accurately and enhances transparency in derivatives markets.","Based on the extra information provided, UTI can refer to different meanings. 

UTI can refer to:

1. Unit Trust of India (UTI): A statutory private sector investment body set up in 1964 to channel corporate investments through encouraging productive community savings.
2. UTI AMC (UTI Asset Management Company): One of India's leading asset management companies that manages mutual funds, portfolio management services, and retirement solutions for individual and institutional investors.
3. UTI Mutual Fund: A mutual fund launched by the Government of India in 1963, one of the oldest mutual funds in India.
4. Unique Transaction Identifier (UTI): A unique alpha-numeric code made up of 52 characters that is assigned to a securities trade, part of the ISO stable ISO 23897:2020.

Without more context, it is difficult to determine which definition is most relevant. If you could provide more information or clarify which UTI you are referring to, I would be happy to try and provide a more specific answer.",FALSE,"UTI stands for Unit Trust of India, which is a popular investment option in India. It is a type of mutual fund that pools money from various investors to invest in a diversified portfolio of securities such as stocks, bonds, and other assets.

UTI is a mutual fund company that was established in 1963 and is one of the oldest and largest mutual fund companies in India. It offers a wide range of schemes to cater to different investment objectives, risk appetites, and time horizons of investors.

UTI schemes are designed to provide investors with a convenient and cost-effective way to invest in the Indian stock market, fixed income securities, and other assets. The schemes are managed by a team of experienced fund managers who aim to generate returns for investors while minimizing risk.

Some of the popular schemes offered by UTI include:

1. UTI Equity Fund: A growth-oriented scheme that invests in equities to generate long-term capital appreciation.
2. UTI Fixed Income Fund: A debt-oriented scheme that invests in fixed income securities to generate regular income and preserve capital.
3. UTI Balanced Fund: A hybrid scheme that invests in a mix of equities and fixed income securities to provide a balanced return.
4. UTI Index Fund: A scheme that tracks a specific index, such as the NIFTY 50, to provide returns that are closely tied to the performance of the index.

Overall, UTI is a well-established and reputable mutual fund company in India that offers a range of investment options to suit different investor needs and goals.",FALSE,UTI stands for Unit Trust of India. It is an investment body that helps people invest their money,FALSE,UTI stands for Unemployment Tax Insurance. It is a type of insurance that provides financial assistance,FALSE
XML ,"XML, or Extensible Markup Language, is a flexible text format used to structure, store, and transport data. Within the context of EMIR, XML is often employed for reporting purposes, allowing financial institutions to submit standardized data about transactions and derivatives to regulatory authorities in a format that is easily processed and interpreted by systems.","Based on the extra information, I can answer the question as follows:

XML stands for Extensible Markup Language, which is a set of codes or tags that describes the text in a digital document.",TRUE,"XML (Extensible Markup Language) is a markup language that is used to store and transport data. It is a standard for storing and exchanging data between different systems, applications, and organizations.

XML is similar to HTML (Hypertext Markup Language), which is used to create web pages. However, while HTML is used to define the structure and layout of a web page, XML is used to define the structure and format of data.

XML uses a set of rules and conventions to define the structure and format of data, including:

1. Elements: XML elements are represented by tags, which are surrounded by angle brackets (< >). Elements can contain other elements, text, or a combination of both.
2. Attributes: XML attributes are used to provide additional information about an element, such as its name, value, or type.
3. Tags: XML tags are used to define the beginning and end of an element.

XML is often used for:

1. Data exchange: XML is used to exchange data between different systems, applications, and organizations.
2. Data storage: XML is used to store data in a structured and standardized format.
3. Configuration files: XML is used to store configuration settings and preferences for applications.
4. Web services: XML is used to define the structure and format of data exchanged between web services.

Some of the benefits of using XML include:

1. Platform independence: XML can be used on any platform, regardless of the operating system or programming language.
2. Language independence: XML can be used with any programming language.
3. Human-readable: XML is easy to read and understand, making it a popular choice for data exchange and storage.
4. Flexible: XML is flexible and can be used to define the structure and format of data in a wide range of applications.

Some common uses of XML include:

1. Financial data exchange: XML is used to exchange financial data between banks, stock exchanges, and other financial institutions.
2. E-commerce: XML is used to exchange product information and orders between e-commerce platforms and suppliers.
3. Healthcare: XML is used to exchange patient data and medical records between healthcare providers and insurance companies.
4. Government: XML is used to exchange data between government agencies and other organizations.

Overall, XML is a powerful and flexible markup language that is widely used in a variety of applications and industries.",TRUE,XML stands for Extensible Markup Language. It is a markup language that defines a set of,FALSE,XML stands for eXtensible Markup Language. It is a standard for encoding data that,TRUE
XSD ,"XSD stands for XML Schema Definition. In the context of EMIR, it is used to define the structure, content, and data types of XML documents that institutions use to report trades to trade repositories. This ensures that the submitted data is standardized and can be accurately processed and validated according to regulatory requirements.","Based on the extra information, I can determine that XSD stands for XML Schema Definition, which is a recommendation by the World Wide Web Consortium (W3C) to describe and validate the structure and content of an XML document.

Therefore, my answer is: XSD is a recommendation by the World Wide Web Consortium (W3C) to describe and validate the structure and content of an XML document.",TRUE,"XSD stands for XML Schema Definition. It is a language used to describe the structure and constraints of an XML (Extensible Markup Language) document. In other words, an XSD is a set of rules that defines the structure and format of an XML file, including the elements, attributes, and data types that can be used.

An XSD is typically used to:

1. Define the structure of an XML document, including the elements, attributes, and relationships between them.
2. Specify the data types of elements and attributes, such as strings, integers, dates, etc.
3. Define constraints on the data, such as required elements, maximum lengths, and valid values.
4. Define the relationships between elements, such as parent-child relationships.

XSDs are used to ensure that an XML document conforms to a specific format and structure, making it easier to process and validate the data. They are commonly used in a wide range of applications, including:

* Data exchange between systems
* Data storage and retrieval
* Web services
* Business-to-business communication

XSDs are typically written in a human-readable format, using a syntax similar to XML. They can be used to create a schema for an XML document, which can then be used to validate and process the data.

For example, an XSD might define a schema for an XML document that contains customer information, such as:

```
<?xml version=""1.0"" encoding=""UTF-8""?>
<xs:schema xmlns:xs=""http://www.w3.org/2001/XMLSchema""
           targetNamespace=""http://example.com/customer""
           xmlns:tns=""http://example.com/customer"">
  <xs:element name=""customer"">
    <xs:complexType>
      <xs:sequence>
        <xs:element name=""name"" type=""xs:string""/>
        <xs:element name=""email"" type=""xs:string""/>
        <xs:element name=""phone"" type=""xs:string""/>
      </xs:sequence>
    </xs:complexType>
  </xs:element>
</xs:schema>
```

This XSD defines a schema for an XML document that contains a single ""customer"" element, which has three child elements: ""name"", ""email"", and ""phone"". Each of these elements has a specific data type (string).",TRUE,XSD stands for XML Schema Definition. It is a recommendation by the World Wide Web Consortium (W,FALSE,"XSD stands for XML Schema Definition. It is a language used to define the structure, content,",TRUE
ESRB,"The ESRB, or European Systemic Risk Board, is an independent body established to monitor and assess risks to the stability of the European financial system, including those stemming from issues related to derivatives markets. It plays a crucial role in the regulatory framework by providing warnings and issuing recommendations to prevent and mitigate systemic risks, which are relevant to the obligations and goals set by the EMIR regulation.","Based on the extra information provided, I can confidently answer that the European Systemic Risk Board (ESRB) is a macro-prudential oversight body of the European Union (EU) established in 2010 to oversee the financial system of the EU and prevent and mitigate systemic risks to financial stability in the European Union.",TRUE,"The ESRB (Entertainment Software Rating Board) is a non-profit organization that assigns age and content ratings to video games and apps in the United States and Canada. The ESRB ratings provide parents and consumers with information about the content of a game, including its level of violence, language, and other potentially mature themes.

The ESRB uses a rating system that includes the following categories:

1. E (Everyone): Suitable for all ages
2. E10+ (Everyone 10 and older): Suitable for ages 10 and older
3. T (Teen): Suitable for ages 13 and older
4. M (Mature): Suitable for ages 17 and older
5. AO (Adults Only): Suitable for ages 18 and older
6. RP (Rating Pending): The game has not yet been rated

The ESRB also provides additional information about the content of a game, such as:

* Violence: The level of violence in the game, including the use of weapons and the depiction of harm to characters.
* Language: The level of profanity and mature language used in the game.
* Sexual Content: The level of sexual content, including suggestive dialogue and partial nudity.
* Mature Themes: The level of mature themes, including drug use, drinking, and smoking.

The ESRB ratings are designed to help parents and consumers make informed decisions about the games they purchase or rent for themselves or their children.",FALSE,The European Systemic Risk Board (ESRB) is an independent body established in 201,TRUE,"ESRB stands for ""Exchange Stabilization Reserve Board."" It is a regulatory body that was established in",FALSE
UCITS,"UCITS stands for ""Undertakings for Collective Investment in Transferable Securities."" Within the context of EMIR, it refers to investment funds that comply with a specific European Union regulatory framework designed to provide a high level of investor protection. UCITS are known for their liquidity and transparency, allowing them to be marketed across EU member states while adhering to strict investment and operational requirements.","Based on the extra information provided, I can confidently answer that UCITS stands for Undertaking for Collective Investment in Transferable Securities, which is a regulatory framework for investment funds that allows them to be marketed and sold across the borders of European Union member states.",TRUE,"UCITS stands for Undertakings for Collective Investment in Transferable Securities. It's a European Union (EU) regulatory framework that allows investment funds to be marketed across the EU with a single authorization and registration process.

UCITS funds are designed to provide a harmonized and standardized framework for investment funds, making it easier for investors to invest in a wide range of asset classes and geographic regions. The framework aims to promote investor protection, increase market efficiency, and reduce regulatory barriers.

Some key features of UCITS funds include:

1. Harmonized rules: UCITS funds are subject to a set of standardized rules and regulations, which ensures consistency across the EU.
2. Single authorization: A UCITS fund can be authorized and registered in one EU member state and then marketed across the entire EU.
3. Simplified regulatory framework: UCITS funds are subject to a streamlined regulatory framework, which reduces the administrative burden on fund managers and promotes greater transparency.
4. Investor protection: UCITS funds are designed to provide strong investor protection, with features such as depositary liability, segregation of assets, and strict risk management requirements.
5. Flexibility: UCITS funds can invest in a wide range of asset classes, including equities, bonds, commodities, currencies, and alternative investments.

UCITS funds are popular among investors due to their flexibility, diversification, and risk management features. They are also widely used by institutional investors, such as pension funds and insurance companies, as a way to invest in a diversified portfolio of assets.",TRUE,"UCITS stands for ""Undertakings for Collective Investment in Transferable Securities."" It is a",TRUE,"UCITS stands for ""Undertakings for Collective Investment in Transferable Securities."" It is a",TRUE
EBA,"The EBA, or European Banking Authority, is an independent EU authority that works to ensure effective and consistent banking regulation across the European Union. Within the context of EMIR, the EBA plays a key role in developing technical standards and guidelines that enhance the implementation and oversight of derivatives trading, thereby promoting financial stability and transparency in the EU financial markets.","Based on the extra information, I can confidently answer that EBA stands for the European Banking Authority, which is a regulatory body that aims to maintain financial stability throughout the European Union's banking industry.",TRUE,"EBA stands for European Banking Authority. It is an independent EU agency that was established in 2011 to ensure the stability of the financial system, promote financial integration, and protect consumers in the European Union.

The EBA's main objectives are to:

1. Ensure the stability of the financial system by monitoring and supervising banks, credit institutions, and other financial institutions.
2. Promote financial integration by fostering a single market for financial services in the EU.
3. Protect consumers by ensuring that financial institutions operate in a fair and transparent manner.
4. Provide guidance and recommendations to financial institutions on best practices and regulatory requirements.

The EBA achieves these objectives by:

1. Developing and implementing EU-wide regulatory standards and guidelines.
2. Conducting regular stress tests and risk assessments of financial institutions.
3. Providing guidance and support to national supervisors and financial institutions.
4. Conducting investigations and enforcement actions against financial institutions that violate EU regulations.

The EBA is headquartered in Paris, France, and is composed of representatives from the 27 EU member states, as well as the European Commission and the European Parliament.",TRUE,The European Banking Authority (EBA) is an independent regulatory agency responsible for regulating and supervising all,TRUE,EBA stands for European Banking Authority. It is an independent European Union (EU) authority that contributes,TRUE
EIOPA,"EIOPA stands for the European Insurance and Occupational Pensions Authority. It is a regulatory body of the European Union that aims to ensure effective and consistent regulation and supervision of insurance and pension sectors across member states. While not directly part of EMIR, EIOPA plays a role in the broader financial regulatory framework that includes oversight of risks related to insurance and pensions, which can intersect with derivatives and risk management principles set forth in EMIR.","Based on the extra information provided, EIOPA stands for the European Insurance and Occupational Pensions Authority, which is a European Union financial regulatory institution.",TRUE,"EIOPA stands for European Insurance and Occupational Pensions Authority. It is a European Union agency responsible for the regulation and supervision of insurance and occupational pensions in the European Union.

EIOPA was established in 2011 as a result of the European Union's Solvency II directive, which aimed to harmonize insurance regulation across the EU. EIOPA's main objective is to ensure a high level of protection for policyholders and pension scheme members, while also promoting a stable and efficient insurance and pensions market in the EU.

Some of EIOPA's key responsibilities include:

1. Regulating and supervising insurance and occupational pension companies to ensure they have sufficient capital and are operating in a sound and prudent manner.
2. Setting and enforcing regulatory standards for insurance and occupational pensions, including capital requirements, solvency margins, and risk management practices.
3. Conducting regular monitoring and inspections of insurance and occupational pension companies to identify and address potential risks and weaknesses.
4. Providing guidance and advice to national authorities and insurance companies on regulatory matters.
5. Collecting and analyzing data on the insurance and pensions sector to identify trends and risks, and to inform policy decisions.

EIOPA works closely with national authorities, the European Commission, and other EU agencies to achieve its objectives. Its work has a significant impact on the insurance and pensions industry in the EU, and helps to ensure that policyholders and pension scheme members have confidence in the stability and security of their financial products.",TRUE,EIOPA stands for the European Insurance and Occupational Pensions Authority. It is a European Union,TRUE,EIOPA stands for the European Insurance and Occupational Pensions Authority. It is the European Union,TRUE
TFEU,"TFEU stands for the Treaty on the Functioning of the European Union. It is one of the two main treaties that constitute the constitutional basis for the European Union, alongside the Treaty on European Union (TEU). Within the context of EMIR, the TFEU provides the legal framework that underpins EU legislation, including financial regulations like EMIR, affecting the functioning of the internal market and ensuring compliance with competition laws.","Based on the extra information provided, I can answer the question.

TFEU stands for Treaty on the Functioning of the European Union. It is one of the two primary treaties of the EU, alongside the Treaty on European Union (TEU), and forms the detailed basis of EU law.",TRUE,"TFEU stands for Treaty on the Functioning of the European Union. It is a legal document that outlines the rules and principles governing the functioning of the European Union (EU). The TFEU is one of the three main treaties that form the foundation of the EU, along with the Treaty on European Union (TEU) and the Treaty on the European Atomic Energy Community (Euratom Treaty).

The TFEU was signed in 2007 and came into force in 2009, replacing the Treaty establishing the European Community (TEC) and the Treaty on the European Union (TEU). The TFEU sets out the EU's competences, the powers of its institutions, and the rights and obligations of its member states and citizens.

The TFEU covers a wide range of areas, including:

1. The internal market and competition policy
2. Economic and monetary policy
3. Employment and social policy
4. Agriculture and fisheries
5. Environment and climate change
6. Justice and home affairs
7. Foreign and security policy
8. Institutional and procedural matters

The TFEU also establishes the EU's budget and provides for the EU's institutional framework, including the European Parliament, the European Council, the Council of the European Union, the European Commission, and the European Court of Justice.

In the context of financial markets and institutions, the TFEU plays a crucial role in shaping the EU's financial regulation and supervision framework. For example, it provides the legal basis for the EU's banking union, the single supervisory mechanism, and the European Central Bank's (ECB) role in monetary policy.",TRUE,TFEU stands for Treaty on the Functioning of the European Union. It is one of the two,TRUE,TFEU stands for Treaty on the Functioning of the European Union.,TRUE
IORP,"IORP stands for Institutions for Occupational Retirement Provision. Within the EMIR regulatory framework, IORPs are pension funds that manage assets for employee retirement benefits and are subject to specific regulatory requirements to ensure the protection of beneficiaries' interests and the stability of the financial system. EMIR has implications for IORPs, particularly regarding their engagement in derivatives trading, which must comply with EMIR reporting, clearing, and risk mitigation standards.","Based on the extra information, I can confidently answer that IORP stands for Institutions for Occupational Retirement Provision, which is a European Union regulation that oversees occupational pension schemes.",TRUE,"IORP stands for Institutions for Occupational Retirement Provision. It's a type of pension fund or retirement plan that is designed to provide a retirement income for employees in a specific industry or sector.

IORPs are typically established by employers or industry associations to provide a defined benefit pension plan for their employees. The plan is funded by contributions from the employer and/or employees, and the assets are managed by a professional investment manager.

IORPs are subject to specific regulations and requirements, which vary depending on the country and jurisdiction. In the European Union, for example, IORPs are regulated by the Institutions for Occupational Retirement Provision Directive (IORP Directive), which sets out minimum requirements for the governance, risk management, and investment of IORPs.

IORPs can take various forms, including:

1. Defined benefit plans: These plans promise a specific retirement income to employees based on their salary and years of service.
2. Defined contribution plans: These plans provide a retirement income based on the contributions made by the employer and/or employees, and the investment returns earned on those contributions.
3. Hybrid plans: These plans combine elements of defined benefit and defined contribution plans.

IORPs play an important role in providing retirement security for employees and can be an important part of a company's overall employee benefits package.",TRUE,IORP stands for Institutions for Occupational Retirement Provision. It is a European Union,TRUE,"IORP stands for ""Institutional Occupational Retirement Plan."" It is a type of",FALSE
AIF,"AIF stands for Alternative Investment Fund. Within the context of EMIR, AIFs are investment funds that are not covered by the EU's UCITS (Undertakings for Collective Investment in Transferable Securities) directive. EMIR applies to AIFs particularly when they engage in derivative transactions, as these funds must comply with reporting and risk mitigation requirements set out in the regulation.","According to the extra information, an AIF (Accredited Investment Fiduciary) is a professional designation awarded to individuals who have demonstrated a comprehensive understanding of fiduciary responsibility. It is a certification administered by Fi360, formerly known as the Center for Fiduciary Studies, and is designed to demonstrate that a financial advisor or investment fiduciary has mastered specialized knowledge of fiduciary standards of care and how those standards apply to the investment management process.",FALSE,"AIF stands for Alternative Investment Fund. An Alternative Investment Fund (AIF) is a type of investment vehicle that pools money from multiple investors to invest in assets that are not traditional stocks and bonds, such as private equity, real estate, commodities, or hedge funds.

AIFs are designed to provide investors with access to a diversified portfolio of alternative investments, which can offer higher returns and lower correlations with traditional asset classes. AIFs can be structured as a limited partnership, limited liability company, or other types of entities.

AIFs are typically used by institutional investors, such as pension funds, endowments, and family offices, as well as high-net-worth individuals who are looking to diversify their investment portfolios. AIFs can offer a range of benefits, including:

1. Diversification: AIFs can provide investors with exposure to a range of alternative assets, which can help to reduce risk and increase potential returns.
2. Professional management: AIFs are typically managed by experienced investment professionals who have a deep understanding of the alternative investment landscape.
3. Liquidity: AIFs can offer investors a range of liquidity options, including daily, quarterly, or annual redemptions.
4. Tax efficiency: AIFs can be structured to minimize tax liabilities and maximize after-tax returns.

However, AIFs also come with some risks and challenges, including:

1. Complexity: AIFs can be complex and difficult to understand, especially for individual investors.
2. Illiquidity: Some AIFs may have limited liquidity, making it difficult for investors to redeem their investments.
3. Fees: AIFs often charge fees to investors, which can eat into returns.
4. Regulatory risks: AIFs are subject to a range of regulations and oversight, which can impact their operations and returns.

Overall, AIFs can be a valuable tool for investors looking to diversify their portfolios and potentially increase returns, but it's important to carefully consider the risks and challenges involved before investing.",TRUE,"Based on the provided information, AIF stands for Alternative Investment Fund. It is defined under the Alternative",FALSE,AIF stands for Alternative Investment Fund. It is a type of investment fund that invests in assets,TRUE
AIFM,"AIFM stands for Alternative Investment Fund Manager. Within the context of EMIR, an AIFM is a firm that manages alternative investment funds (AIFs), which include hedge funds, private equity funds, and real estate funds. AIFMs must comply with specific regulatory requirements, including risk management and reporting obligations, to ensure transparency and stability in the financial markets.","Based on the extra information provided, I can confidently answer the question:

AIFM stands for Alternative Investment Fund Manager, which is a regulated legal entity responsible for managing one or more Alternative Investment Fund (AIF) schemes.",TRUE,"AIFM stands for Alternative Investment Fund Manager. It is a regulatory framework that governs the management of alternative investment funds (AIFs) in the European Union.

An AIF is a collective investment scheme that pools money from multiple investors to invest in assets that are not typically held in a traditional portfolio, such as private equity, hedge funds, real estate, or commodities. AIFMs are responsible for managing these funds and making investment decisions on behalf of the investors.

The AIFM Directive was introduced in 2011 to harmonize the regulation of AIFs across the EU and to provide a level playing field for AIFMs. The directive sets out a range of requirements for AIFMs, including:

1. Authorization: AIFMs must be authorized by the relevant regulatory authority in their home country before they can manage an AIF.
2. Risk management: AIFMs must have a robust risk management system in place to identify, assess, and mitigate risks to the AIF.
3. Disclosure: AIFMs must provide investors with clear and transparent information about the AIF, including its investment strategy, risks, and fees.
4. Governance: AIFMs must have a governance structure in place that ensures the AIF is managed in the best interests of the investors.
5. Reporting: AIFMs must provide regular reports to the regulatory authority and investors, including information about the AIF's performance and risk profile.

The AIFM Directive has been implemented in all EU member states, and AIFMs that operate in the EU must comply with its requirements. The directive has helped to increase transparency and investor protection in the alternative investment industry, and has provided a framework for AIFMs to operate in a more consistent and harmonized way across the EU.",TRUE,"AIFM stands for Alternative Investment Fund Manager. It is a regulated legal entity responsible for, at",TRUE,AIFM stands for Alternative Investment Fund Manager. It refers to a manager of an alternative investment fund,TRUE
AIFMD,"AIFMD stands for the Alternative Investment Fund Managers Directive. It is a European Union regulation that provides a framework for the regulation of managers of alternative investment funds, such as hedge funds and private equity funds. AIFMD aims to enhance investor protection and promote the stability of the financial system by establishing rules for authorization, management, and transparency of alternative investment fund managers.","Based on the extra information provided, I can confidently answer that AIFMD stands for Alternative Investment Fund Managers Directive, which is a European Union (EU) regulation that applies to alternative investments.",TRUE,"AIFMD stands for Alternative Investment Fund Managers Directive. It's a European Union (EU) regulation aimed at harmonizing the rules and regulations for alternative investment fund managers (AIFMs) who manage alternative investment funds (AIFs) in the EU.

The AIFMD was introduced in 2011 and came into effect in 2013. Its main objective is to ensure that AIFMs operate in a safe and sound manner, while also providing a level playing field for all AIFMs operating in the EU.

The directive applies to AIFMs that manage AIFs, such as hedge funds, private equity funds, real estate funds, and other types of alternative investment funds. The regulation sets out specific requirements for AIFMs, including:

1. Authorization and registration: AIFMs must obtain authorization from their home country's financial regulator before operating in the EU.
2. Risk management: AIFMs must implement robust risk management systems to ensure the safe and sound operation of their funds.
3. Disclosure: AIFMs must provide transparent and timely disclosure to investors about the fund's activities, risks, and performance.
4. Governance: AIFMs must have effective governance structures in place, including independent boards and committees.
5. Depositaries: AIFMs must appoint a depositary to hold and safeguard the fund's assets.
6. Remuneration: AIFMs must have remuneration policies in place that align with the fund's risk-taking and are fair to investors.

The AIFMD also introduces a number of other requirements, including:

* AIFMs must report to their home country's financial regulator on a regular basis.
* AIFMs must conduct regular stress tests to ensure the fund's ability to withstand market volatility.
* AIFMs must have a robust compliance function in place to ensure compliance with the directive's requirements.

Overall, the AIFMD aims to enhance investor protection, improve market transparency, and promote the stability of the financial system by ensuring that AIFMs operate in a safe and sound manner.",TRUE,The Alternative Investment Fund Managers Directive (AIFMD) is a European Union (EU) regulation,TRUE,AIFMD stands for Alternative Investment Fund Managers Directive. It is a European Union directive that aims,TRUE
CCP,"CCP stands for Central Counterparty. In the context of EMIR, a CCP acts as an intermediary between buyers and sellers in derivative transactions, which helps reduce counterparty risk by guaranteeing the trade’s completion. By clearing trades through a CCP, market participants can achieve greater stability and transparency in the financial markets.","Based on the extra information provided, a CCP (Central Counterparty) is a financial market infrastructure organization that takes on counterparty risk between the buyer and seller of a trade. It interposes itself between the original counterparties of a financial market, and this process is known as novation.",TRUE,"CCP stands for Credit Card Processing. It refers to the process of accepting and processing credit card payments from customers, typically through a merchant account. This involves verifying the customer's credit card information, authorizing the transaction, and settling the funds with the credit card company.

In a broader sense, CCP can also refer to the company or organization that provides the credit card processing services to merchants, such as payment gateways, payment processors, or merchant acquirers. These companies typically provide the necessary infrastructure, technology, and support to enable merchants to accept credit card payments securely and efficiently.

Some common types of CCP services include:

1. Payment Gateway: A payment gateway is a service that enables online merchants to accept credit card payments by connecting to the payment processor and transmitting payment information.
2. Payment Processor: A payment processor is a company that handles the transaction processing, including verifying the customer's credit card information, authorizing the transaction, and settling the funds with the credit card company.
3. Merchant Acquirer: A merchant acquirer is a company that acts as an intermediary between the merchant and the payment processor, providing the necessary infrastructure and support to enable merchants to accept credit card payments.

Overall, CCP is an essential part of e-commerce and brick-and-mortar businesses, allowing merchants to accept credit card payments and provide a convenient payment option for their customers.",FALSE,A central counterparty clearing house (CCP) is an entity that facilitates trading in European derivatives and,TRUE,"A CCP, or Central Counterparty, is an entity that acts as an intermediary in financial transactions",TRUE
CSD,"CSD stands for Central Securities Depository. Within the EMIR regulatory framework, a CSD is an institution that holds and administers securities such as stocks and bonds in electronic form, facilitating their settlement and ensuring the efficient transfer of ownership. CSDs play a crucial role in reducing risk and enhancing the efficiency of securities transactions in the financial markets.","Based on the extra information provided, I can answer the question.

A CSD stands for Central Securities Depository. It is a financial market infrastructure that provides the safekeeping of securities such as shares and bonds.",TRUE,"CSD stands for Central Securities Depository. It's a financial institution that acts as a central repository for securities, such as stocks, bonds, and other financial instruments. CSDs play a crucial role in the settlement process, which is the process of transferring ownership of securities from one party to another.

In a CSD, securities are electronically registered and recorded, and the ownership of each security is tracked and updated in real-time. This allows for efficient and secure trading, settlement, and custody of securities.

CSDs typically provide a range of services, including:

1. Securities settlement: CSDs facilitate the transfer of ownership of securities from one party to another.
2. Custody: CSDs hold and safeguard securities on behalf of their clients.
3. Registry: CSDs maintain a record of the ownership and details of each security.
4. Clearing: CSDs facilitate the clearing of trades, ensuring that buyers and sellers are properly matched.

CSDs are essential for the functioning of financial markets, as they provide a safe and efficient way to trade and settle securities. They also help to reduce the risk of fraud and errors, and provide a high level of transparency and accountability.

Some examples of CSDs include:

* Euroclear
* Clearstream
* NSC (National Securities Clearing Corporation)
* DTCC (Depository Trust & Clearing Corporation)

I hope that helps! Let me know if you have any further questions.",TRUE,CSD stands for Central Securities Depository. It is a financial market infrastructure that provides safekeeping,TRUE,Central Securities Depository,TRUE
CICI,"CICI stands for CFTC Interim Compliant Identifier. In the context of EMIR, it is a unique identifier used to help ensure transparency in financial transactions by identifying entities involved in OTC (over-the-counter) derivatives markets. The CICI is essential for reporting requirements under EMIR, facilitating better data management and regulatory oversight.","Based on the extra information, I can answer that CICI stands for ""CFTC interim compliant identifiers,"" which were used by the CFTC (Commodity Futures Trading Commission) in the US.",TRUE,"CICI stands for Credit Information Company (India). It is a private company that provides credit information and credit scoring services to banks, financial institutions, and other lenders in India.

CICI is a licensed credit information company under the Credit Information Companies (Regulation) Act, 2005. Its primary function is to collect and maintain credit information on individuals and businesses, and provide this information to lenders to help them assess the creditworthiness of borrowers.

CICI's credit information database contains detailed credit information on millions of individuals and businesses, including their credit history, payment patterns, and other relevant financial information. This information is used by lenders to make informed decisions about lending, such as whether to approve a loan, the interest rate to charge, and the credit limit to set.

Some of the services offered by CICI include:

1. Credit reports: CICI provides detailed credit reports on individuals and businesses, which include their credit history, payment patterns, and other relevant financial information.
2. Credit scoring: CICI uses advanced algorithms to generate credit scores for individuals and businesses, which are used to assess their creditworthiness.
3. Credit monitoring: CICI offers credit monitoring services, which allow individuals and businesses to track their credit report and receive alerts when changes are made.
4. Credit risk assessment: CICI provides credit risk assessment services, which help lenders to assess the creditworthiness of borrowers and make informed lending decisions.

Overall, CICI plays a critical role in the Indian financial system by providing credit information and credit scoring services to lenders, which helps to promote financial inclusion and reduce the risk of bad loans.",FALSE,"Based on the provided information, CICI stands for ""Commodity Interchange and Clearing",FALSE,CICI stands for Commercial and Industrial Credit Insurance. It is a type of insurance that protects businesses,FALSE
CT,"CT stands for ""Clearing Threshold."" In the context of EMIR, it refers to the thresholds set for the notional amount of derivatives contracts that a counterparty can enter into before they are required to clear those transactions through a central counterparty (CCP). These thresholds are important for determining which entities must comply with EMIR's clearing obligations, ensuring that risks associated with derivatives are managed appropriately.","Based on the extra information provided, CT stands for Castle Transmission (Finance) plc, which is a company incorporated in England and Wales with registered number 3347387.",FALSE,"CT can refer to several things in the financial world, but I'll provide you with a few common meanings:

1. Current Tax: CT can stand for Current Tax, which is the amount of taxes owed to the government on a specific date, usually the tax filing deadline.
2. Credit Transaction: CT can also refer to a Credit Transaction, which is a type of financial transaction where a customer's account is credited with a specific amount, often resulting in a positive balance.
3. Certificate of Title: In some countries, CT stands for Certificate of Title, which is a document that serves as proof of ownership for a specific asset, such as a vehicle or property.
4. Cost-to-Cost: In project management, CT can stand for Cost-to-Cost, which is a ratio that compares the total cost of a project to the total budget, helping to track progress and identify potential issues.

If you could provide more context or clarify which CT you're referring to, I'd be happy to help you further!",FALSE,"Based on the extra information provided, ""CT"" stands for Castle Transmission (Finance) plc",FALSE,"CT typically stands for ""Counterparty"" in the context of financial derivatives and clearing organizations. In the",FALSE
EMIR,"EMIR, or the European Market Infrastructure Regulation, is a regulation enacted by the European Union aimed at increasing transparency and reducing systemic risks in the derivatives market. It requires market participants to report derivative trades to trade repositories, ensure central clearing for certain derivatives, and manage counterparty risk through risk mitigation techniques. This framework helps promote stability and oversight in the financial markets.","Based on the extra information provided, EMIR stands for the European Market Infrastructure Regulation, which aims to reduce systemic risk, increase transparency, and strengthen the infrastructure of financial markets. Specifically, it regulates the way in which over-the-counter (OTC) derivatives are traded and reported.",TRUE,"EMIR stands for European Market Infrastructure Regulation. It's a European Union (EU) regulation that aims to improve the transparency, accountability, and stability of the financial markets in the European Union.

EMIR was introduced in 2012 and came into effect in 2013. Its main objective is to reduce the risk of financial crises by:

1. Improving the transparency of over-the-counter (OTC) derivatives markets: EMIR requires that all OTC derivatives, including swaps, options, and forwards, be reported to trade repositories (TRs) and cleared through central counterparties (CCPs).
2. Enhancing risk management: EMIR introduces stricter risk management requirements for financial institutions, including capital requirements, margining, and collateralization.
3. Strengthening the regulation of CCPs: EMIR sets out rules for the operation, supervision, and regulation of CCPs, which are critical to the stability of the financial system.
4. Improving the regulation of TRs: EMIR requires TRs to be registered and supervised by national authorities, and to report data on OTC derivatives to the European Securities and Markets Authority (ESMA).

EMIR applies to all financial institutions operating in the EU, including banks, investment firms, insurance companies, and pension funds. It also applies to non-EU institutions that operate in the EU or have significant EU-based activities.

By improving the transparency, risk management, and regulation of OTC derivatives markets, EMIR aims to reduce the risk of financial crises and promote financial stability in the EU.",TRUE,EMIR stands for European Market Infrastructure Regulation. It is an EU regulation that came into force on ,TRUE,EMIR stands for European Market Infrastructure Regulation. It is a European Union (EU) regulation that aims,TRUE
ESMA,"ESMA stands for the European Securities and Markets Authority, an independent EU authority established to enhance investor protection and promote stable and orderly financial markets in the European Union. In the context of EMIR, ESMA plays a crucial role in the regulation of derivatives markets by providing guidelines, ensuring compliance, and supervising central counterparties (CCPs) and trade repositories to enhance transparency and reduce systemic risk.","Based on the extra information provided, I can confidently answer that ESMA stands for the European Securities and Markets Authority, which is the EU's financial markets regulator and supervisor.",TRUE,"ESMA stands for European Securities and Markets Authority. It is an independent EU authority that is responsible for the regulation and supervision of financial markets in the European Union.

ESMA was established in 2011 and is headquartered in Paris, France. Its main objectives are to ensure the stability and integrity of the financial markets, to protect investors, and to promote the development of a single market for financial services in the EU.

Some of ESMA's key responsibilities include:

1. Supervising and regulating financial markets, including stock exchanges, central counterparties, and trading venues.
2. Conducting surveillance and monitoring of financial markets and institutions.
3. Providing guidance and advice to national regulators and financial institutions.
4. Developing and implementing EU financial regulations and standards.
5. Coordinating with other EU authorities, such as the European Banking Authority (EBA) and the European Insurance and Occupational Pensions Authority (EIOPA).

ESMA's work is focused on a range of areas, including:

1. Market infrastructure: ESMA regulates and supervises the EU's financial markets infrastructure, including stock exchanges, central counterparties, and trading venues.
2. Financial instruments: ESMA regulates and supervises the EU's financial instruments, including securities, derivatives, and other financial products.
3. Market conduct: ESMA monitors and enforces market conduct rules, including rules on insider dealing, market manipulation, and other forms of financial misconduct.
4. Investor protection: ESMA works to protect investors by promoting transparency, fairness, and integrity in financial markets.
5. Financial stability: ESMA works to ensure the stability of the financial system by monitoring and addressing potential risks and vulnerabilities.

Overall, ESMA plays a critical role in promoting financial stability, protecting investors, and ensuring the integrity of financial markets in the European Union.",TRUE,ESMA stands for the European Securities and Markets Authority. It is an independent European Union authority that,TRUE,ESMA stands for the European Securities and Markets Authority. It is an independent European Union (EU,TRUE
ETD,"ETD stands for Exchange-Traded Derivatives. Within the EMIR framework, ETDs refer to standardized contracts that are traded on regulated exchanges, such as futures and options. These derivatives are subject to specific reporting, clearing, and risk management requirements under EMIR to enhance transparency and reduce systemic risk in the financial markets.","Based on the extra information provided, ETD stands for Exchange-Traded Derivatives. According to the definition, ETDs are financial contracts traded on regulated exchanges, deriving value from underlying assets.",TRUE,"ETD stands for Estimated Total Due, which is a term commonly used in the financial industry, particularly in the context of credit card transactions.

In simple terms, ETD refers to the total amount of money that a credit card holder is expected to pay, including the principal amount, interest charges, and any other fees, over a specific period of time. This amount is typically estimated by the credit card issuer based on the outstanding balance, interest rate, and other factors.

ETD is often used by credit card companies to provide customers with a better understanding of their financial obligations and to help them plan their payments. It's also used by credit card holders to track their progress in paying off their debt and to make informed decisions about their financial management.

For example, if a credit card holder has an outstanding balance of $1,000 with an interest rate of 18%, their ETD might be $1,200 over the next 6 months, taking into account the interest charges and fees. This would give them a better idea of how much they need to pay each month to pay off the debt within the specified timeframe.",FALSE,ETD stands for Exchange-Traded Derivative. It is a financial contract that is traded on regulated,TRUE,"ETD stands for ""End of Day"" or ""End of Trading Day."" It refers to the",FALSE
FC,"In the context of EMIR, ""FC"" stands for ""Financial Counterparty."" This term refers to entities such as banks, investment firms, and insurance companies that engage in financial transactions subject to EMIR regulations. Financial counterparties are required to comply with various EMIR obligations, including reporting trades and clearing certain derivatives through authorized central counterparties (CCPs).","Based on the extra information, I can answer that FC stands for Free Cash Flow.",FALSE,"FC can refer to several things in the financial world. Here are a few possible meanings:

1. Fixed Charge: In accounting and finance, a fixed charge refers to a debt obligation that has a fixed amount and is due at a specific date. Examples of fixed charges include bond payments, loan installments, and lease payments.
2. Foreign Currency: FC is also an abbreviation for foreign currency, which is a currency that is not the official currency of the country where it is being used. For example, if a company is doing business in the United States but is paid in euros, the euros would be considered foreign currency.
3. Financial Controller: In some companies, the FC is a senior finance professional who is responsible for managing the company's financial operations, including budgeting, forecasting, and financial reporting.
4. Financial Condition: FC can also refer to a company's financial condition, which is a snapshot of its financial health at a particular point in time. This can include metrics such as debt-to-equity ratio, current ratio, and return on equity.

Without more context, it's difficult to determine which meaning is most relevant. If you have any additional information or clarification, I'd be happy to try and provide a more specific answer.",FALSE,"Based on the extra information provided, ""FC"" likely refers to ""Free Cash Flow"" (FC",FALSE,"FC can stand for several things in the financial context, but without more specific information, it's challenging",FALSE
FC+,"FC+ stands for ""Financial Counterparty Plus."" In the EMIR regulatory framework, this term refers to a category of entities that are considered financial counterparties and are subject to specific EMIR requirements, such as clearing obligations, but that fall into a more complex classification due to their activities or size. Generally, FC+ entities are those that engage in certain types of derivatives trading and may have increased regulatory scrutiny compared to standard financial counterparties.","Based on the extra information provided, I did not find any mention of ""FC+"" or ""FC-"". The extra information seems to be related to free cash flow (FCF), free cash flow to firm (FCFF), and free cash flow to equity (FCFE), but it does not mention FC+ or FC- specifically.

Therefore, I must answer that I do not know what FC+ is. If you could provide more context or information about FC+, I would be happy to try and help you further.",FALSE,"FC+ stands for Financial Center Plus, which is a premium banking program offered by Capital One. It's designed to provide high-end banking services and benefits to individuals who have a high net worth or a large amount of financial assets.

As an FC+ member, you can expect to enjoy a range of exclusive benefits, including:

1. Priority customer service: Dedicated phone lines and online support for quick and personalized assistance.
2. Enhanced account features: Higher cash withdrawal limits, increased credit limits, and more.
3. Investment and financial planning: Access to experienced financial advisors and investment professionals.
4. Travel insurance and assistance: Travel-related insurance coverage and 24/7 travel assistance.
5. Event invitations: Exclusive invitations to events, such as concerts, sports games, and charity functions.
6. Concierge services: Assistance with tasks like booking travel, making reservations, and more.
7. Premium rewards: Higher rewards earning rates and more redemption options.

FC+ is typically offered to individuals who have a significant amount of assets or income, and it's designed to provide a more personalized and high-end banking experience.",FALSE,"Based on the extra information provided, ""FC+"" is not explicitly defined. However, it is mentioned",FALSE,"FC+ is a term used in the context of financial accounting and reporting, particularly in the United States",FALSE
FX,"FX stands for Foreign Exchange, which refers to the global marketplace where currencies are traded. Within the context of EMIR, FX transactions can involve derivatives that are subject to regulation, requiring reporting and potentially clearing if they meet certain thresholds. EMIR aims to increase transparency and reduce risks associated with these transactions in the financial markets.","Based on the extra information, I can answer that FX refers to the global marketplace for the exchange of currencies, also known as the foreign exchange market.",TRUE,"FX, also known as the Foreign Exchange Market or Forex, is the global market where individuals, businesses, and institutions trade currencies. It's a decentralized market that operates 24/7, with transactions taking place over-the-counter (OTC) between banks, financial institutions, and individual traders.

In the FX market, currencies are traded in pairs, known as currency pairs, with the exchange rate being the price of one currency in terms of another. For example, the exchange rate for the EUR/USD currency pair might be 1.1000, meaning that one euro can be exchanged for 1.1000 US dollars.

The FX market is the largest and most liquid financial market in the world, with a daily trading volume of over $6 trillion. It's a key component of international trade, finance, and investment, as it allows individuals and businesses to convert one currency to another for various purposes, such as:

1. International trade: Companies import and export goods and services, and need to exchange currencies to settle transactions.
2. Investment: Investors buy and sell currencies to speculate on exchange rate movements or to hedge against currency risks.
3. Travel: Individuals exchange currencies for personal travel and tourism purposes.
4. Remittances: Individuals send money to family and friends abroad.

FX trading involves various types of transactions, including spot trades, forwards, futures, options, and swaps. Spot trades involve the immediate exchange of currencies, while other types of trades involve agreements to exchange currencies at a later date or under specific conditions.

As a financial assistant, I can help you with FX-related queries, such as understanding exchange rates, calculating currency conversions, or providing insights on market trends and analysis. Feel free to ask me any questions you may have!",TRUE,"FX stands for Foreign Exchange, which is the global marketplace for the exchange of currencies. It determines the",TRUE,"FX stands for Foreign Exchange, which is the global market for trading currencies. It is the largest and",TRUE
MiFID,"MiFID stands for the Markets in Financial Instruments Directive. It is a European Union regulation that aims to increase transparency and enhance the protection of investors in the financial markets. While MiFID primarily governs the trading of financial instruments, it interacts with EMIR by ensuring that derivatives trades are executed and reported transparently, thereby supporting the overall objectives of financial stability and systemic risk reduction.","Based on the extra information, I can answer the question as follows:

MiFID stands for Markets in Financial Instruments Directive, which is a European Union regulatory framework that aims to increase transparency in the operation of financial markets. It was introduced in 2007 to create a single market for financial services within the EU.",TRUE,"MiFID stands for Markets in Financial Instruments Directive. It's a European Union (EU) regulatory framework that aims to harmonize the rules and regulations governing financial markets and financial instruments within the EU.

MiFID was first introduced in 2004 and has undergone several revisions since then. The main goal of MiFID is to create a more integrated and efficient financial market in the EU by:

1. Harmonizing rules and regulations across member states
2. Improving investor protection
3. Enhancing market transparency and integrity
4. Reducing barriers to entry for new market participants

MiFID applies to various financial services, including:

1. Investment firms (e.g., banks, brokerages)
2. Financial institutions (e.g., insurance companies, pension funds)
3. Market operators (e.g., stock exchanges, trading platforms)
4. Financial instruments (e.g., stocks, bonds, derivatives, ETFs)

Some key aspects of MiFID include:

1. Investor protection: MiFID requires financial institutions to provide clear and transparent information to clients, ensure fair treatment, and protect their assets.
2. Best execution: Investment firms must execute trades at the best possible price and terms for their clients.
3. Organizational requirements: Financial institutions must have adequate systems, controls, and risk management processes in place.
4. Conduct of business: MiFID sets out rules for the conduct of business, including requirements for client categorization, suitability assessments, and disclosure of risks.

MiFID has had a significant impact on the financial industry, promoting greater transparency, accountability, and investor protection.",TRUE,MiFID stands for Markets in Financial Instruments Directive. It is a European regulation that increases the,TRUE,MiFID stands for Markets in Financial Instruments Directive. It is a European Union law that provides,TRUE
MTF,"MTF stands for Multilateral Trading Facility. In the context of EMIR, an MTF is a type of trading venue that facilitates the buying and selling of financial instruments among multiple parties, providing a regulated environment for trade execution, similar to a stock exchange but typically with fewer regulatory requirements. MTFs are important for promoting transparency and competition in the financial markets under the broader European regulatory framework.","Based on the extra information provided, I can answer the question.

According to the extra information, an MTF (Multilateral Trading Facility) is an investment firm or market operator that operates a multilateral system in accordance with non-discretionary rules. It's also described as a trading system that facilitates the exchange of financial instruments between multiple parties, and a European term for a trading system that serves as an alternative to a traditional trading exchange.

So, in summary, an MTF is a financial trading venue that facilitates the exchange of financial instruments between multiple parties, operating under non-discretionary rules.",TRUE,"MTF stands for Multilateral Trading Facility. It is a type of trading platform that allows multiple buyers and sellers to trade financial instruments, such as stocks, bonds, and derivatives, with each other.

MTFs are often referred to as ""dark pools"" because they operate outside of traditional stock exchanges and are not subject to the same level of transparency and regulation. This means that trades executed on MTFs are not publicly disclosed, and the prices of the securities traded on these platforms may not be as transparent as those traded on traditional exchanges.

MTFs can be classified into two main categories:

1. Systematic Internalizers (SIs): These are trading platforms that are operated by banks or other financial institutions and are designed to execute large trades at negotiated prices.
2. Other MTFs: These are trading platforms that are operated by third-party companies and are designed to provide a venue for traders to execute trades at market prices.

MTFs have become increasingly popular in recent years as they offer a number of benefits to traders, including:

* Increased liquidity: MTFs can provide access to a wider range of buyers and sellers, which can increase the liquidity of a particular security.
* Improved execution: MTFs can offer better execution prices than traditional exchanges, particularly for large trades.
* Reduced market impact: MTFs can help to reduce the market impact of large trades by allowing them to be executed over a longer period of time.
* Increased anonymity: MTFs can offer greater anonymity to traders, which can be beneficial for traders who do not want to reveal their identity or trading intentions.

However, MTFs also have some drawbacks, including:

* Lack of transparency: The lack of transparency on MTFs can make it difficult for investors to monitor the market and make informed investment decisions.
* Increased risk: MTFs can increase the risk of market manipulation and other forms of fraud, as trades are not publicly disclosed.
* Regulatory challenges: MTFs are subject to a complex regulatory framework, which can make it difficult for them to operate in a compliant and efficient manner.",FALSE,MTF stands for Multilateral Trading Facility. It is an investment firm or market operator that operates a,TRUE,"MTF stands for ""Multilateral Trading Facility."" It is a type of trading venue that allows multiple",TRUE
NCA ,"NCA stands for National Competent Authority. Within the context of EMIR, NCAs are the regulatory bodies in each EU member state responsible for overseeing compliance with the regulation, including the supervision of trade repositories and ensuring that derivatives transactions are reported as required by EMIR. They play a crucial role in monitoring market participants and enforcing EMIR's rules to promote transparency and reduce systemic risk in the derivatives market.","Based on the extra information provided, it is clear that NCA stands for the National Cybersecurity Authority, which is the national authority in charge of cybersecurity in a particular Kingdom. Therefore, the answer to the question is:

NCA stands for the National Cybersecurity Authority, which is responsible for cybersecurity in the Kingdom.",FALSE,"NCA stands for National Credit Act. It's a piece of legislation in South Africa that regulates the credit industry, including credit providers, credit bureaus, and credit reporting. The act aims to promote responsible lending and borrowing practices, as well as protect consumers from unfair or deceptive credit practices.

The NCA was enacted in 2005 and came into effect in 2007. It sets out rules and guidelines for credit providers to follow, including requirements for credit agreements, credit reports, and credit scores. The act also gives consumers certain rights and protections, such as the right to access their credit report and to dispute any errors or inaccuracies.

Some of the key provisions of the NCA include:

* The requirement for credit providers to obtain written consent from consumers before lending to them
* The requirement for credit providers to provide consumers with clear and transparent information about the credit agreement, including the interest rate and repayment terms
* The requirement for credit providers to maintain accurate and up-to-date records of consumer credit information
* The right of consumers to access their credit report and to dispute any errors or inaccuracies
* The right of consumers to request that credit providers correct any errors or inaccuracies in their credit report

Overall, the NCA is an important piece of legislation that helps to promote responsible lending and borrowing practices in South Africa, and provides important protections for consumers.",FALSE,The National Cybersecurity Authority (NCA) is the national authority in charge of cybersecurity in the,FALSE,"NCA stands for National Credit Authority. It is a regulatory body in some countries, such as India",FALSE
NFC,"NFC stands for Non-Financial Counterparty. In the context of EMIR, it refers to entities that do not engage in financial trading, such as corporations or entities using derivatives for non-hedging purposes. Non-financial counterparties are subject to certain EMIR requirements, including reporting trades and, in some cases, clearing obligations depending on their size and the nature of their derivatives activities.","Based on the extra information provided, I can answer the question as follows:

NFC stands for Near Field Communication, which is a technology that enables devices in close proximity to communicate with each other.",FALSE,"NFC stands for Near Field Communication. It's a short-range wireless communication technology that allows devices to communicate with each other when they are within close proximity, typically a few centimeters.

In the context of finance, NFC is often used for contactless payments, such as mobile payments, credit card transactions, and public transportation fares. When you tap your phone or card on an NFC-enabled reader, the devices communicate with each other to complete the transaction.

NFC technology uses radio waves to transmit data between devices, and it's commonly used in:

1. Mobile payments: Many smartphones and wearables support NFC for mobile payments, such as Apple Pay, Google Pay, and Samsung Pay.
2. Credit cards: Some credit cards, like contactless payment cards, use NFC for transactions.
3. Public transportation: NFC is used for fare payments on buses, trains, and subways in many cities.
4. Point-of-sale (POS) terminals: Many retail stores and restaurants use NFC-enabled POS terminals for contactless payments.

NFC offers several benefits, including:

* Convenience: No need to swipe or insert cards; just tap and go!
* Speed: Transactions are typically faster than traditional payment methods.
* Security: NFC transactions are often more secure than traditional payment methods, as they use encryption and other security measures to protect sensitive information.

I hope that helps! Let me know if you have any other questions.",FALSE,"Based on the extra information provided, NFC stands for National Finance Center. It is a Shared Service Provider",FALSE,NFC stands for National Financial Center.,FALSE
NFC+,"NFC+ stands for Non-Financial Counterparty category 1. Within the EMIR regulatory framework, NFC+ refers to non-financial entities that exceed certain clearing thresholds for their derivatives transactions and are thus subject to additional reporting and risk management requirements. These entities must comply with provisions similar to those applicable to financial counterparties but are not obliged to clear their trades through a central clearing counterparty (CCP).","Based on the extra information provided, NFC+ is classified as ""Large non-financial counterparty"".",FALSE,"NFC+ (Near Field Communication Plus) is a technology that combines the benefits of traditional NFC (Near Field Communication) with additional features to enhance mobile payments, data transfer, and other applications.

NFC+ is an extension of the NFC standard that adds new capabilities, such as:

1. Higher data transfer speeds: NFC+ enables faster data transfer rates, making it more suitable for applications that require larger amounts of data to be transferred.
2. Secure authentication: NFC+ introduces advanced security features, such as secure authentication protocols, to ensure the integrity and confidentiality of transactions and data transfers.
3. Multiple protocols support: NFC+ supports multiple protocols, including ISO/IEC 14443, ISO/IEC 18092, and ISO/IEC 25183, which allows for greater compatibility with various devices and systems.
4. Power control: NFC+ enables more precise power control, allowing devices to optimize power consumption and extend battery life.
5. Enhanced performance: NFC+ improves the overall performance of NFC-enabled devices, enabling faster and more reliable data transfer and payment processing.

NFC+ is used in various applications, including:

1. Mobile payments: NFC+ enables secure and convenient mobile payments, such as contactless transactions and mobile wallets.
2. Data transfer: NFC+ facilitates the transfer of data between devices, such as files, images, and videos.
3. Access control: NFC+ is used in access control systems, such as smart locks and secure doors.
4. Industrial automation: NFC+ is used in industrial automation applications, such as machine-to-machine (M2M) communication and device control.

Overall, NFC+ offers a more advanced and secure way to enable mobile payments, data transfer, and other applications, making it an attractive technology for businesses and consumers alike.",FALSE,"Based on the extra information provided, ""NFC+"" refers to a large non-financial counterpart",FALSE,NFC+ is a payment system developed by the Federal Reserve Bank of New York. It is designed,FALSE
NFC-,"NFC- stands for Non-Financial Counterparty, which refers to entities that are not primarily engaged in financial activities but may still enter into derivative contracts. Under EMIR, NFCs are subject to certain reporting obligations and risk-mitigation measures if their derivatives trading exceeds specified thresholds. This categorization helps regulators monitor and manage risks in the derivatives market without imposing the full set of requirements applicable to financial counterparties.","Based on the extra information provided, I can answer the question as follows:

The question is ""What is NFC-?"" and the answer is that it can refer to two different things:

1. Near Field Communication (NFC): This is a technology that enables devices in close proximity to communicate, which is often used for payment transactions.
2. National Finance Center (NFC): This is a Shared Service Provider for Financial Management Services and Human Resources Management Services.

Without more context, it's difficult to determine which definition is most relevant to the question. If you could provide more information or clarify which NFC you are referring to, I'd be happy to try and provide a more specific answer.",FALSE,"NFC stands for Near Field Communication. It's a short-range wireless communication technology that allows devices to communicate with each other when they are in close proximity, typically within a few centimeters.

In the context of financial transactions, NFC is often used for contactless payments, such as:

1. Mobile payments: NFC-enabled smartphones can be used to make payments by tapping the phone on a payment terminal.
2. Contactless credit cards: Some credit cards have an NFC chip that allows for contactless payments.
3. Wearable devices: Smartwatches and fitness trackers can use NFC to make payments or transfer data.

NFC is a secure and convenient way to make transactions, as it eliminates the need to physically swipe a card or enter a PIN. Many merchants and banks support NFC payments, making it a widely accepted payment method.

Do you have any specific questions about NFC payments or would you like to know more about how it works?",FALSE,NFC stands for Near Field Communication. It is a technology that enables devices in close proximity to communicate,FALSE,"NFC- stands for ""Not For Credit.""",FALSE
OTC,"OTC stands for ""Over-the-Counter,"" referring to trading conducted directly between two parties, outside formal exchanges. In the context of EMIR, OTC derivatives are financial contracts that are not traded on regulated exchanges and must adhere to specific reporting, clearing, and risk management requirements to enhance transparency and reduce systemic risk in the financial system.","Based on the extra information provided, I can confidently answer that OTC stands for Over-the-counter, which refers to financial instruments traded directly between two parties, bypassing central exchanges or brokers.",TRUE,"OTC stands for Over-the-Counter. In the financial world, OTC refers to financial instruments or products that are traded outside of a formal exchange, such as a stock exchange or futures exchange.

In the context of securities, OTC securities are stocks, bonds, or other securities that are not listed on a major stock exchange, such as the New York Stock Exchange (NYSE) or the NASDAQ. Instead, they are traded on the over-the-counter market, which is a decentralized market where securities are traded directly between two parties, often through a broker-dealer or a trading platform.

OTC securities are often smaller, less liquid, and less regulated than securities listed on a major exchange. They may also have higher trading costs and lower transparency than listed securities.

Some examples of OTC securities include:

1. Penny stocks: These are small-cap stocks that trade for less than $1 per share.
2. Bonds: Many corporate bonds and municipal bonds are traded OTC.
3. Derivatives: OTC derivatives, such as options and swaps, are traded between two parties directly, rather than on an exchange.
4. Exchange-traded funds (ETFs): Some ETFs are listed on an exchange, while others are traded OTC.

In the context of commodities, OTC commodities refer to physical commodities, such as oil, gold, or agricultural products, that are traded outside of a formal exchange. These commodities may be traded on a spot market, where the buyer and seller agree on a price and delivery date, or on a futures market, where the buyer and seller agree on a price and delivery date for a specific date in the future.

I hope that helps! Let me know if you have any other questions.",TRUE,OTC stands for Over-The-Counter. It refers to the trading of securities directly between two parties,TRUE,"OTC stands for ""Over-the-Counter."" In the context of financial markets, OTC refers",TRUE
Q&A,"In the context of EMIR, Q&A refers to ""Questions and Answers"" documents published by the European Securities and Markets Authority (ESMA) to provide clarification on the implementation and requirements of EMIR. These documents aim to address common queries from market participants regarding various aspects of the regulation, ensuring consistent understanding and compliance across the European Union.","Based on the extra information provided, I would answer that Q&A likely refers to ""Frequently Asked Questions"" as mentioned in the extra information.",FALSE,"Q&A stands for Question and Answer. It's a format where I provide answers to your questions on a specific topic, in this case, financial-related questions. You can ask me anything from basic financial concepts to more complex topics like investing, budgeting, or even tax planning. I'll do my best to provide you with accurate and helpful information to address your questions and concerns.

So, what's on your mind? Do you have a specific financial question you'd like me to help with?",FALSE,"Based on the extra information provided, ""Q&A"" stands for ""Question and Answer."" It is",TRUE,"Q&A stands for ""Questions and Answers."" It's a format used to provide information in a structured",TRUE
RTS,"RTS stands for Regulatory Technical Standards. In the context of EMIR, RTS are detailed rules developed by the European Securities and Markets Authority (ESMA) that specify the technical requirements for implementing EMIR provisions. They cover various aspects, such as reporting obligations, risk mitigation techniques for over-the-counter derivatives, and collateral management.","Based on the extra information provided, RTS stands for Regulatory Technical Standards, which are detailed technical specifications that supplement primary financial regulations. They provide specific implementation guidelines for financial institutions and companies to comply with regulatory requirements.",TRUE,"RTS stands for Real-Time Settlement. It's a system used in financial markets to settle transactions in real-time, meaning that the transactions are processed and settled immediately, usually within a few seconds or minutes.

In traditional settlement systems, transactions are batched together and settled at the end of the day, which can take hours or even days. RTS, on the other hand, allows for instant settlement, reducing the risk of settlement failures and minimizing the need for overnight collateral.

RTS is commonly used in markets such as equities, fixed income, and foreign exchange. It's particularly useful for high-frequency trading and other fast-paced markets where speed and reliability are critical.

Some of the benefits of RTS include:

* Reduced risk of settlement failures
* Increased market efficiency
* Improved liquidity
* Enhanced customer experience
* Reduced costs and increased revenue

RTS is an important aspect of modern financial markets, enabling faster and more reliable transactions, which is essential for maintaining market stability and efficiency.",FALSE,"Based on the provided information, RTS stands for Regulatory Technical Standards. These are detailed technical specifications that",TRUE,RTS stands for Resolution Trust Corporation. It was a government-sponsored corporation established in 19,FALSE
SPV,"SPV stands for Special Purpose Vehicle. Within the context of EMIR, an SPV is a legal entity created for a specific purpose, such as isolating financial risk or facilitating the management of derivatives transactions. SPVs can play a role in the handling of collateral and counterparty risk under EMIR regulations by allowing organizations to manage their exposures in a more structured manner.","Based on the extra information, I can confidently answer the question.

An SPV, or Special Purpose Vehicle, is a separate legal entity created by an organization to serve a specific purpose. It is a distinct company with its own assets and liabilities.",TRUE,"A Special Purpose Vehicle (SPV) is a legal entity created to fulfill a specific financial purpose, typically for a limited period. It is a separate legal entity from its parent company or sponsor, and is designed to isolate risks and liabilities from the parent company.

SPVs are often used in various financial transactions, such as:

1. Securitization: SPVs are used to pool and securitize assets, such as mortgages, credit card receivables, or auto loans, and issue securities backed by these assets.
2. Project finance: SPVs are used to finance large-scale projects, such as infrastructure development, energy projects, or real estate developments.
3. Mergers and acquisitions: SPVs are used to facilitate mergers and acquisitions by creating a new entity to hold the acquired assets or liabilities.
4. Risk management: SPVs are used to manage risks, such as credit risk, market risk, or operational risk, by transferring these risks to the SPV.

The benefits of using an SPV include:

1. Risk isolation: SPVs allow companies to isolate specific risks and liabilities, reducing the impact on their balance sheet.
2. Flexibility: SPVs can be structured to achieve specific financial goals, such as tax efficiency or regulatory compliance.
3. Increased capital efficiency: SPVs can help companies access capital more efficiently by pooling and securitizing assets.
4. Simplified accounting: SPVs can simplify accounting and reporting by separating assets and liabilities from the parent company.

However, SPVs also have some drawbacks, such as:

1. Complexity: SPVs can be complex and difficult to understand, which can increase costs and risks.
2. Legal and regulatory requirements: SPVs must comply with various legal and regulatory requirements, which can be time-consuming and costly.
3. Limited flexibility: SPVs are typically designed for a specific purpose and may not be easily adaptable to changing circumstances.

Overall, SPVs can be a useful tool for companies looking to manage risks, access capital, or achieve specific financial goals. However, they require careful consideration and planning to ensure they are used effectively and efficiently.",TRUE,Special Purpose Vehicle (SPV) is a legal entity created to isolate financial risk. It is often,TRUE,"SPV stands for Special Purpose Vehicle. It is a legal entity created to isolate financial risk, such",TRUE
TR ,"TR stands for Trade Repository. In the context of EMIR, a Trade Repository is a centralized database where details of financial trades must be reported. This ensures transparency in the derivatives markets, allowing regulators to monitor market activity and assess systemic risks.","Based on the extra information provided, it appears that TR refers to a method of financing called ""Title Retention"". According to the information, under this method, the bank retains the legal title to the goods but relinquishes physical possession to the buyer/importer of the goods.

So, the answer to the question is: TR is a method of financing called ""Title Retention"".",FALSE,"TR can refer to several things in the financial world, but here are a few possibilities:

1. Treasury Rate (TR): The Treasury Rate is the interest rate at which the U.S. government borrows money by issuing Treasury bills, notes, and bonds. It is a key indicator of market sentiment and is used as a benchmark for other interest rates.
2. Trading Range (TR): A Trading Range is a market condition where the price of a security or asset oscillates between a specific high and low price, without making any significant upward or downward movements. It is often used to describe a sideways market.
3. Technical Rating (TR): A Technical Rating is a score or grade given to a security or asset based on its technical analysis, which involves analyzing charts and patterns to predict future price movements.

Without more context, it's difficult to determine which definition is most relevant. If you have any additional information or clarification, I'd be happy to try and provide a more specific answer!",FALSE,"Based on the extra information provided, ""TR"" stands for ""Trade Receivables."" It",FALSE,"TR can stand for several things depending on the context. Here are a few possibilities:

1. **",FALSE
UTI ,"UTI stands for Unique Trade Identifier. In the context of EMIR, it is a unique code assigned to each derivative transaction to facilitate tracking and reporting. The UTI helps ensure that transactions are consistently and accurately reported to trade repositories, enhancing transparency and monitoring in the derivatives market.","Based on the extra information provided, I can answer the question as follows:

UTI stands for Unit Trust of India, which is an investment body that helps people invest their money in mutual funds and other securities. It collects money from investors and pools it together to invest in a variety of financial products. The goal of UTI is to offer safe and attractive returns to investors.",FALSE,"UTI stands for Unclaimed Territory Income. It's a type of income that is owed to an individual but has not been claimed or received. This can include things like:

* Dividend payments
* Interest payments
* Refunds
* Insurance payouts
* Stock splits

UTI can occur when an individual has an outstanding financial obligation, such as a stock or bond, that has matured or been paid out, but the funds have not been received or claimed. It can also happen when an individual has an unclaimed asset, such as a forgotten bank account or a lost pension plan, that has not been accessed or claimed.

UTI can be a problem because it can result in lost income or assets, which can have a significant impact on an individual's financial situation. It's important to regularly review financial statements and accounts to ensure that all income and assets are being received and claimed.",FALSE,UTI stands for Unit Trust of India. It is an investment body that helps people invest their money,FALSE,UTI stands for Unemployment Tax Insurance. It is a type of insurance that provides financial assistance,FALSE
DORA,"DORA stands for the Digital Operational Resilience Act, which is a piece of legislation intended to enhance the resilience of the financial sector in the face of digital risks and cyber threats. While it is not part of EMIR, it complements the regulatory framework by establishing requirements for financial entities to ensure they can withstand, respond to, and recover from ICT-related incidents, thereby promoting overall operational resilience in the financial system.","Based on the extra information provided, I can answer the question:

DORA stands for the Digital Operational Resilience Act, which is a regulation introduced by the European Union to strengthen the digital resilience of financial entities.",TRUE,"DORA stands for Digital Operational Resilience Act. It's a European Union (EU) regulation aimed at improving the resilience of financial institutions, particularly banks and financial institutions, in the digital age.

The DORA regulation was introduced in response to the increasing reliance on digital technologies and the growing risks associated with them, such as cyberattacks, data breaches, and operational disruptions. The goal is to ensure that financial institutions have robust operational resilience measures in place to prevent, detect, and respond to disruptions.

Some key aspects of the DORA regulation include:

1. Risk management: Financial institutions must identify, assess, and manage operational risks, including those related to digital technologies.
2. Cybersecurity: Institutions must implement robust cybersecurity measures to protect against cyber threats.
3. Business continuity planning: Institutions must develop and regularly test business continuity plans to ensure continuity of critical operations in the event of a disruption.
4. Incident reporting: Institutions must report incidents to the relevant authorities and maintain records of incidents and their resolution.
5. Governance: Institutions must establish a clear governance framework for operational resilience, including accountability and decision-making processes.

The DORA regulation aims to enhance the overall resilience of the financial system, protect consumers, and maintain public trust in the financial sector. It's an important step towards ensuring the stability and security of the financial ecosystem in the digital age.",TRUE,"DORA stands for the Digital Operational Resilience Act, an EU regulation that creates a new framework",TRUE,"DORA stands for ""Data Organization and Retrieval Architecture."" It's a framework designed to help",FALSE
ESA,"ESA stands for European Supervisory Authority. Within the context of EMIR, it refers to one of the regulatory agencies established to oversee and enforce the financial regulations in Europe. Specifically, ESMA (European Securities and Markets Authority) is responsible for enhancing investor protection and promoting stable and orderly financial markets, which includes the supervision of derivatives markets under EMIR.","Based on the extra information, I can provide an answer to your question.

An ESA (Education Savings Account) can refer to two different types of accounts:

1. A consumer-owned bank account that uses dollars specifically set aside for unplanned expenses or financial emergencies.
2. A type of investment account designed to help families save for the future education expenses of a designated beneficiary.

However, without more context, it's difficult to determine which definition is most relevant. If you could provide more information or clarify which type of ESA you are referring to, I'd be happy to try and provide a more specific answer.",FALSE,"ESA stands for Employee Stock Ownership Plan (ESOP). An ESOP is a type of retirement plan that allows employees to own shares of the company they work for. It's a tax-qualified retirement plan that provides a unique way for employees to benefit from their employer's success.

Here's how it typically works:

1. The company contributes a certain percentage of its profits or a fixed amount to the ESOP each year.
2. The ESOP buys company stock or other securities with the contributions.
3. The ESOP holds the stock on behalf of the employees.
4. The employees become beneficiaries of the ESOP and can receive the company stock as part of their retirement package or upon leaving the company.

ESOPs offer several benefits, including:

1. Retirement savings: ESOPs provide a way for employees to save for retirement and potentially receive a significant amount of money when they leave the company.
2. Employee ownership: ESOPs promote a sense of ownership and engagement among employees, as they have a direct stake in the company's success.
3. Tax benefits: ESOPs are tax-qualified plans, which means that the contributions and earnings are tax-deferred, allowing the plan to grow faster.
4. Flexibility: ESOPs can be designed to meet the specific needs of the company and its employees.

Overall, ESOPs are a unique and effective way for companies to reward their employees and promote a culture of ownership and engagement.",FALSE,"An ESA, or Emergency Savings Account, is a consumer-owned bank account that uses dollars specifically",FALSE,"ESA stands for ""European Securities and Markets Authority."" It is an independent European Union (EU",FALSE
TPP,"TPP stands for Trade Personal Providers. Within the context of EMIR, TPP refers to the entities that provide services related to the processing and reporting of derivative trades. These providers may include reporting entities, trade repositories, and other intermediaries that facilitate compliance with EMIR's reporting requirements for over-the-counter (OTC) derivatives.","Based on the extra information, I can confidently say that TPP stands for Third Party Provider, which is an organization that interacts with a bank to provide services to consumers.",FALSE,"TPP stands for Trans-Pacific Partnership, which was a comprehensive free trade agreement (FTA) among 12 Pacific Rim countries. The agreement aimed to reduce tariffs and other trade barriers, promote economic growth, and increase trade among its member countries.

The TPP was signed in 2016 by the following countries:

1. Australia
2. Brunei
3. Canada
4. Chile
5. Japan
6. Malaysia
7. Mexico
8. New Zealand
9. Peru
10. Singapore
11. United States
12. Vietnam

The agreement covered a wide range of issues, including:

1. Tariffs and trade barriers
2. Intellectual property rights
3. Investment
4. Labor and environmental standards
5. Government procurement
6. Competition policy
7. Financial services
8. Telecommunications

The TPP aimed to create a more open and integrated economy among its member countries, which would have benefited businesses, consumers, and workers. However, the agreement was met with controversy and criticism, particularly in the United States, where some argued that it would lead to job losses, lower wages, and increased inequality.

In 2017, the Trump administration withdrew the United States from the TPP, citing concerns about the agreement's impact on American jobs and the need to renegotiate its terms. The remaining 11 countries have since rebranded the agreement as the Comprehensive and Progressive Agreement for Trans-Pacific Partnership (CPTPP), which came into effect in 2019.",FALSE,TPP stands for Third Party Provider. It is an organization that interacts with a bank to provide services,FALSE,TPP stands for Trans-Pacific Partnership. It was a proposed free trade agreement between 12,FALSE
TPRM,"TPRM stands for Third-Party Risk Management. Within the context of EMIR, it refers to the processes and practices that firms must implement to assess and mitigate risks associated with third-party service providers, such as clearing houses and counterparties. Effective TPRM is essential for maintaining compliance and ensuring the stability of the derivatives market under the regulatory framework established by EMIR.","Based on the extra information provided, TPRM stands for Third-Party Risk Management, which is a form of risk management that focuses on identifying and reducing risks relating to the use of third parties.",TRUE,"TPRM stands for Third-Party Risk Management. It's a process that helps organizations assess, monitor, and mitigate risks associated with third-party vendors, contractors, and suppliers.

In today's interconnected business world, companies often rely on third-party service providers to deliver goods and services. However, this increased reliance also introduces new risks, such as data breaches, intellectual property theft, and business disruption.

TPRM aims to identify, assess, and mitigate these risks by:

1. Identifying and classifying third-party vendors based on their risk profile
2. Conducting thorough due diligence and background checks
3. Establishing contractual agreements that outline expectations and responsibilities
4. Monitoring third-party performance and compliance
5. Implementing controls and mitigations to address identified risks

Effective TPRM helps organizations:

* Protect their brand reputation and customer data
* Ensure business continuity and minimize disruptions
* Comply with regulatory requirements and industry standards
* Build trust with stakeholders and improve overall risk management

In summary, TPRM is a critical component of an organization's risk management strategy, enabling them to manage third-party risks and maintain a strong, resilient business.",TRUE,TPRM stands for Third-Party Risk Management. It is a type of risk management that systematically identifies,TRUE,"TPRM stands for ""Total Portfolio Risk Management."" It's a comprehensive approach to managing the risks associated",FALSE
CSP,"CSP stands for Central Securities Depository (CSD) Risk Protection Scheme. Within the context of EMIR, a CSP refers to the measures and systems established to protect participants in the central securities depository services, ensuring the safety and efficiency of clearing and settlement processes for derivatives transactions. It plays a role in mitigating risks associated with counterparty default and settlement failures.","Based on the extra information provided, I can answer the question.

According to the extra information, a CSP (Comptroller Services Portal) is the Air Force's 21st century solution for finance customer service.",FALSE,"CSP stands for Cost of Sales Percentage. It is a financial metric that measures the percentage of a company's revenue that is spent on producing and delivering its products or services.

In other words, CSP represents the proportion of a company's revenue that is allocated to the direct costs of producing and selling its goods or services, such as:

* Direct materials and labor costs
* Overheads, such as rent, utilities, and equipment depreciation
* Shipping and handling costs

CSP is typically expressed as a percentage and is calculated by dividing the total cost of sales by the total revenue, and then multiplying by 100.

For example, if a company has a revenue of $100,000 and a total cost of sales of $60,000, the CSP would be:

CSP = (Total Cost of Sales / Total Revenue) x 100
= ($60,000 / $100,000) x 100
= 60%

This means that for every dollar of revenue, the company spends 60 cents on producing and delivering its products or services.

CSP is an important metric for businesses because it helps them understand their profitability and identify areas for cost reduction and efficiency improvement.",FALSE,CSP stands for Customer Support Provider. It is an organization that offers outsourced customer support solutions,FALSE,CSP stands for **Collateral Settlement Plan**. It is a process or agreement that outlines how collateral,FALSE
CTPPs,"CTPPs stands for Central Counterparty(s) for Transactions in Provisions and Pensions. Within the EMIR framework, these are institutions that provide clearing services for derivatives transactions, ensuring that the obligations of the parties involved are met even if one party defaults. This enhances the stability of the financial system by reducing counterparty risk.","Based on the extra information, I can answer that CTPPs stands for Critical Third-Party Service Providers.",FALSE,"CTPPs stands for Comprehensive Transportation Planning Process. It's a systematic approach to planning and managing transportation systems, typically used by government agencies, transportation authorities, and other organizations.

The CTPP process involves a series of steps, including:

1. Data collection and analysis: Gathering and analyzing data on transportation demand, supply, and infrastructure.
2. Problem identification: Identifying transportation-related issues and challenges in the area.
3. Goal setting: Establishing clear goals and objectives for transportation planning.
4. Alternative analysis: Evaluating different transportation scenarios and alternatives to achieve the goals.
5. Environmental assessment: Assessing the potential environmental impacts of the proposed transportation plans.
6. Public involvement: Engaging with the public and stakeholders to gather input and feedback on the planning process.
7. Plan development: Developing a comprehensive transportation plan that addresses the identified issues and goals.
8. Implementation: Implementing the recommended transportation improvements and projects.

The CTPP process helps transportation planners and decision-makers make informed decisions about transportation investments, infrastructure development, and policy changes. It ensures that transportation systems are safe, efficient, and sustainable, and that they meet the needs of all users, including drivers, pedestrians, cyclists, and public transportation users.",FALSE,"CTPPs stands for ""Critical Trade Partner Programs."" These programs are designed to identify and manage risks",FALSE,"CTPPs stands for ""Counterparty Trade Processing Platforms."" These platforms are used to facilitate the",FALSE
JOF,"JOF stands for ""Joint Operational Framework,"" which is a step towards enhancing the cooperation between European regulators and relevant authorities in the context of EMIR. It aims to ensure effective supervision and consistent implementation of the EMIR requirements, particularly in managing risks associated with derivatives trading. The JOF fosters collaboration among stakeholders to promote financial stability within the EU.","Based on the extra information, I can answer the question. JOF stands for Japan Smaller Capitalization Fund, Inc., which is a closed-end management investment company listed on the New York Stock Exchange.",FALSE,"JOF stands for Justification of Funds. It's a document that provides a detailed explanation of how funds are being used or have been used for a specific purpose, usually in the context of government or non-profit organizations.

In general, a Justification of Funds document is required to justify the allocation of funds for a particular project, program, or activity. It typically includes information such as:

1. A description of the project or activity being funded
2. The purpose and goals of the project or activity
3. The budget for the project or activity, including the amount of funds requested
4. A detailed breakdown of how the funds will be used
5. A justification of why the funds are necessary and how they will be used to achieve the project's goals

JOFs are often used to ensure transparency and accountability in the use of public funds, and to provide stakeholders with a clear understanding of how funds are being used.",FALSE,"JOF stands for Japan Smaller Capitalization Fund, Inc. It is a closed-end management investment",FALSE,"JOF typically stands for ""Joint Operations Fund."" In the context of financial institutions, a Joint Operations",FALSE
NIS2,"NIS2 refers to the Directive on Security of Network and Information Systems, which is an update to the original NIS Directive. While not directly part of the EMIR framework, NIS2 enhances cybersecurity measures across the EU, focusing on the resilience of critical infrastructure, including entities involved in financial services. It complements EMIR by promoting secure digital environments essential for the stability of financial markets.","Based on the extra information, I can confidently answer that NIS2 stands for the Network and Information Security Directive 2, which is an updated regulation by the European Union aimed at enhancing cybersecurity.",TRUE,"NIS2 stands for the Network and Information Systems (NIS) Directive 2. It's a European Union (EU) regulation aimed at improving the security and resilience of essential services and digital infrastructure across the EU.

NIS2 is an update to the original NIS Directive, which was introduced in 2016. The new regulation aims to strengthen the security measures for essential services, such as:

1. Healthcare services
2. Energy, transport, and water supply
3. Financial services, including banks and payment systems
4. Digital infrastructure, including cloud services and internet exchange points
5. Public administration services, including government websites and databases

NIS2 requires organizations that provide these essential services to implement robust cybersecurity measures to prevent and respond to cyber-attacks. This includes:

1. Risk assessments and incident response plans
2. Regular security audits and penetration testing
3. Employee training and awareness programs
4. Incident reporting and cooperation with authorities
5. Continuous monitoring and improvement of security controls

The NIS2 regulation also introduces new requirements, such as:

1. Mandatory reporting of certain types of cyber-attacks
2. Enhanced cooperation and information sharing between EU member states
3. Increased focus on supply chain security and third-party risk management

The goal of NIS2 is to improve the overall resilience of EU critical infrastructure and protect citizens from the increasing threat of cyber-attacks.",TRUE,"NIS2 stands for the Network and Information Security Directive 2, an updated regulation by the European",TRUE,"NIS2 stands for ""Net Income Statement 2."" It is a financial statement that provides a",FALSE
PSD2,"PSD2, or the Revised Payment Services Directive, is a European regulation aimed at enhancing the security of payment transactions and promoting innovation in the payments industry. While not part of EMIR, it complements EMIR's objectives by fostering a more competitive and efficient payment ecosystem, ultimately benefiting financial transactions related to derivatives trading and clearing within the frameworks established by EMIR.","Based on the extra information, I can confidently answer that PSD2 stands for Payment Services Directive, and it's an EU directive about payments, data, and security, which is an update to the original Payment Services Directive.",FALSE,"PSD2, or the Revised Payment Services Directive, is a European Union (EU) regulation aimed at promoting competition, innovation, and security in the payment services industry. It was introduced in 2015 and came into effect on September 14, 2019.

The main goal of PSD2 is to open up the payment market to third-party providers, such as fintech companies and startups, allowing them to access payment accounts and offer new services to consumers. This is achieved by requiring banks and other payment institutions to provide APIs (Application Programming Interfaces) to third-party providers, enabling them to access payment account information and initiate payments on behalf of the account holder.

Some key features of PSD2 include:

1. Strong Customer Authentication (SCA): PSD2 requires banks to implement SCA, which involves using two or more authentication factors to verify the identity of the account holder.
2. APIs: PSD2 requires banks to provide APIs to third-party providers, allowing them to access payment account information and initiate payments.
3. Account Information Services (AIS): PSD2 allows third-party providers to access account information, such as transaction history and balance, with the account holder's consent.
4. Payment Initiation Services (PIS): PSD2 allows third-party providers to initiate payments on behalf of the account holder, such as making a payment to a merchant.
5. Secure Communication: PSD2 requires secure communication channels between banks, third-party providers, and account holders to protect sensitive information.

The benefits of PSD2 include:

1. Increased competition: PSD2 promotes competition in the payment services market, leading to more innovative and cost-effective services for consumers.
2. Improved security: PSD2's strong customer authentication and secure communication requirements enhance the security of payment transactions.
3. Increased consumer choice: PSD2 allows consumers to choose from a wider range of payment services and providers, giving them more control over their financial transactions.

Overall, PSD2 is an important regulation that aims to modernize the payment services industry, promote innovation, and improve the overall customer experience.",TRUE,PSD2 stands for the Second Payment Services Directive. It is an EU directive that aims to improve,TRUE,PSD2: Payment Services Directive 2,TRUE
CSIRTs,"CSIRTs, or Computer Security Incident Response Teams, refer to organizations or teams that handle and manage security incidents related to information systems. Within the EMIR framework, CSIRTs may play a role in addressing cybersecurity risks faced by financial market infrastructures and entities involved in derivatives trading, helping to ensure the stability and integrity of the financial system. Their functions include monitoring security threats, responding to incidents, and coordinating with other stakeholders to mitigate risks.","Based on the extra information, I can answer the question.

CSIRTs stands for Computer Security Incident Response Teams. According to the extra information, CSIRT is a service organization responsible for receiving, reviewing, and responding to computer security incident reports and activity raised by any user.",TRUE,"CSIRTs stands for Computer Security Incident Response Teams. They are specialized teams that are responsible for detecting, responding to, and mitigating cybersecurity incidents within an organization.

CSIRTs typically have a range of responsibilities, including:

1. Incident detection: Identifying potential security incidents, such as malware outbreaks, data breaches, or unauthorized access to systems.
2. Incident response: Containing and mitigating the impact of an incident, such as isolating affected systems, blocking malicious traffic, or restoring access to critical systems.
3. Incident analysis: Investigating the root cause of an incident, identifying the scope of the incident, and determining the impact on the organization.
4. Incident reporting: Providing incident reports to stakeholders, including management, law enforcement, and regulatory bodies.
5. Incident prevention: Implementing measures to prevent similar incidents from occurring in the future, such as patching vulnerabilities, implementing security controls, and conducting training and awareness programs.

CSIRTs are typically composed of technical experts with a range of skills, including:

1. Network security experts
2. System administrators
3. Malware analysts
4. Incident responders
5. Cybersecurity professionals

CSIRTs play a critical role in protecting an organization's digital assets and responding to cybersecurity incidents. They help to minimize the impact of incidents, reduce the risk of data breaches, and ensure business continuity.

In the financial industry, CSIRTs are particularly important due to the sensitive nature of financial data and the potential consequences of a data breach. Financial institutions, such as banks and investment firms, often have dedicated CSIRTs that work closely with law enforcement and regulatory bodies to respond to and prevent cybersecurity incidents.",TRUE,"CSIRTs stands for Computer Security Incident Response Teams. They are service organizations responsible for receiving, reviewing",TRUE,CSIRTs stands for Computer Security Incident Response Team. It is a team of professionals responsible for managing,TRUE
ENISA,"ENISA stands for the European Union Agency for Cybersecurity. While not directly part of EMIR, it plays a crucial role in the broader context of financial regulation by providing guidance and support on cybersecurity aspects, which are increasingly important in the financial markets, including derivatives trading and clearing. EMIR emphasizes the need for participants to manage risks effectively, and ENISA aids in strengthening cybersecurity frameworks in line with such regulations.","Based on the extra information provided, I can answer the question as follows:

ENISA is the EU agency dedicated to enhancing cybersecurity in Europe.",TRUE,"ENISA stands for European Union Agency for Cybersecurity. It's an agency of the European Union that's responsible for helping to improve the overall cybersecurity posture of the EU's member states.

ENISA was established in 2004 and is headquartered in Heraklion, Crete, Greece. Its main goal is to support the EU's member states in their efforts to prevent and respond to cyber threats, as well as to promote cybersecurity best practices across various sectors, including finance, healthcare, and critical infrastructure.

Some of ENISA's key responsibilities include:

1. Providing guidance and recommendations on cybersecurity best practices
2. Conducting research and analysis on emerging cybersecurity threats
3. Developing and promoting cybersecurity standards and guidelines
4. Supporting the development of cybersecurity capabilities in EU member states
5. Coordinating with other EU agencies and international organizations to share information and best practices

ENISA's work is particularly important in the financial sector, where cybersecurity is critical to protecting sensitive financial information and preventing fraud. ENISA provides guidance and support to financial institutions, payment systems, and other financial organizations to help them strengthen their cybersecurity defenses and respond to cyber threats.

Would you like to know more about ENISA's specific activities in the financial sector or how it supports the EU's cybersecurity efforts?",TRUE,ENISA stands for the European Union Agency for Cybersecurity. It is an agency dedicated to enhancing cyber,TRUE,ENISA stands for the European Union Agency for Cybersecurity. It is an agency of the European Union,TRUE
PSTN,"PSTN stands for Public Switched Telephone Network. While not directly a part of EMIR, the term relates to traditional telephony systems used for communication, which may intersect with electronic communication requirements in the context of EMIR, particularly for reporting trades and managing risk in derivatives markets. EMIR emphasizes the importance of secure and reliable communication channels for compliance purposes.","Based on the extra information provided, I can confidently answer that PSTN stands for Public Switched Telephone Network. It is the traditional circuit-switched telephone network that provides infrastructure and services for public telephony, enabling real-time voice communication between subscribers at different sites.",TRUE,"PSTN stands for Public Switched Telephone Network. It's a global telecommunications network that connects public switched telephone lines, allowing people to make voice calls to one another.

In simpler terms, PSTN is the traditional phone network that we've all been using for decades. It's the infrastructure that enables us to make and receive phone calls using our landline phones, mobile phones, or other devices.

The PSTN network is managed by telecommunications operators and uses a variety of technologies, including analog and digital signaling protocols, to facilitate voice communications. It's a critical part of the global telecommunications infrastructure, enabling people to communicate with each other over long distances.

However, with the rise of Voice over Internet Protocol (VoIP) technology, the PSTN network is gradually being replaced by newer, more advanced communication technologies. Nevertheless, the PSTN remains an essential part of our global telecommunications landscape.",TRUE,PSTN stands for Public Switched Telephone Network. It is the aggregate of the world's,TRUE,PSTN stands for Public Switched Telephone Network. It is the traditional circuit-switched,TRUE
POTS,"POTS stands for ""Plain Old Telephone Service,"" but in the context of EMIR, it refers to a practice of processing trades rather than a specific term. Within EMIR, it may refer to how transactions that are not processed through a central counterparty (CCP) may still be reported or managed. However, it is important to note that POTS is not a central term within EMIR and is more associated with traditional telephone communication services. Thus, please clarify if you meant another specific EMIR-related term.","Based on the extra information provided, I can answer the question as follows:

The Pots system refers to a budgeting philosophy where income is placed into pre-defined categories or ""pots"" for specific purposes or goals. This allows individuals to separate their money and track their spending according to their financial objectives.",FALSE,"POTS stands for Plain Old Telephone Service. It refers to traditional landline telephone service that uses copper wires to connect calls between customers and the public switched telephone network (PSTN).

POTS lines typically use analog technology to transmit voice signals over the phone lines, and they are often used for home and business phone services. They are characterized by:

1. Analog signal transmission: POTS lines use analog signals to transmit voice and data over the phone lines.
2. Copper wire infrastructure: POTS lines rely on copper wires to connect customers to the PSTN.
3. Limited bandwidth: POTS lines have limited bandwidth, which means they are not suitable for high-speed data transmission.
4. Voice-only service: POTS lines are primarily designed for voice communication, although some providers may offer additional features like caller ID, call waiting, and voicemail.

In recent years, POTS has been gradually replaced by newer technologies like VoIP (Voice over Internet Protocol), which offers more advanced features, better quality, and greater flexibility. However, POTS remains a popular choice for many businesses and individuals who require a reliable, traditional phone service.",FALSE,"Based on the extra information provided, ""POTS"" refers to ""Pots"" in your",FALSE,"POTS stands for ""Plain Old Telephone Service."" It refers to the traditional analog telephone service",FALSE
TLPT,"TLPT stands for Trade Lifecycle Processing Timeline. In the context of EMIR, it refers to the structured timeline of processes that a trade goes through from execution to post-trade activities, including reporting, clearing, and settlement. This timeline ensures that trades are managed efficiently and comply with EMIR requirements, enhancing transparency and mitigating counterparty risk in the derivatives market.","Based on the extra information provided, TLPT stands for Threat-Led Penetration Tests, which are enhanced security tests specifically designed for financial entities that could have systemic effects if they fail.",FALSE,"TLPT stands for Total Living Price Tag. It's a financial planning concept that considers the total cost of owning a particular asset or investment, including not only the purchase price but also ongoing expenses, maintenance costs, and other related expenditures.

In other words, TLPT helps you calculate the true cost of owning something, such as a car, a house, or even a mutual fund, by taking into account all the expenses associated with it. This can help you make more informed decisions about whether an investment is right for you and whether it fits within your budget.

For example, if you're considering buying a new car, the TLPT would include not only the purchase price but also ongoing expenses like insurance, fuel, maintenance, and repairs. This can help you determine whether the car is truly affordable for you and whether it's a good investment.

Does that make sense?",FALSE,TLPT stands for Threat-Led Penetration Tests. These are enhanced security tests specifically designed,FALSE,"TLPT stands for ""Total Loss Provisioning Test."" It is a regulatory requirement in the banking",FALSE
G-SIIs,"G-SIIs, or Global Systemically Important Insurers, are insurance companies that are deemed to be of such size and interconnectedness that their failure would have significant negative impacts on the global financial system. Within the EMIR regulatory framework, while G-SIIs are primarily monitored by insurance regulatory frameworks, they may also be subject to additional scrutiny and reporting requirements to ensure systemic risks to the financial industry are managed.","Based on the extra information provided, G-SIIs stands for Global Systemically Important Insurers. According to the information, the Financial Stability Board (FSB) identifies global systemically important insurers (G-SIIs) as part of its annual identification process, in consultation with the International Association of Insurance Supervisors.",TRUE,"G-SIIs, also known as Global Systemically Important Institutions, are financial institutions that are considered to be so large and interconnected that their failure could have a significant impact on the global financial system.

The term ""G-SIIs"" was coined by the Financial Stability Board (FSB), an international organization that aims to promote global financial stability. The FSB defines G-SIIs as institutions that meet certain criteria, including:

1. Size: They must have significant cross-border activities and assets.
2. Complexity: They must have complex and interconnected structures, such as subsidiaries, affiliates, and joint ventures.
3. Interconnectedness: They must have significant connections to other financial institutions, markets, and infrastructure.
4. Substitutability: They must provide critical functions or services that are not easily replicable by other institutions.

Examples of G-SIIs include large commercial banks, investment banks, insurance companies, and other financial institutions that play a significant role in the global financial system. Some examples of G-SIIs include:

* JPMorgan Chase
* Bank of America
* Citigroup
* Goldman Sachs
* Morgan Stanley
* AIG
* Prudential Financial

G-SIIs are subject to stricter regulations and oversight to ensure that they are resilient and can withstand financial shocks. This includes requirements for higher capital buffers, liquidity buffers, and risk management practices. The goal is to reduce the risk of G-SIIs failing and causing a global financial crisis.",FALSE,G-SIIs stands for Global Systemically Important Insurers. They are insurance companies that are considered,TRUE,G-SIIs stands for Global Systemically Important Insurers. These are insurance companies that are considered,TRUE
O-SIIs,"O-SIIs stands for Other Systemically Important Institutions. Within the EMIR framework, O-SIIs are financial institutions that are not classified as global systemically important banks (G-SIBs) but still pose a risk to the financial system due to their size, interconnectedness, or complexity. Regulators monitor these institutions closely to mitigate potential systemic risks they may present.","Based on the extra information provided, O-SIIs stands for ""Other Systemically Important Insurers"".",FALSE,"O-SIIs stands for Operating System Independent Installation System. It's a software installation method used by companies like Microsoft to deploy their products across various operating systems, such as Windows, macOS, and Linux.

In the past, software installation required specific operating systems, which could limit its compatibility and make it challenging to install on different platforms. O-SIIs solves this issue by creating a single installation package that can run on multiple operating systems, making it more convenient and flexible for users.

This technology is commonly used in enterprise environments, where IT administrators need to deploy software to a diverse range of devices and operating systems. O-SIIs helps streamline the installation process, reducing the complexity and increasing the efficiency of software deployment.

Would you like to know more about how O-SIIs works or its benefits in the enterprise environment?",FALSE,"O-SIIs stands for Other Systemically Important Institutions. These are financial institutions that, due",TRUE,"O-SIIs stands for ""Other Systemically Important Institutions.""",TRUE
BIA,"BIA stands for ""Business Impact Analysis."" Within the context of EMIR, it refers to a systematic process used by financial institutions to assess the potential impacts of operational disruptions on their business activities, particularly in relation to derivatives trading and risk management. This analysis helps organizations identify critical functions, estimate potential losses, and develop strategies to mitigate risks in compliance with regulatory requirements.","Based on the extra information, I can confidently answer that a BIA (Business Impact Analysis) is a structured process to help understand and prepare for potential disruptions to a business, also referred to as a business impact assessment. It evaluates and analyzes the potential effects of an interruption in business operations, predicts the consequences of a disruption, and gathers information needed to develop recovery strategies.",TRUE,"BIA stands for Business Impact Analysis. It's a process used to identify and assess the potential impact of a disruption or loss of business operations on an organization. The goal of a BIA is to understand the critical business processes, identify potential risks, and prioritize mitigation efforts to minimize the impact of disruptions.

In a BIA, you typically identify the following:

1. Critical business processes: What are the essential functions that the organization relies on to operate?
2. Business continuity requirements: What are the minimum requirements for the organization to continue operating in the event of a disruption?
3. Risk assessment: What are the potential risks that could impact the organization's ability to operate?
4. Impact analysis: What would be the consequences of a disruption on the organization's operations, reputation, and financial stability?
5. Prioritization: Which critical processes and systems should be prioritized for mitigation and recovery efforts?

A BIA is often used in business continuity planning, disaster recovery planning, and risk management. It helps organizations develop a more robust and resilient business strategy by identifying and addressing potential vulnerabilities before they become major issues.

Would you like me to elaborate on any specific aspect of BIA or help with a related topic?",TRUE,BIA stands for Business Impact Analysis (or Business Impact Assessment). It is a structured process used to,TRUE,BIA stands for Bank Identification Number. It is a unique identifier assigned to each bank by the Federal,FALSE
JON,"JON stands for Joint Operations Network. In the context of EMIR, it refers to a collaborative framework used by market participants, including financial institutions, to share information and manage risk associated with derivative transactions. JON facilitates joint efforts to meet reporting and compliance obligations under EMIR.","Based on the extra information provided, I can answer that JON likely refers to Jon Larsen, a dedicated advisor at Renaissance Financial.",FALSE,"JON stands for Joint Ownership Nominee, which is a type of account structure used for holding assets, typically real estate or investments. In a JON arrangement, a nominee company or individual acts as the legal owner of the asset, while one or more individuals or entities have a beneficial interest in the asset.

The nominee company or individual is responsible for managing the asset, paying taxes, and handling any legal or administrative tasks. The beneficial owners, on the other hand, have a vested interest in the asset and can benefit from its appreciation in value or rental income, if applicable.

JONs are often used in estate planning, tax planning, and asset protection strategies. They can provide benefits such as:

1. Privacy: The beneficial owners' identities are not publicly disclosed, which can be beneficial for individuals seeking to keep their assets private.
2. Asset protection: JONs can provide an additional layer of protection for the beneficial owners' assets, as the nominee company or individual is the legal owner.
3. Tax efficiency: JONs can be used to optimize tax strategies, such as reducing tax liabilities or minimizing estate taxes.
4. Flexibility: JONs can be used for a variety of assets, including real estate, stocks, bonds, and other investments.

It's essential to note that JONs should be set up and managed carefully, as they can have complex legal and tax implications. It's recommended to consult with a financial advisor or attorney to determine if a JON is suitable for your specific situation.",FALSE,"Based on the provided information, ""JON"" is likely a reference to Jon Auge, who is",FALSE,"JON typically refers to ""Johnson & Johnson"" in the context of financial markets. Johnson & Johnson",FALSE
EGBPI,"EGBPI stands for European Government Bond Purchase Initiative. It is a program aimed at enhancing the functioning of the euro area bond markets, particularly in the context of market distortions and financial stability. While not directly part of EMIR, it relates to broader monetary and fiscal policies that interact with the underlying objectives of EMIR to promote transparency and reduce systemic risk in financial markets.","Based on the extra information provided, EGBPI stands for the Expert Group on Banking, Payments and Insurance, which provides advice to the European Commission in the preparation of delegated acts.",FALSE,"EGBPI stands for Excess Gross Budgeted Profitability Index. It's a financial metric used to evaluate the profitability of a project or investment by comparing its expected profitability to its budgeted costs.

The EGBPI is calculated by dividing the excess gross profit (i.e., the difference between the expected gross profit and the budgeted gross profit) by the budgeted gross profit. The result is then expressed as a percentage.

The EGBPI is useful in assessing the potential return on investment (ROI) of a project, as it takes into account the actual costs and expected profits. A higher EGBPI indicates a more profitable project, while a lower EGBPI suggests a less profitable or potentially unprofitable project.

Here's the formula to calculate EGBPI:

EGBPI = (Expected Gross Profit - Budgeted Gross Profit) / Budgeted Gross Profit

For example, if the expected gross profit is $100,000 and the budgeted gross profit is $80,000, the EGBPI would be:

EGBPI = ($100,000 - $80,000) / $80,000 = 25%

This means that the project is expected to generate 25% more profit than budgeted.

I hope that helps! Let me know if you have any further questions.",FALSE,"The Expert Group on Banking, Payments and Insurance (EGBPI) is a group that provides",FALSE,"EGBPI stands for ""Exchange-Generated Bid Price Improvement."" It is a term used in the",FALSE
RSB,"RSB stands for ""Registered Software Provider."" In the context of EMIR, RSBs are entities that provide software solutions for the reporting of derivatives transactions to trade repositories. They play a crucial role in ensuring compliance with EMIR's reporting obligations by enabling firms to accurately report their trades in a standardized manner.","Based on the extra information provided, RSB can stand for different things in the context of finance. 

RSB in Finance typically stands for Redeemable Secured Bonds, which are debt securities that can be redeemed by the issuer at a specified price before maturity.

However, without more context, it is also possible that RSB refers to RSB Financial Ltd, RSB Finance Pvt Ltd, or RSB Financial Services Private Limited, which are all companies registered in different locations.",FALSE,"RSB stands for Risk-Return Spectrum Benchmark. It's a financial concept used to evaluate investment portfolios and their potential returns in relation to their level of risk.

The RSB is a graphical representation that plots the expected return of an investment against its expected volatility or risk. The graph typically shows a trade-off between risk and return, where investments with higher potential returns often come with higher levels of risk, and vice versa.

The RSB is often used by investors, financial analysts, and portfolio managers to:

1. Evaluate the performance of different investment options, such as stocks, bonds, or mutual funds.
2. Determine the optimal asset allocation for a portfolio based on an investor's risk tolerance and return expectations.
3. Identify areas of the market that offer attractive risk-adjusted returns.

By understanding the RSB, investors can make more informed decisions about their investment choices and strive to achieve their financial goals while managing their risk exposure.",FALSE,"Based on the extra information provided, RSB in finance typically stands for Redeemable Secured Bonds",FALSE,"RSB stands for ""Required Supplementary Information.""",FALSE
SFD,"SFD stands for Supervisory Financial Data, which refers to the data that financial supervisors and regulators collect to monitor the financial health and risks of entities operating under the EMIR framework. This data is essential for ensuring compliance with EMIR requirements, such as reporting and risk mitigation for over-the-counter derivatives transactions.","Based on the extra information provided, SFD stands for ""Selected Financial Data"", which is a statement created with each copy of the federal T1 return.",FALSE,"SFD stands for Statement of Financial Disclosure. It is a document that reports an individual's financial interests, assets, and liabilities. The purpose of an SFD is to provide transparency and accountability by revealing the financial relationships and transactions of an individual, typically a public official, politician, or employee of a government agency.

In the United States, for example, the Ethics in Government Act of 1978 requires certain government employees and officials to file an annual SFD. The statement includes information about the individual's income, investments, real estate holdings, and other financial interests. The goal is to ensure that government officials are not using their positions for personal financial gain or to influence government decisions.

SFDs are often used to:

1. Prevent conflicts of interest: By disclosing their financial interests, government officials can avoid situations where their personal financial interests might conflict with their official duties.
2. Promote transparency: SFDs provide the public with information about the financial relationships and transactions of government officials, allowing citizens to hold them accountable.
3. Reduce corruption: By requiring officials to disclose their financial interests, SFDs can help prevent corrupt practices, such as bribery or embezzlement.

In summary, an SFD is a document that reports an individual's financial interests, assets, and liabilities, aiming to promote transparency, prevent conflicts of interest, and reduce corruption in government.",FALSE,"SFD stands for ""Selected Financial Data."" It is a statement created with each copy of the federal",FALSE,"SFD stands for ""Statement of Financial Disclosure.""",FALSE
MFF,"MFF stands for Multiannual Financial Framework. In the context of the EMIR regulatory framework, it refers to the long-term EU budget that outlines funding priorities and expenditure limits for a period usually spanning seven years. While it doesn’t directly dictate EMIR regulations, it can influence the resources allocated for implementing and enforcing financial market regulations, including those related to derivatives.","Based on the extra information provided, I can answer the question as follows:

MFF stands for Multiannual Financial Framework, which is a seven-year framework that regulates the European Union's annual budget by setting out the annual ceilings of expenditure that can be spent on various policy areas. In other words, it defines the structure and binding ceiling for expenditure as well as the revenue of the EU institutions.",TRUE,"MFF stands for Money Flow Formula. It's a technical indicator used in financial markets to measure the amount of money flowing into or out of a security, such as a stock or ETF, based on its price movements.

The Money Flow Formula is calculated by multiplying the average price of a security over a specific period by its trading volume. The resulting value is then plotted on a chart to create a visual representation of the money flow.

There are two main types of money flow: positive and negative. A positive money flow indicates that money is flowing into the security, while a negative money flow indicates that money is flowing out. The MFF can be used to identify trends, predict reversals, and make trading decisions.

Some traders use the MFF in conjunction with other technical indicators to confirm buy or sell signals, while others use it as a standalone indicator to identify potential trading opportunities.

Would you like to know more about how to apply the MFF in your trading strategy or how to calculate it?",FALSE,The Multiannual Financial Framework (MFF) is a financial planning tool used by the European,TRUE,"MFF stands for ""Market Facilitation Fund."" It is a fund established by the U.S",FALSE
OLAF,"OLAF stands for the European Anti-Fraud Office (Office Européen de Lutte Anti-Fraude). Within the context of EMIR, OLAF plays a role in ensuring the integrity of the European Union's financial interests by investigating fraud, corruption, and misconduct related to EU funds and activities, which can include areas affected by financial regulations like EMIR. It aims to improve the effectiveness of the EU's financial management and protect against potential fraud in financial markets.","Based on the extra information provided, OLAF is the European anti-fraud office, which is a directorate-general that combats fraud, corruption and other similar illicit activities in the European Union.",TRUE,"OLAF stands for the European Union's Office of the Chief Administrative Officer (OLAF). It is an independent European Union agency responsible for fighting fraud and corruption affecting the European Union's financial interests.

OLAF's main objectives are to:

1. Prevent and investigate fraud, corruption, and other irregularities affecting the EU's financial interests.
2. Protect the EU's financial interests by detecting and preventing fraud, corruption, and other irregularities.
3. Assist the European Commission, the European Parliament, and other EU institutions in their efforts to prevent and combat fraud and corruption.

OLAF's activities include:

1. Conducting investigations into suspected fraud, corruption, and other irregularities affecting the EU's financial interests.
2. Providing advice and guidance to EU institutions and agencies on fraud prevention and detection.
3. Developing and implementing anti-fraud measures and procedures.
4. Collaborating with other EU agencies, law enforcement agencies, and international organizations to combat fraud and corruption.

OLAF's work is crucial in ensuring the integrity of the EU's financial systems and protecting the EU's financial interests.",FALSE,OLAF stands for the European Anti-Fraud Office. It is a directorate-general that combats,TRUE,OLAF stands for the Office for the Investigation of Fraud and Corruption. It is an independent,FALSE
CIISI-EU,"CIISI-EU stands for the Central Securities Depository Regulation (CSDR) Internal Issuer's Information System for the European Union. Within the framework of EMIR, CIISI-EU is designed to enhance the transparency and management of securities, providing regulators and market participants with better access to information about securities issued in the EU. It also aids in compliance with reporting obligations under EMIR.","Based on the extra information provided, CIISI-EU is the Cyber Information and Intelligence Sharing Initiative-EU, which is a multilateral initiative that brings together a community of public and private entities to protect the financial system from cyberattacks and foster financial stability and confidence in the insurance and pensions markets.",FALSE,"CIISI-EU stands for Central Institution for Index-Linked Securities and Indices in the European Union. It is a European organization responsible for creating and maintaining a range of indices and benchmarks that are used to measure the performance of various financial instruments, such as bonds, equities, and commodities.

CIISI-EU was established in 1999 and is headquartered in London, UK. The organization is responsible for developing and maintaining a range of indices, including the widely followed Euro STOXX 50 Index, which tracks the performance of the 50 largest companies in the Eurozone.

CIISI-EU's indices are used by financial institutions, investment managers, and other market participants to track the performance of various asset classes and to create investment products, such as exchange-traded funds (ETFs) and index funds. The organization's indices are also used by central banks and other regulatory bodies to monitor economic trends and to make policy decisions.

Some of the key indices developed and maintained by CIISI-EU include:

* Euro STOXX 50 Index: tracks the performance of the 50 largest companies in the Eurozone
* STOXX Europe 600 Index: tracks the performance of the 600 largest companies in Europe
* STOXX Global 1800 Index: tracks the performance of the 1800 largest companies in the world
* Euro STOXX 20 Index: tracks the performance of the 20 largest companies in the Eurozone

Overall, CIISI-EU plays a critical role in the global financial markets, providing a framework for investors and financial institutions to track and measure the performance of various asset classes and to make informed investment decisions.",FALSE,CIISI-EU stands for the Critical Information Infrastructure Security in the EU. It is a community,FALSE,CIISI-EU stands for the Chicago International Institute of Science and Industry - Europe. It is,FALSE
CSIRTS,"CSIRTs, or Computer Security Incident Response Teams, are specialized groups responsible for managing and responding to cybersecurity incidents within organizations or sectors. Under the EMIR framework, which emphasizes risk management and transparency in financial markets, these teams play a critical role in ensuring the security and resilience of trading infrastructures and reducing the impact of cybersecurity threats on financial stability.","Based on the extra information provided, it seems that CSIRT stands for Computer Security Incident Response Team.",TRUE,"CSIRTS stands for Centralized Securities Information Retrieval and Transfer System. It is a web-based system used by the Securities and Exchange Board of India (SEBI) to facilitate the transfer of securities and to provide information on securities held in dematerialized form.

CSIRTS is a centralized platform that allows investors, brokers, and other market participants to access and update information related to their securities holdings, transfer securities, and receive notifications on various events related to their accounts.

The system provides a range of services, including:

1. Transfer of securities: CSIRTS enables the transfer of securities from one demat account to another, which is useful for investors who want to transfer their shares to a new account or to another broker.
2. Holding information: The system provides information on the securities held in dematerialized form, including the type of security, number of shares, and the demat account holder's name.
3. Event notifications: CSIRTS sends notifications to investors and brokers on various events related to their accounts, such as changes in holding, dividend declarations, and bonus issues.
4. Search and retrieval: The system allows users to search and retrieve information on securities holdings, transfer requests, and other events related to their accounts.

Overall, CSIRTS plays a crucial role in facilitating the smooth functioning of the Indian securities market by providing a centralized platform for the transfer of securities and access to information on securities holdings.",FALSE,"Based on the provided information, CSIRTS stands for Computer Security Incident Response Team. It is a",TRUE,CSIRTS stands for Computer Security Incident Response Team. It is a team of professionals responsible for managing,TRUE
T2S,"T2S (TARGET2-Securities) is a European platform that facilitates the settlement of securities transactions throughout Europe in a harmonized manner. It aims to provide a single and efficient settlement infrastructure to reduce costs and risks associated with cross-border securities transactions, thereby enhancing the overall stability and integration of European financial markets, in line with the objectives of EMIR and broader EU financial regulation.","Based on the extra information provided, I can confidently answer the question.

T2S stands for TARGET2-Securities, which is the Eurosystem's single technical platform enabling central securities depositories (CSDs) and national central banks to provide securities settlement services in central bank money.",TRUE,"T2S stands for Target2-Securities, which is a European Union (EU) project aimed at harmonizing and improving the settlement process for securities transactions across the EU. It is a pan-European platform that allows for the settlement of securities transactions in a single, standardized, and secure environment.

T2S was launched in 2015 and is operated by the Eurosystem, which is the monetary authority of the EU. The platform is designed to simplify and streamline the settlement process, reducing costs and risks associated with securities transactions.

Here are some key features of T2S:

1. Harmonization: T2S standardizes the settlement process, eliminating differences between national systems and making it easier for market participants to settle securities transactions across borders.
2. Single platform: T2S provides a single, centralized platform for securities settlement, allowing for the consolidation of multiple national systems.
3. Real-time gross settlement (RTGS): T2S uses RTGS, which means that transactions are settled in real-time, reducing the risk of settlement failures.
4. Securities settlement: T2S settles a wide range of securities, including equities, bonds, and other financial instruments.
5. Integration: T2S is integrated with other EU financial infrastructure, such as the European Central Bank's TARGET2 (Trans-European Automated Real-time Gross Settlement Express Transfer System) system, which settles euro-denominated cash transactions.

T2S has several benefits for market participants, including:

1. Simplified settlement process
2. Reduced costs and risks
3. Improved straight-through processing (STP)
4. Increased efficiency and transparency
5. Enhanced security and risk management

Overall, T2S is an important initiative that aims to create a more efficient, harmonized, and secure securities settlement environment across the EU.",TRUE,T2S stands for Target2-Securities. It is the Eurosystem's single technical,TRUE,T2S stands for Target2-Securities. It is a pan-European platform for the settlement,TRUE
TIPS,"TIPS stands for Target Instant Payment Settlement, a European payments system designed to enable real-time, 24/7 money transfers between bank accounts. Within the EMIR framework, TIPS facilitates efficient settlement of financial transactions, particularly for derivatives trades, by ensuring that payments occur instantaneously and reduce counterparty risk. This supports the overall goal of improving the safety and efficiency of the financial market infrastructure.","Based on the extra information provided, I can answer the question as follows:

TIPS stands for Treasury Inflation-Protected Securities, which are a type of US government bond designed to help safeguard wealth from inflation. They are issued by the US Treasury and are inflation-protected bonds (IPBs) that adjust their face value in step with changes in the Consumer Price Index (CPI).",FALSE,"TIPS stands for Treasury Inflation-Protected Securities. They are a type of government bond issued by the US Department of the Treasury that is designed to protect investors from inflation.

Here's how it works:

1. The principal amount of the bond is adjusted periodically to keep pace with inflation, as measured by the Consumer Price Index (CPI).
2. The interest rate on the bond is fixed, but the interest payments are adjusted for inflation, so the real value of the interest payments remains constant.
3. When the bond matures, the investor receives the adjusted principal amount, which is equal to the original principal amount plus any accrued interest.

TIPS are attractive to investors who are concerned about inflation and want to protect their purchasing power. They are also a good option for investors who want to diversify their fixed-income portfolio and reduce their exposure to inflation risk.

Some key benefits of TIPS include:

* Protection against inflation: TIPS provide a hedge against inflation, which can erode the purchasing power of other investments.
* Low credit risk: TIPS are backed by the full faith and credit of the US government, making them a very low-risk investment.
* Regular income: TIPS pay interest semi-annually, providing regular income to investors.
* Flexibility: TIPS can be held until maturity or sold on the market before maturity.

However, TIPS also have some drawbacks, including:

* Lower returns: TIPS typically offer lower returns than other types of bonds, due to their inflation-indexed returns.
* Volatility: The value of TIPS can be affected by changes in inflation expectations and market conditions.

Overall, TIPS can be a valuable addition to a diversified investment portfolio, especially for investors who are concerned about inflation and want to protect their purchasing power.",FALSE,"TIPS, or Treasury Inflation-Protected Securities, are a type of U.S. government",FALSE,TIPS stands for Treasury Inflation-Protected Securities. They are a type of U.S.,FALSE
FMIs,"FMIs stands for Financial Market Infrastructures. Within the context of EMIR, FMIs include organizations such as clearing houses, payment systems, and trade repositories that facilitate and help manage financial transactions. EMIR emphasizes the importance of these infrastructures in ensuring the stability and transparency of the over-the-counter (OTC) derivatives market.","Based on the extra information, I can answer the question.

FMIs stands for Financial Market Infrastructures, which are key components of the financial system, delivering services critical to the smooth functioning of financial markets.",TRUE,"FMIs stands for Financial Market Infrastructures. Financial Market Infrastructures (FMIs) refer to the systems, organizations, and institutions that facilitate the clearing, settlement, and recording of financial transactions, such as payments, securities, and derivatives.

FMIs play a critical role in maintaining the stability and efficiency of financial markets by providing a safe and secure environment for transactions to be processed, cleared, and settled. They also help to reduce the risk of errors, fraud, and default, which can have a significant impact on the financial system.

Examples of FMIs include:

1. Central Banks: Many central banks operate FMIs, such as payment systems and securities settlement systems.
2. Clearinghouses: Clearinghouses act as intermediaries between buyers and sellers, ensuring that trades are settled and that the risk of default is minimized.
3. Exchanges: Stock exchanges, commodity exchanges, and other types of exchanges are also considered FMIs.
4. Central Securities Depositories (CSDs): CSDs are responsible for holding, recording, and settling securities transactions.
5. Payment Systems: Payment systems, such as SWIFT, facilitate the transfer of funds between banks and other financial institutions.

FMIs are subject to strict regulations and oversight to ensure their integrity, security, and resilience. They are also required to implement robust risk management and compliance frameworks to mitigate the risk of errors, fraud, and default.

In summary, FMIs are essential components of the financial system, enabling the efficient and secure processing of financial transactions, and providing a foundation for the stability and growth of the economy.",TRUE,"Based on the extra information provided, FMIs stands for Financial Market Infrastructures. They are systems that",TRUE,FMIs stands for Financial Market Infrastructure.,FALSE
SSM,"SSM stands for Single Supervisory Mechanism. It is a system established by the European Union to supervise banks within the euro area and ensure their safety and soundness. Under EMIR, SSM plays a crucial role in overseeing the compliance of credit institutions with regulatory requirements, including those related to derivatives transactions.","Based on the extra information provided, I can confidently answer that SSM stands for the Single Supervisory Mechanism, which is a system of banking supervision that includes the European Central Bank (ECB) and national competent authorities (NCAs) of participating EU member states.",TRUE,"SSM stands for Statement of Special Mention. It's a report issued by a bank or other financial institution to a borrower who has a troubled debt relationship. In other words, it's a warning that a borrower's loan is at risk of default.

A Statement of Special Mention is typically issued when a borrower's loan is experiencing difficulties, such as missed payments, high levels of delinquency, or other signs of financial distress. The report is meant to alert the borrower that their loan is at risk of default and that they need to take immediate action to address the issue.

The SSM report is often used as a warning before a loan is officially classified as a non-performing asset (NPA). It's an opportunity for the borrower to work with the lender to resolve the issue and get their loan back on track.

Does that make sense?",FALSE,The SSM stands for Single Supervisory Mechanism. It is a system of banking supervision in the,TRUE,SSM stands for State and Local Governmental Accounting Standards Board.,FALSE
TIBER-EU,"TIBER-EU stands for the Tiber European Framework, which is an initiative designed to enhance the resilience of the financial sector against cyber threats. It provides a structured approach for financial institutions to conduct intelligence-led testing of their cyber security defenses, thereby ensuring compliance with EMIR requirements related to operational risk and business continuity in the context of increasing digital vulnerabilities.","Based on the extra information provided, I can answer the question.

TIBER-EU is a European framework for threat intelligence-based ethical red-teaming, specifically designed for companies in the financial sector. It provides comprehensive guidance on how authorities, entities, and threat intelligence teams can work together to test and improve cybersecurity.",TRUE,"TIBER-EU stands for Testing Infrastructure for Banking and Financial Services in the European Union. It is a European Union-funded project aimed at developing a testing infrastructure for financial services in the EU.

TIBER-EU provides a common framework for testing and certification of financial services, including payment systems, securities settlement systems, and other financial market infrastructure. The project aims to ensure the reliability, security, and interoperability of these systems, thereby reducing the risk of errors, fraud, and other disruptions in the financial markets.

TIBER-EU is designed to facilitate the testing and certification of financial services by providing a set of standardized test cases, tools, and methodologies. This allows financial institutions, system providers, and other stakeholders to test and certify their systems more efficiently and effectively, thereby reducing the risk of errors and improving the overall reliability of financial services.

The TIBER-EU project is led by the European Central Bank (ECB) and involves a consortium of financial institutions, system providers, and other stakeholders from across the EU. The project is expected to have a significant impact on the financial services industry in the EU, by improving the reliability, security, and interoperability of financial services, and reducing the risk of errors and disruptions in the financial markets.",FALSE,TIBER-EU is a European framework for threat intelligence-based ethical red-teaming. It provides,TRUE,"TIBER-EU is a European initiative aimed at creating a new, pan-European payment system that",FALSE
TCT,"TCT stands for Trade Confirmation Trade, which refers to the process of verifying and confirming the details of a transaction between counterparties in the derivatives market. Under EMIR, timely confirmation of trades is crucial to ensure transparency and reduce counterparty risk in line with the regulation's requirements for reporting and risk mitigation.","Based on the extra information provided, it appears that TCT stands for ""TCT"" which was established in 1959 to improve the financial health and well-being of its founding members in the school community and their families.",FALSE,"TCT stands for Total Cost of Transition. It's a financial concept used to evaluate the total cost of transitioning from one financial product, service, or system to another. This could include things like switching from one bank account to another, moving from a traditional pension plan to a self-directed retirement account, or transitioning from one investment portfolio to another.

TCT is often used to help individuals or organizations make informed decisions about their financial transitions by considering all the costs involved, including:

1. Upfront costs: Fees, commissions, or other charges associated with the transition.
2. Ongoing costs: Ongoing fees, management fees, or other expenses related to the new product or service.
3. Opportunity costs: The potential benefits or returns that could have been achieved if the transition had not occurred.
4. Time costs: The time and effort required to complete the transition, including any administrative or paperwork tasks.

By considering the total cost of transition, individuals or organizations can make a more informed decision about whether the benefits of the new product or service outweigh the costs, and plan accordingly.",FALSE,"Based on the provided information, TCT stands for ""Teacher Credit Union."" It was established in ",FALSE,"TCT typically stands for ""Total Cost of Ownership"" in the context of financial and business analysis",FALSE
DOI,"DOI stands for ""Delegated Reporting of Over-the-Counter Derivatives."" Within the EMIR framework, it refers to the process where one party to a derivative transaction can delegate the responsibility of reporting the details of that trade to a third party, often a service provider or counterparty. This aims to simplify compliance with reporting obligations while ensuring that all necessary information is reported to the relevant trade repository.","Based on the extra information, I can answer the question in two different ways, depending on the context.

If the context is related to digital objects, such as articles or documents, then DOI stands for Digital Object Identifier, which is a unique string of numbers, letters, and symbols used to identify a digital object.

On the other hand, if the context is related to inventory management, then DOI stands for Days Inventory Outstanding, which is the average number of days it takes for inventory to be sold.",FALSE,"DOI stands for Digital Object Identifier. It's a unique alphanumeric string assigned to a digital object, such as an article, book, or research paper, to identify and locate it uniquely.

In the financial industry, DOIs are commonly used to identify and track financial documents, such as research reports, articles, and publications. This helps to:

1. Uniquely identify a document: A DOI provides a permanent and persistent identifier for a document, making it easy to find and reference.
2. Track citations: DOIs help track the number of times a document has been cited, providing valuable insights into its impact and relevance.
3. Provide persistent links: DOIs can be used to create persistent links to a document, ensuring that even if the document is moved or re-published, the link remains valid.

In the financial industry, DOIs are often used by financial institutions, research firms, and regulatory bodies to identify and track financial documents, such as:

* Research reports
* Company filings
* Regulatory announcements
* Market data reports

By using DOIs, financial professionals can quickly and easily locate and access relevant information, streamline their research, and make more informed decisions.",FALSE,"A DOI (Digital Object Identifier) is a unique and persistent identifier for digital objects, such as articles",FALSE,"In the context of financial exchanges, ""DOI"" typically stands for ""Date of Issue."" This",FALSE
DG AGRI,"DG AGRI refers to the Directorate-General for Agriculture and Rural Development, which is part of the European Commission. While it is not specifically focused on EMIR, DG AGRI plays a role in shaping agricultural policies and rural development within the EU, impacting the agricultural sector which can be indirectly affected by financial regulations like EMIR that govern derivatives trading and risk management.","Based on the extra information provided, I can answer the question.

DG AGRI stands for the Directorate-General for Agriculture and Rural Development, which is an organization that supports and promotes a knowledge and evidence-based green and... (the extra information is cut off, but it seems to be referring to a development or initiative).

In simpler terms, DG AGRI is a department within the European Commission that focuses on agriculture and rural development, aiming to promote sustainable and evidence-based practices in these areas.",TRUE,"DG AGRI stands for Directorate-General for Agriculture and Rural Development, which is a department within the European Commission responsible for agricultural and rural development policies.

The DG AGRI is responsible for developing and implementing policies that promote sustainable agriculture, rural development, and food security in the European Union. Some of the key areas of focus for the DG AGRI include:

1. Agricultural production and market policies: The DG AGRI works to ensure a stable and competitive agricultural market, while also promoting sustainable agricultural practices.
2. Rural development: The DG AGRI supports rural development initiatives that promote economic growth, social cohesion, and environmental protection in rural areas.
3. Food security and nutrition: The DG AGRI works to ensure that everyone has access to safe and nutritious food, while also promoting sustainable food systems.
4. Agricultural research and innovation: The DG AGRI supports research and innovation in agriculture, to improve agricultural productivity, efficiency, and sustainability.
5. International cooperation: The DG AGRI works with international partners to promote global food security, sustainable agriculture, and rural development.

The DG AGRI is also responsible for implementing EU agricultural and rural development policies, such as the Common Agricultural Policy (CAP) and the European Agricultural Fund for Rural Development (EAFRD).",TRUE,DG AGRI stands for the Directorate-General for Agriculture and Rural Development. It is a department within the,TRUE,"DG AGRI stands for ""Directorate-General for Agriculture and Rural Development."" It is a department of",TRUE
EGTOP,"EGTOP stands for the “Expert Group on Taxonomy of Financial Products.” Within the context of EMIR, EGTOP provides expert advice to the European Commission regarding the classification and taxonomy of financial instruments under the regulation. This is essential for maintaining clarity and consistency in the reporting and processing of derivatives transactions as required by EMIR.","Based on the extra information provided, EGTOP stands for the ""Expert Group for Technical Advice on Organic Production"".",FALSE,"EGTOP is an acronym that stands for ""Expected Growth to Operations Profit"". It's a financial metric used to evaluate the expected growth rate of a company's operations profit, which is the profit earned from the company's core business activities.

EGTOP is often used by investors and analysts to assess a company's future profitability and potential for growth. It's calculated by estimating the growth rate of a company's operations profit over a specific period, usually a few years.

For example, if a company's operations profit is expected to grow by 10% annually over the next three years, the EGTOP would be 10%. This metric can help investors make informed decisions about whether to invest in a company, as well as help companies set goals and prioritize their strategic initiatives.

EGTOP is often used in conjunction with other financial metrics, such as earnings per share (EPS), revenue growth rate, and return on equity (ROE), to get a comprehensive view of a company's financial performance and potential.",FALSE,EGTOP is a permanent group that advises on many areas of organic production. It produces regular reports,FALSE,"EGTOP stands for ""Eastern Time."" It is a time zone used in the United States and",FALSE
SCA,"SCA stands for Strong Customer Authentication. Within the context of EMIR, SCA refers to the requirement for financial institutions to implement robust verification processes to ensure that transactions are authorized by the rightful user. This is particularly relevant in the context of electronic trading and other financial transactions to enhance security and reduce fraud risks.","Based on the extra information, I can confidently answer that SCA stands for Strong Customer Authentication, and it's a regulatory requirement aimed to increase the security of electronic payment services by reducing fraud and building trust.",TRUE,"SCA stands for Strong Customer Authentication, which is a security requirement introduced by the European Union's Payment Services Directive (PSD2) to enhance the security of online transactions.

SCA aims to reduce the risk of fraud and unauthorized transactions by requiring additional authentication steps when a customer is making a payment online. This can include:

1. Two-factor authentication (2FA): This involves using two different forms of verification, such as a password and a fingerprint.
2. Three-factor authentication (3FA): This involves using three different forms of verification, such as a password, a fingerprint, and a one-time code sent to a mobile phone.
3. Biometric authentication: This involves using unique physical or behavioral characteristics, such as facial recognition or voice recognition, to verify the customer's identity.
4. Behavioral analysis: This involves monitoring the customer's behavior and transaction patterns to identify potential fraud.

SCA applies to all online transactions, including card-not-present (CNP) transactions, where the card is not physically present at the time of the transaction. This includes online purchases, as well as transactions made through mobile devices or other digital channels.

Merchants and payment service providers must comply with SCA requirements to ensure that they are providing a secure and trustworthy payment environment for their customers.",TRUE,SCA stands for Strong Customer Authentication. It is a security measure that requires users to provide two or,TRUE,"SCA stands for ""Secure Customer Authentication."" It is a set of guidelines and requirements designed to enhance",FALSE
INSEE,"INSEE stands for ""Interbank Network for Securities Execution and Exchange."" Within the context of EMIR, it refers to a network that facilitates the secure exchange and execution of transactions involving over-the-counter (OTC) derivatives. It plays a crucial role in ensuring the transparency and efficiency of these transactions under the regulatory framework established by EMIR.","Based on the extra information provided, INSEE stands for the National Institute for Statistics and Economic Studies, which collects and produces information on the French economy and society.",FALSE,"INSEE stands for Institut National de la Statistique et des Études Économiques, which is the French National Institute for Statistics and Economic Studies. It is a government agency responsible for collecting and analyzing data on the French economy, population, and society.

INSEE is responsible for producing a wide range of statistics, including:

* National accounts and GDP
* Inflation and consumer prices
* Employment and unemployment
* Population demographics and migration
* Education and health
* Business and industry data

INSEE's data is widely used by policymakers, businesses, and researchers to inform decision-making and understand trends in the French economy and society. The institute is also responsible for conducting surveys and censuses to gather data on various aspects of French life.

In the context of personal finance, INSEE data can be useful for understanding the French economy and making informed decisions about investments, savings, and other financial matters. For example, INSEE's data on employment and unemployment rates can help individuals make decisions about job searching or career changes.",FALSE,INSEE stands for the National Institute for Statistics and Economic Studies. It is a French government agency responsible,FALSE,INSEE stands for Institut National de la Statistique et des Études Économiques. It is,FALSE
RRF,"RRF stands for Regulatory Reporting Framework. In the context of EMIR, it refers to the set of rules and standards that entities must follow to report transactions and positions related to derivatives to trade repositories. The RRF aims to enhance transparency in the derivatives market and facilitate effective oversight by regulatory authorities.","Based on the extra information, there are two possible meanings of RRF:

1. Recurring Revenue Financing (RRF): This refers to funding that is based on a company's predictable revenue streams, such as ARR or MRR, and is mostly used by growth companies.
2. Recovery and Resilience Facility (RRF): This is an EU flagship initiative aimed at mitigating the economic and social impact of the COVID-19 pandemic.

Without more context, it's difficult to determine which definition is most relevant. However, if you're asking about RRF in the context of finance, I would lean towards the first definition, Recurring Revenue Financing (RRF), as it is a specific type of funding mechanism.

If you're asking about RRF in a broader context, the second definition, Recovery and Resilience Facility (RRF), might be more relevant, as it is a European Union initiative.

Please provide more context or clarify which RRF you are referring to, and I'll do my best to provide a more specific answer.",FALSE,"RRF stands for Restaurant Revitalization Fund. It's a program established by the United States Small Business Administration (SBA) to provide financial assistance to restaurants, bars, and other food establishments that were affected by the COVID-19 pandemic.

The Restaurant Revitalization Fund was created as part of the American Rescue Plan Act of 2021 and provides grants to eligible applicants to help them recover from the pandemic. The program aims to support the revitalization of the restaurant industry, which was severely impacted by the pandemic.

Eligible applicants can use the grants to cover a wide range of expenses, including:

1. Payroll costs
2. Rent and mortgage payments
3. Utilities
4. Food and beverage costs
5. Marketing and advertising expenses
6. Supplies and equipment

The grants are awarded on a first-come, first-served basis, and the amount of each grant is based on the applicant's pandemic-related revenue loss. The program has a total funding of $28.6 billion, and applications are being accepted until the funds are depleted.

If you're a restaurant owner or operator, I recommend checking the SBA's website for more information on the Restaurant Revitalization Fund and to see if you're eligible to apply.",FALSE,"Based on the extra information provided, there are two different entities named RRF:

1. **Reco",FALSE,RRF stands for Residential Real Estate Financing.,FALSE
SDGs,"SDGs stands for Sustainable Development Goals. While not directly part of the EMIR regulatory framework, the SDGs are a set of 17 global goals established by the United Nations to address various social, economic, and environmental challenges. In the context of EMIR, achieving sustainable finance can align with these goals, as EMIR promotes transparency and stability in the derivatives market, contributing to broader financial integrity and sustainability efforts.","Based on the extra information provided, I can answer the question.

SDGs stands for Sustainable Development Goals, which are a set of global development targets adopted by the member countries of the United Nations.",TRUE,"SDGs stands for Sustainable Development Goals. They are a set of 17 goals adopted by the United Nations in 2015 to achieve a better and more sustainable future for all. The SDGs are a universal call to action to end poverty, protect the planet, and ensure that all people enjoy peace and prosperity.

The 17 SDGs are:

1. No Poverty
2. Zero Hunger
3. Good Health and Well-being
4. Quality Education
5. Gender Equality
6. Clean Water and Sanitation
7. Affordable and Clean Energy
8. Decent Work and Economic Growth
9. Industry, Innovation and Infrastructure
10. Reduced Inequalities
11. Sustainable Cities and Communities
12. Responsible Consumption and Production
13. Climate Action
14. Life Below Water
15. Life On Land
16. Peace, Justice and Strong Institutions
17. Partnerships for the Goals

The SDGs are a comprehensive framework for achieving sustainable development, and they cover a wide range of issues, including poverty, inequality, climate change, and economic development. They are meant to be a guiding framework for governments, businesses, civil society, and individuals to work together to achieve a better future.

In the financial sector, the SDGs are relevant in several ways, such as:

* Impact investing: Investing in projects and companies that aim to achieve specific SDGs, such as affordable energy or clean water.
* Sustainable finance: Providing financial products and services that support sustainable development, such as green bonds or sustainable agriculture loans.
* Risk management: Identifying and managing risks associated with climate change, natural disasters, and other environmental and social issues.
* Reporting and transparency: Providing transparency on the impact of financial activities on the SDGs, and reporting on progress towards achieving the goals.

Overall, the SDGs offer a framework for achieving sustainable development, and the financial sector has a critical role to play in supporting this effort.",TRUE,The Sustainable Development Goals (SDGs) are a set of 17 global goals set by the,TRUE,SDGs stands for Sustainable Development Goals. They are a collection of 17 global goals set by,TRUE
RP,"In the context of EMIR, ""RP"" stands for ""Reporting Party."" This is the entity responsible for submitting details of derivatives transactions to a trade repository, ensuring compliance with EMIR's reporting requirements to enhance transparency in the derivatives market. The reporting party is typically the counterparty to the transaction, but it can be designated by agreement between the parties involved.","Based on the extra information, I can answer that RP can refer to two different things:

1. Repurchase Agreement (RP): A short-term loan where both parties agree to the sale and future repurchase of assets within a specified contract period, mainly in government securities.
2. Relative Performance (RP): A measure that compares a stock's performance to a specific index, indicating strength or weakness.

To determine which one is the correct answer, I would need more context or information about the question. If the question is asking about a financial agreement or a loan, then the first definition of RP is more likely to be correct. If the question is asking about a stock's performance, then the second definition of RP is more likely to be correct.

Please provide more context or clarify which RP you are referring to, and I'll do my best to provide a more accurate answer.",FALSE,"RP can refer to two different things in the financial world:

1. Risk Premium: In finance, the risk premium is the additional return that investors demand for taking on risk. It's the difference between the expected return of a risk-free asset (such as a government bond) and the expected return of a risky asset (such as a stock). The risk premium is a way to measure the additional compensation that investors require for assuming risk.
2. Return on Principal: In accounting and finance, RP is sometimes used as an abbreviation for Return on Principal. This refers to the return or profit earned on the initial investment or principal amount. For example, if you invest $100 and earn a 10% return, the RP would be $10.

Without more context, it's difficult to determine which definition is most relevant. If you have any additional information or clarification, I'd be happy to help further!",FALSE,RP stands for Repurchase Agreement. It is a short-term loan where both parties agree to the sale,FALSE,"RP typically stands for ""Risk Premium"" in the context of finance. A risk premium is the additional",FALSE
EMU,"EMU stands for Economic and Monetary Union, which is a group of European Union (EU) member states that have adopted a single currency, the euro, and coordinate their economic policies. Within the context of EMIR, EMU is significant because it encompasses financial stability measures that impact derivatives markets, requiring member states to comply with EMIR regulations to enhance transparency and reduce systemic risks in financial transactions.","Based on the extra information provided, EMU stands for European Economic and Monetary Union. It is a system that combines several European Union (EU) member states into a cohesive economic system, launched in 1992.",TRUE,"EMU stands for European Monetary Union. It's a monetary union that was established in 1993, with the goal of creating a single currency, the Euro, for the participating countries.

The EMU is a part of the European Union (EU) and consists of 19 of the 27 EU member states, including Germany, France, Italy, and Spain, among others. The EMU is responsible for monetary policy, which includes setting interest rates and regulating the money supply, to maintain price stability and promote economic growth.

The key features of the EMU are:

1. Single currency: The Euro is the official currency of the EMU, replacing the national currencies of the participating countries.
2. Central Bank: The European Central Bank (ECB) is responsible for setting monetary policy and regulating the Eurozone's financial system.
3. Fiscal policy coordination: The EMU has a framework for coordinating fiscal policies, which aims to ensure that member states' budgetary policies are consistent with the overall economic goals of the union.
4. Economic governance: The EMU has a set of rules and procedures for monitoring and addressing economic imbalances and crises within the Eurozone.

The EMU has been instrumental in promoting economic stability, growth, and integration within the EU, and has also played a key role in shaping the global economy.",TRUE,The European Economic and Monetary Union (EMU) is a group of European Union (EU),TRUE,EMU stands for European Monetary Union. It is a group of European countries that have adopted the,FALSE
CSOs,"CSOs, or Central Securities Organizations, are entities that play a crucial role within the EMIR framework by providing clearing services for over-the-counter (OTC) derivatives. They ensure the efficient and secure clearing of transactions, helping to mitigate counterparty risk and enhance market stability. CSOs are often referred to as Central Counterparties (CCPs) when they function as intermediaries between buyers and sellers in the derivatives market.","Based on the extra information provided, it appears that CSOs can refer to two different things:

1. Civil Society Organizations (CSOs): These are non-profit organizations that work towards social causes, such as health, education, and social inclusion.
2. Investment Grade Collateralized Synthetic Obligations (CSOs): These are a type of asset-backed security (ABS) in the financial market.

Without more context, it is difficult to determine which definition is most relevant to the question. However, if you could provide more information or clarify which type of CSO you are referring to, I would be happy to try and provide a more specific answer.",FALSE,"CSO stands for Chief Sustainability Officer. A CSO is a high-level executive responsible for overseeing an organization's sustainability strategy, goals, and initiatives. Their primary focus is on ensuring that the organization's operations, products, and services have a positive impact on the environment, society, and the economy.

A CSO typically reports directly to the CEO or other senior leadership and works closely with other departments, such as operations, supply chain, marketing, and human resources, to integrate sustainability into the organization's overall strategy.

Some of the key responsibilities of a CSO may include:

1. Developing and implementing sustainability strategies and goals
2. Conducting environmental, social, and governance (ESG) risk assessments and reporting
3. Collaborating with stakeholders, including employees, customers, suppliers, and investors
4. Developing and implementing sustainability metrics and key performance indicators (KPIs)
5. Communicating sustainability performance and progress to stakeholders
6. Identifying and mitigating environmental and social impacts
7. Developing and implementing sustainable products and services
8. Collaborating with other organizations and industry groups to advance sustainability best practices

The role of a CSO is becoming increasingly important as organizations recognize the importance of sustainability in their operations and supply chains. A CSO can help an organization reduce its environmental footprint, improve its social impact, and enhance its reputation and brand.",FALSE,"Based on the provided information, CSOs stands for Civil Society Organizations. They are non-profit organizations that",FALSE,CSOs stands for Central Securities Depositories.,FALSE
NRRPs,"NRRPs stands for Non-Retail Repurchase Agreements. Within the context of EMIR, NRRPs refer to a type of transaction involving the sale and subsequent repurchase of securities, where the counterparties are typically institutional entities rather than individual retail investors. EMIR aims to increase transparency and reduce systemic risk in these markets, requiring reporting and counterparty risk mitigation measures for such agreements.","Based on the extra information provided, I can answer the question.

NRRPs stands for National Recovery and Resilience Plans. According to the extra information, Member States have drawn up individual national recovery and resilience plans (NRRPs), laying down a number of... and the regulatory framework governing the allocation of RRF funds requires Member States to prepare national recovery and resilience plans (NRRPs)... This suggests that NRRPs are plans prepared by Member States to receive funds from the Recovery and Resilience Facility (RRF).",FALSE,"NRRPs stands for Net Realizable Value of Probable Sales. It's a term used in financial accounting, particularly in the context of asset valuation and impairment testing.

In simple terms, NRRPs represents the estimated selling price of an asset, minus the estimated costs of selling that asset, minus any other estimated costs or liabilities associated with the sale. This calculation helps to determine the net amount that can be realized from the sale of an asset, taking into account the costs and potential losses involved.

NRRPs is often used in the following scenarios:

1. Asset impairment testing: Companies may use NRRPs to determine whether an asset's carrying value is impaired and needs to be written down to its recoverable amount.
2. Asset valuation: NRRPs can be used to estimate the value of an asset for financial reporting or tax purposes.
3. Asset disposal: Companies may use NRRPs to determine the net proceeds from the sale of an asset, which can help them plan their cash flow and financial decisions.

The calculation of NRRPs typically involves estimating the following components:

1. Estimated selling price: The amount that the asset can be sold for in its current condition.
2. Estimated costs of selling: The costs associated with selling the asset, such as commissions, fees, and other expenses.
3. Estimated costs or liabilities: Any additional costs or liabilities that may arise from the sale of the asset, such as taxes, penalties, or environmental remediation costs.

By subtracting these costs from the estimated selling price, companies can arrive at the NRRPs, which represents the net amount that can be realized from the sale of the asset.",FALSE,NRRPs stands for National Recovery and Resilience Plans. These are plans drawn up by Member States,FALSE,NRRPs stands for National Recovery and Reinvestment Program.,FALSE
OCS,"OCS stands for ""Operational Continuity and Resilience."" Within the EMIR framework, it refers to requirements and measures that ensure that central counterparty clearing houses (CCPs) can maintain their operations and manage risks effectively, particularly during periods of market stress or disruptions. This includes having robust processes in place for recovery and continuity of critical functions.","Based on the extra information provided, OCS appears to be a digital lending hub that has been operating in the retail financial market for over 30 years, offering technologies and solutions to financial and banking companies.",FALSE,"OCS stands for Open Contracting Services. It's a platform that provides a suite of tools and services to help governments and public institutions manage their contracts and procurement processes in a more transparent, efficient, and accountable manner.

OCS is designed to facilitate the sharing of contract information, reduce corruption, and increase competition among bidders. It allows governments to publish contract data in a standardized format, making it easier for citizens, businesses, and other stakeholders to access and use this information.

Some of the key features of OCS include:

1. Contract publishing: OCS allows governments to publish contract data, including details on the contracting process, tendering, and awarding of contracts.
2. Data analytics: OCS provides data analytics tools to help governments and stakeholders analyze contract data, identify trends, and make informed decisions.
3. Transparency: OCS promotes transparency by making contract information easily accessible to the public.
4. Collaboration: OCS enables collaboration between governments, businesses, and civil society organizations to improve the contracting process and reduce corruption.

By using OCS, governments can improve their procurement processes, reduce corruption, and increase transparency, ultimately benefiting citizens and businesses alike.",FALSE,"Based on the provided information, OCS is a leading digital partner in the banking sector, specializing",FALSE,"OCS stands for ""Other Comprehensive Income."" It is a component of a company's equity that includes",FALSE
EPPO,"EPPO stands for the European Payment Institutions and E-money Providers Organization. Within the context of EMIR, EPPO is involved in representing payment institutions and electronic money institutions, which could be affected by EMIR regulations. Although primarily focused on payment services, understanding EPPO’s role helps in comprehending how various financial entities interact with EMIR regulations regarding clearing and reporting obligations.","Based on the extra information provided, EPPO stands for the European Public Prosecutor's Office, which is an independent authority established in 2020 to investigate fraud, corruption, and money laundering related to EU funds.",FALSE,"EPPO stands for European Payment Procedures Online. It's a payment platform that facilitates cross-border transactions between businesses and individuals in the European Union (EU). EPPO was introduced by the European Commission to simplify and streamline the payment process, making it easier for merchants to receive payments from customers in other EU countries.

EPPO allows for the exchange of payment information and funds between banks and financial institutions across the EU, eliminating the need for multiple payment processing systems and reducing the risk of errors and delays. This platform is particularly useful for businesses that operate online or have international customers, as it enables them to receive payments in a more efficient and secure manner.

EPPO also provides additional benefits, such as:

1. Reduced costs: By eliminating the need for multiple payment processing systems, merchants can save on transaction fees and costs.
2. Increased security: EPPO uses advanced security measures to protect payment transactions and reduce the risk of fraud.
3. Simplified compliance: EPPO ensures that merchants comply with EU payment regulations, reducing the administrative burden and risk of non-compliance.

Overall, EPPO is an important step towards creating a more seamless and efficient payment landscape in the EU, making it easier for businesses to operate across borders and for individuals to make payments online.",FALSE,The European Public Prosecutor's Office (EPPO) is an independent authority established by the European,FALSE,"EPPO stands for ""Electronic Payment Processing Order."" It refers to the process of electronically transmitting payment",FALSE
CPSR,"CPSR stands for Clearing Portfolio and Systematic Risk. In the context of EMIR, it refers to the framework that enables the assessment and management of risks arising from derivative transactions that are cleared through central counterparties (CCPs). The CPSR aims to enhance the stability and transparency of the financial system by ensuring that risks associated with derivatives trading are effectively monitored and mitigated.","Based on the extra information provided, I can answer the question.

CPSR stands for Contractor Purchasing System Review, which is a review conducted by the government to evaluate a contractor's system for purchasing and subcontracting.",FALSE,"CPSR stands for Current Periodic Savings Rate, which is a financial metric used to measure the rate at which an individual or household is saving money over a specific period of time.

The CPSR is calculated by dividing the total amount of savings made during a particular period (e.g., a month, quarter, or year) by the total income earned during that same period. The result is expressed as a percentage.

For example, if an individual earns $4,000 in a month and saves $1,200, their CPSR would be 30% ($1,200 ÷ $4,000).

CPSR is an important metric for individuals and households to track, as it helps them understand their savings habits and identify areas for improvement. It can also be used by financial institutions and planners to assess an individual's financial health and provide guidance on savings strategies.

Would you like to know more about how to calculate CPSR or how to use it to improve your savings?",FALSE,CPSR stands for Contractor Purchasing System Review. It is a review conducted by the,FALSE,CPSR stands for Credit Portfolio Standard Risk. It is a regulatory framework used by financial institutions to,FALSE
DCMA,"DCMA stands for Derivative Clearing Member Association. Within the EMIR framework, it refers to an association of clearing members that facilitates discussions and sharing of best practices among its members regarding the clearing of derivatives. The DCMA aims to promote standardization and efficiency in the clearing process, helping to ensure compliance with EMIR's clearing obligations.","Based on the extra information provided, DCMA stands for Defense Contract Management Agency. According to the official site of DCMA, the agency ensures the integrity of the contracting process and provides a range of services to ensure that contractor supplies and services are delivered on time, at projected cost, and meet all performance requirements.",FALSE,"DCMA stands for Defense Contract Management Agency. It's an agency of the United States Department of Defense (DoD) responsible for ensuring that defense contractors deliver high-quality products and services on time and within budget.

DCMA's primary mission is to protect the government's interests by providing contract management services to the DoD, including:

1. Contract administration: DCMA administers defense contracts, ensuring compliance with contractual terms and conditions.
2. Quality assurance: DCMA verifies that contractors meet quality standards, ensuring that products and services meet the required specifications.
3. Financial management: DCMA monitors contractor financial performance, ensuring that contractors accurately report and pay taxes, and that they comply with federal regulations.
4. Property management: DCMA is responsible for the management of government property, including equipment, supplies, and real estate.
5. Dispute resolution: DCMA helps resolve disputes between contractors and the government, ensuring that issues are resolved fairly and efficiently.

DCMA plays a critical role in supporting the DoD's acquisition process, ensuring that defense contractors deliver high-quality products and services to support national security and defense missions.",FALSE,DCMA stands for Defense Contract Management Agency. It is a United States government agency that ensures the integrity,FALSE,"DCMA stands for ""Derivatives Clearing and Margin Agreement."" It is a contract between a",FALSE
ACO,"ACO stands for ""Authorized Clearing Organization."" Within the context of EMIR, an ACO is a clearing house authorized by a national regulator to provide clearing services for derivatives. ACOs play a crucial role in ensuring the stability of the financial system by helping to manage counterparty risk through the centralized clearing of standardized derivative contracts.","Based on the extra information provided, an Accountable Care Organization (ACO) is a network of healthcare providers who collaborate to provide improved and more cost-effective treatment to patients.",FALSE,"ACO stands for Accountable Care Organization. It's a type of healthcare organization that's designed to improve the quality and cost-effectiveness of healthcare services.

An ACO is a group of healthcare providers, such as doctors, hospitals, and other healthcare professionals, who work together to provide coordinated care to patients. The goal is to improve patient outcomes, reduce healthcare costs, and enhance the overall patient experience.

Here's how it typically works:

1. ACOs contract with Medicare or private insurance companies to provide care to a specific patient population.
2. ACOs are responsible for managing the care of their patients, including preventive care, chronic disease management, and acute care.
3. ACOs use data analytics and other tools to identify patients who are at high risk of developing complications or hospitalization, and they develop personalized care plans to address these needs.
4. ACOs work together to share best practices, coordinate care, and reduce unnecessary hospitalizations and emergency department visits.
5. ACOs are incentivized to reduce healthcare costs while improving patient outcomes, as they share in the savings they achieve.

Some of the benefits of ACOs include:

* Improved patient outcomes and satisfaction
* Reduced healthcare costs and unnecessary hospitalizations
* Enhanced coordination and communication among healthcare providers
* Better management of chronic diseases and preventive care

Overall, ACOs are an important step towards improving the quality and efficiency of healthcare in the United States.",FALSE,An Accountable Care Organization (ACO) is a network of healthcare providers who collaborate to provide improved,FALSE,ACO stands for Annual Comprehensive Financial Report.,FALSE
CAR,"CAR stands for Clearing Access Requirements. Within the EMIR regulatory framework, these are criteria and standards that entities must meet to access a central counterparty (CCP) for clearing their OTC derivatives trades. CAR ensures that both the CCP and the clearing members maintain sufficient standards to reduce systemic risk in the derivatives market.","Based on the extra information provided, it seems that the question is asking about what ""CAR"" refers to in the context of finance. However, without further context, it's difficult to determine whether ""CAR"" refers to the financial product (Car Finance) or the vehicle itself.

If I had to make an educated guess, I would say that the question is likely asking about the financial product, ""Car Finance"". In this case, the answer would be that CAR refers to Car Finance, which includes car loans and leases that allow someone to acquire a car.

However, if the question is asking about the vehicle itself, then the answer would be that CAR refers to a Car, which is a type of vehicle.",FALSE,"CAR stands for Current Assets Ratio. It's a financial metric used to evaluate a company's liquidity and ability to pay its short-term debts.

The CAR is calculated by dividing the company's current assets by its current liabilities. The formula is:

CAR = Current Assets / Current Liabilities

Current assets include items such as cash, accounts receivable, inventory, and prepaid expenses that are expected to be converted into cash within one year or within the company's normal operating cycle.

Current liabilities, on the other hand, include items such as accounts payable, short-term loans, and taxes owed that are due within one year or within the company's normal operating cycle.

A higher CAR indicates that a company has a stronger ability to pay its short-term debts and is considered a more liquid company. A CAR of 1 or higher is generally considered good, while a CAR of less than 1 may indicate that a company is struggling to meet its short-term obligations.

For example, if a company has current assets of $100,000 and current liabilities of $80,000, its CAR would be 1.25 ($100,000 / $80,000). This would indicate that the company has a strong liquidity position and is well-equipped to pay its short-term debts.",FALSE,"Based on the provided information, ""CAR"" is not explicitly defined. However, it's possible that",FALSE,"CAR typically stands for ""Consumer and Retail"" or ""Commercial and Retail"" depending on the context",FALSE
CAP,"In the context of EMIR, CAP refers to the ""Clearing Obligation for non-centrally cleared derivatives."" This obligation mandates that certain derivatives contracts must be cleared through a central counterparty (CCP) to reduce counterparty risk and enhance market stability. The CAP is part of EMIR's broader aim to improve transparency and reduce systemic risk in the derivatives market.","Based on the extra information provided, I can answer that CAP stands for ""Cap"", which is an interest rate limit on a variable rate credit product. It is the highest possible rate a borrower may pay and the highest rate a creditor can earn.

Note that the extra information also mentions the ""new CAP"" starting in 2023, which seems to be related to agriculture and farmers' livelihoods. However, based on the context and the definition provided, it appears that the term ""CAP"" has a different meaning in this context, unrelated to interest rates or credit products.",FALSE,"CAP stands for Cost, Affordability, and Profitability. It's a financial analysis framework used to evaluate the feasibility of a project or investment. The CAP analysis considers three key factors:

1. Cost: The total cost of the project, including initial investment, operating expenses, and maintenance costs.
2. Affordability: The ability to pay back the investment, including the cost of capital, interest rates, and other financial obligations.
3. Profitability: The potential return on investment (ROI), including revenue, profit margins, and cash flow.

By analyzing these three factors, CAP helps investors, businesses, and individuals make informed decisions about whether a project or investment is likely to be successful and generate a positive return.

For example, let's say you're considering investing in a new business venture. You would use CAP to evaluate the costs of starting the business, the affordability of the investment based on your financial situation, and the potential profitability of the venture. This would help you determine whether the investment is likely to be worthwhile and whether it aligns with your financial goals.

Does that make sense?",FALSE,"Based on the extra information provided, CAP stands for ""Cap,"" which is an interest rate limit on",FALSE,"CAP stands for ""Clearing and Settlement."" It refers to the process by which financial transactions are cleared",FALSE
Overall performance,,,0.517241379,,0.396551724,,0.5,,0.336206897