definitions,answers,meta-llama/Meta-Llama-3-8B-Instruct_True,meta-llama/Meta-Llama-3-8B-Instruct_True_Judge Correct,meta-llama/Meta-Llama-3-8B-Instruct_False,meta-llama/Meta-Llama-3-8B-Instruct_False_Judge Correct,mistralai/Ministral-8B-Instruct-2410_True,mistralai/Ministral-8B-Instruct-2410_True_Judge Correct,mistralai/Ministral-8B-Instruct-2410_False,mistralai/Ministral-8B-Instruct-2410_False_Judge Correct,,,
technical support,"In the context of EMIR, technical support refers to the assistance provided to reporting entities and other participants to help them comply with regulatory requirements regarding trade reporting, risk management, and central clearing of derivatives. This support may include guidance on data formats, software tools, and reporting procedures to ensure compliance with EMIR standards and enhance overall operational efficiency.","Based on the extra information provided, technical support is a form of customer service offered by a company to help customers when they have problems using a company's equipment, software, and/or administrative finance systems and technologies.",FALSE,"Technical support refers to the assistance provided by a company or organization to help customers or users troubleshoot and resolve technical issues with their products or services. This can include software, hardware, or other digital platforms.

Technical support teams typically provide help through various channels such as:

1. Phone: Customers can call a dedicated phone number to speak with a support representative.
2. Email: Customers can send an email to a support address, and a representative will respond with a solution.
3. Online chat: Customers can initiate a live chat session with a support representative through a website or application.
4. Ticketing system: Customers can submit a support request through a ticketing system, and a representative will respond with a solution.
5. Knowledge base: Customers can access a knowledge base or FAQ section on a company's website to find answers to common questions.

The purpose of technical support is to:

1. Troubleshoot and resolve technical issues with a product or service.
2. Provide guidance on how to use a product or service.
3. Offer maintenance and repair services.
4. Provide updates and patches to fix bugs or security vulnerabilities.
5. Assist with configuration and setup of a product or service.

Technical support can be provided by the manufacturer or developer of a product or service, or by a third-party provider. In the financial industry, technical support may be provided for software applications, online banking systems, or other financial platforms.",FALSE,Technical support is a form of customer service offered by a company to help customers when they have problems,FALSE,Technical support refers to the assistance provided to users of technology products or services to help them resolve issues,FALSE,,,
national authority,"In the context of EMIR, a national authority refers to the regulatory body in an EU member state responsible for overseeing the implementation and enforcement of EMIR provisions. These authorities ensure compliance with EMIR requirements among market participants, including derivatives trading and reporting obligations, and may include entities like national central banks or financial supervisory agencies.","Based on the extra information provided, I can answer the question. According to the repeated definition, a national competent authority (NCA) is a public authority or body officially recognized by national law, which is empowered by national law to supervise...",TRUE,"A national authority refers to a government agency or organization that has the power and responsibility to regulate, oversee, and enforce laws, policies, and regulations at the national level. These authorities are typically responsible for ensuring the stability, security, and integrity of the financial system, as well as protecting the interests of consumers and investors.

Examples of national authorities in the financial sector include:

1. Central Banks: These are the monetary authorities responsible for setting monetary policy, regulating banks, and maintaining financial stability. Examples include the Federal Reserve in the United States, the European Central Bank, and the Bank of England.
2. Securities Regulators: These agencies are responsible for regulating and overseeing the securities industry, including stock exchanges, broker-dealers, and investment advisors. Examples include the Securities and Exchange Commission (SEC) in the United States, the Financial Conduct Authority (FCA) in the United Kingdom, and the Autorité des Marchés Financiers (AMF) in France.
3. Banking Regulators: These agencies are responsible for regulating and supervising banks, thrifts, and other financial institutions. Examples include the Federal Deposit Insurance Corporation (FDIC) in the United States, the Prudential Regulation Authority (PRA) in the United Kingdom, and the Banque de France in France.
4. Financial Intelligence Units (FIUs): These agencies are responsible for receiving, analyzing, and disseminating information related to suspicious financial transactions and other financial crimes. Examples include the Financial Crimes Enforcement Network (FinCEN) in the United States, the Financial Intelligence Unit (FIU) in the United Kingdom, and the Tracfin in France.

National authorities play a crucial role in maintaining financial stability, preventing financial crime, and protecting investors and consumers. They work closely with other government agencies, international organizations, and private sector entities to achieve these goals.",TRUE,"Based on the extra information provided, a National Competent Authority (NCA) is a public authority",TRUE,A national authority in the context of financial services typically refers to a government agency or regulatory body responsible for,TRUE,,,
Union funds,"Union funds refer to financial resources provided by the European Union to support various projects and initiatives across its member states. Within the context of EMIR, these funds may be used to promote compliance with regulatory requirements related to clearing and reporting of derivatives, enhancing market stability and transparency.","Based on the extra information provided, Union funds refer to any form of Union financial support, including Union investment support instruments and funds or programmes providing for financial assistance. This can include funds such as the Union Flexi Cap Fund, which aims to achieve long-term capital appreciation by investing in a portfolio.",FALSE,"Union funds, also known as union trusts or union benefit funds, are financial organizations established by labor unions to provide benefits to their members. These funds are typically created to provide financial assistance to union members in times of need, such as when they are injured on the job, become ill, or face financial hardship.

There are several types of union funds, including:

1. Health and Welfare Funds: These funds provide medical, dental, and vision benefits to union members and their families.
2. Pension Funds: These funds provide retirement income to union members, often in the form of a defined benefit pension plan.
3. Training and Education Funds: These funds provide financial assistance to union members for education and training purposes, such as apprenticeships, vocational training, or college tuition.
4. Strike Funds: These funds are established to provide financial support to union members during a strike or lockout.
5. Disaster Relief Funds: These funds provide financial assistance to union members affected by natural disasters or other catastrophic events.

Union funds are typically funded by contributions from union members, employers, or a combination of both. The funds are managed by a board of trustees, which is responsible for investing the funds and making decisions about how to allocate the funds to benefit union members.

Some of the benefits of union funds include:

* Providing financial security to union members in times of need
* Offering benefits that may not be available through other sources
* Promoting collective bargaining and negotiating with employers to improve working conditions and benefits
* Supporting union members and their families during times of hardship

Overall, union funds play an important role in supporting the well-being and financial security of union members and their families.",FALSE,"Based on the provided information, Union funds refer to any form of financial support provided by the Union,",FALSE,"Union funds, also known as union funds or union trust funds, are financial resources managed by labor unions",FALSE,,,
international organisation,"In the context of EMIR, an international organization refers to an entity established by multiple countries to address common challenges and facilitate cooperation. These organizations, such as the International Organization of Securities Commissions (IOSCO) or the Financial Stability Board (FSB), play a key role in promoting regulatory standards, enhancing financial stability, and ensuring that derivatives markets operate transparently and efficiently across borders.","Based on the extra information provided, an international organization is defined as:

""...an institution drawing membership from at least three states, having activities in several states, and whose members are held together by a common interest or goal.""

This definition suggests that an international organization is a type of organization that is composed of multiple countries, has activities or operations in multiple countries, and is held together by a common interest or goal.",FALSE,"An international organization is a non-governmental entity that is established to promote cooperation and coordination among countries or governments on a specific issue or set of issues. These organizations can be formed by governments, NGOs, or a combination of both.

International organizations can be categorized into several types, including:

1. Intergovernmental organizations (IGOs): These are organizations that are established by governments and are composed of representatives from different countries. Examples include the United Nations (UN), the International Monetary Fund (IMF), and the World Trade Organization (WTO).
2. Non-governmental organizations (NGOs): These are organizations that are not controlled by governments, but are still involved in international activities. Examples include the Red Cross, Amnesty International, and Oxfam.
3. International financial institutions (IFIs): These are organizations that provide financial assistance and advice to countries. Examples include the World Bank, the International Monetary Fund (IMF), and the Asian Development Bank (ADB).
4. International economic organizations: These are organizations that promote international trade and economic cooperation. Examples include the World Trade Organization (WTO), the International Chamber of Commerce (ICC), and the World Customs Organization (WCO).

Some of the key functions of international organizations include:

1. Promoting cooperation and coordination among countries
2. Providing financial assistance and advice to countries
3. Setting standards and regulations for international trade and commerce
4. Resolving international conflicts and disputes
5. Providing humanitarian aid and disaster relief
6. Promoting economic development and poverty reduction

Examples of international organizations include:

* United Nations (UN)
* International Monetary Fund (IMF)
* World Trade Organization (WTO)
* World Bank
* International Organization for Migration (IOM)
* World Health Organization (WHO)
* International Committee of the Red Cross (ICRC)

These organizations play an important role in promoting global cooperation, addressing global challenges, and improving the lives of people around the world.",FALSE,"An international organization is an institution that draws membership from at least three states, has activities in several states",FALSE,An international organization is a group of countries that have joined together to work on a particular issue or set,FALSE,,,
international organisation,"In the context of EMIR (European Market Infrastructure Regulation), an international organization refers to an entity that operates globally and is established by a treaty or agreement between member countries. These organizations, such as the International Monetary Fund (IMF) or the Bank for International Settlements (BIS), often engage in financial oversight and standard-setting activities that can impact derivative markets and the implementation of regulatory frameworks like EMIR.","Based on the extra information provided, I can answer the question as follows:

An international organization is a type of organization that is composed of primarily member states, but may also include other entities such as other international organizations, firms, and institutions. These organizations are typically formed to achieve specific goals or objectives that benefit multiple countries or regions, and are often characterized by their global reach and scope.

According to the definition provided, an international organization must meet certain criteria, including:

1. Drawing membership from at least three states
2. Having activities in several states
3. Whose members are held together by a common interest or purpose

This definition suggests that international organizations are typically formed to address global issues or challenges that require cooperation and coordination among multiple countries or states.",FALSE,"An international organization is a formal association of states, organizations, or individuals that has a common purpose, goal, or interest. International organizations can be established to promote cooperation, coordination, and collective action among their member states or stakeholders.

Examples of international organizations include:

1. United Nations (UN): A global organization that aims to promote peace, security, and cooperation among its member states.
2. International Monetary Fund (IMF): A financial organization that aims to promote international monetary cooperation, exchange rate stability, and economic growth.
3. World Bank: A financial institution that provides loans and other financial assistance to developing countries.
4. World Trade Organization (WTO): An organization that aims to promote free trade and economic cooperation among its member states.
5. International Organization for Standardization (ISO): A non-governmental organization that develops and publishes international standards for a wide range of industries and sectors.
6. International Labor Organization (ILO): A specialized agency of the UN that aims to promote social and economic justice, and to improve working conditions around the world.
7. European Union (EU): A regional organization that aims to promote economic integration and cooperation among its member states in Europe.

International organizations can have a range of functions, including:

1. Setting standards and guidelines for their members
2. Providing financial assistance or loans to member states
3. Facilitating international cooperation and coordination
4. Providing a platform for diplomacy and negotiation among member states
5. Promoting economic development and growth
6. Protecting human rights and promoting social justice
7. Providing humanitarian aid and disaster relief

Overall, international organizations play an important role in promoting global cooperation, stability, and prosperity, and in addressing global challenges such as poverty, inequality, and climate change.",FALSE,"An international organization is an institution that draws membership from at least three states, has activities in several states",FALSE,An international organization is a group of countries that have joined together to work on a particular issue or set,FALSE,,,
European Semester for economic policy coordination,"The European Semester is a framework that guides economic policy coordination within the European Union (EU). It involves a cycle of policy planning and implementation, allowing member states to align their economic and budgetary policies with EU-wide goals, ensuring fiscal discipline, and promoting growth and employment. This process supports the objectives of EMIR by ensuring that the financial markets are stable and orderly, which is crucial for effective risk management in derivatives trading.","Based on the extra information provided, I can answer the question as follows:

The European Semester is the European Union's annual framework to coordinate economic, fiscal, employment and social policy within the European Union.",TRUE,"The European Semester is a process of economic policy coordination established by the European Union (EU) to promote economic stability, growth, and employment across its member states. It is a key tool for the EU's economic governance and is designed to ensure that member states' economic policies are aligned with the EU's overall economic objectives.

The European Semester is a yearly cycle of economic policy coordination that takes place from January to June. It involves a series of steps, including:

1. National Reform Programmes (NRPs): Each EU member state submits a National Reform Programme to the European Commission, outlining its economic priorities, reform plans, and policy measures for the upcoming year.
2. European Commission's Country Reports: The European Commission analyzes the NRPs and publishes country reports, which assess the economic situation, progress, and challenges faced by each member state.
3. European Council and Eurogroup meetings: The European Council (comprising the heads of state or government of the EU member states) and the Eurogroup (comprising the finance ministers of the eurozone countries) discuss the country reports and provide guidance on the economic priorities and policy measures.
4. Council Recommendations: The European Council and the Eurogroup issue Council Recommendations to member states, outlining specific policy measures and reforms that they should implement to achieve the EU's economic objectives.
5. National Implementation: Member states implement the recommended policy measures and reforms, which are monitored and evaluated by the European Commission.

The European Semester focuses on several key areas, including:

1. Macroeconomic imbalances: Addressing imbalances in member states' economies, such as high budget deficits or excessive debt levels.
2. Structural reforms: Implementing reforms to improve competitiveness, increase productivity, and enhance the business environment.
3. Fiscal policy: Ensuring that member states' fiscal policies are sustainable and aligned with the EU's fiscal rules.
4. Investment and growth: Encouraging investment and promoting growth in member states.

The European Semester is an important tool for promoting economic stability and growth in the EU, as it helps to ensure that member states' economic policies are aligned and coordinated, and that they are working towards the same economic objectives.",TRUE,"The European Semester is the European Union's annual framework for coordinating economic, fiscal, employment, and",TRUE,The European Semester is a process of economic policy coordination and surveillance within the European Union (EU).,TRUE,,,
country-specific recommendations,"Country-specific recommendations are tailored guidance or suggestions provided to individual EU member states by regulatory bodies regarding the implementation of the European Market Infrastructure Regulation (EMIR). These recommendations address specific financial market concerns or compliance issues in each country, aiming to enhance the effectiveness of EMIR's objectives, such as reducing systemic risk and improving transparency in derivatives markets.","Based on the extra information provided, I can answer the question as follows:

Country-specific recommendations (CSRs) are guidelines provided by the Council to EU Member States on macro-economic, budgetary, and structural policies, in accordance with Articles... (the rest of the sentence is not provided, but it's not necessary to answer the question).

In simpler terms, country-specific recommendations are recommendations made by the Council to individual EU Member States on how to improve their economic, social, employment, structural, and budgetary policies.",FALSE,"Country-specific recommendations refer to tailored financial advice or guidelines that are customized to a specific country or region. These recommendations take into account the unique economic, regulatory, and cultural factors of a particular country, which can impact investment decisions, financial planning, and overall financial well-being.

Country-specific recommendations can be provided by financial institutions, wealth management firms, or financial advisors who have expertise in a particular region or country. They may consider factors such as:

1. Local tax laws and regulations
2. Currency fluctuations and exchange rates
3. Economic growth and stability
4. Political and regulatory environment
5. Cultural and social norms
6. Industry-specific regulations and compliance requirements
7. Investment opportunities and risks

Some examples of country-specific recommendations might include:

1. A financial advisor recommending a portfolio allocation that takes into account the high inflation rate in a country like Turkey.
2. A wealth management firm suggesting that a client invest in a specific asset class, such as real estate, in a country with a growing population and limited housing supply, like Singapore.
3. A financial institution advising a client to diversify their portfolio by investing in a country with a stable economy and low inflation, like Switzerland.

Country-specific recommendations can help individuals and institutions make more informed investment decisions, manage risk, and achieve their financial goals in a specific market or region.",FALSE,Country-specific recommendations (CSRs) are annual guidance provided by the European Union (EU) to its,TRUE,"Country-specific recommendations are tailored advice or strategies that are designed to address the unique economic, political, social",FALSE,,,
the rule of law,"The rule of law is a fundamental principle ensuring that all individuals and institutions, including the government, are accountable to the law. Within the context of EMIR, it underscores the importance of legal frameworks that govern financial activities, ensuring that the standards for market transparency, fairness, and stability are upheld in the regulatory environment. This principle helps maintain trust in the financial system, which is crucial for effective risk management in derivatives markets.","Based on the extra information provided, I can answer the question as follows:

The rule of law is a concept that ensures all people and institutions within a political body are subject to the same laws. It is a system of laws, institutions, norms, and community commitment that delivers four universal principles, and is a fundamental value in the European Union that allows for the application of EU law, protects citizens' rights, and helps boost a well-functioning single market.",FALSE,"The rule of law is a fundamental concept in financial and legal systems. It refers to the principle that all individuals and entities, including government officials, businesses, and citizens, are subject to and equal under the law. This means that everyone is held accountable for their actions, and no one is above the law.

In a system governed by the rule of law, the following principles typically apply:

1. Clear and stable laws: Laws are clear, concise, and easily understandable, providing a stable and predictable environment for individuals and businesses to operate.
2. Equality before the law: Everyone is treated equally and fairly, regardless of their social status, wealth, or position.
3. Impartial application of the law: Laws are applied impartially and without bias, ensuring that everyone is held accountable for their actions.
4. Protection of individual rights: The law protects the rights and freedoms of individuals, including the right to property, due process, and freedom of speech.
5. Accountability: Those who break the law are held accountable and punished accordingly, while those who uphold the law are rewarded and respected.
6. Transparency: Laws and government actions are transparent, allowing citizens to understand and participate in the decision-making process.

The rule of law is essential for maintaining a stable and prosperous financial system, as it:

1. Fosters trust: When individuals and businesses know that they will be held accountable for their actions, they are more likely to trust the system and engage in economic activities.
2. Encourages investment: A stable and predictable legal environment attracts investment, as investors are more likely to take risks in a system where the rules are clear and enforced.
3. Promotes economic growth: The rule of law helps to reduce uncertainty, which can lead to increased economic growth and development.
4. Protects property rights: The rule of law ensures that property rights are protected, allowing individuals and businesses to invest in assets and property with confidence.
5. Reduces corruption: The rule of law helps to reduce corruption by holding government officials and others accountable for their actions.

In summary, the rule of law is a crucial principle that underpins a stable and prosperous financial system, providing a framework for individuals and businesses to operate within a fair, transparent, and accountable environment.",TRUE,"The rule of law is a durable system of laws, institutions, norms, and community commitment that delivers",FALSE,The Rule of Law is a fundamental principle in legal and political philosophy that holds that all individuals and institutions,TRUE,,,
government entity,"A government entity refers to any organization or body that is part of the government structure, including ministries, regulatory agencies, and public authorities. In the context of EMIR, government entities may be involved in regulatory oversight, but are generally exempt from certain EMIR obligations when they engage in derivative transactions, as they may be deemed to have the ability to manage their risks without the same safeguards required of private entities.","Based on the extra information provided, a ""government entity"" is defined as:

""any intergovernmental organization, or any federal, state, county, municipal, or local government, and any agency, branch,..."".

This definition suggests that a government entity can be a federal, state, county, municipal, or local government, as well as any agency, branch, or organization that is part of or controlled by the government.",TRUE,"A government entity, also known as a public entity or a public body, is an organization that is established and controlled by a government to carry out specific functions, provide services, or regulate activities. Government entities can be federal, state, or local, and they can be responsible for a wide range of activities, such as:

1. Providing public services: Education, healthcare, transportation, public safety, and social services.
2. Regulating industries: Banking, finance, energy, telecommunications, and environmental protection.
3. Managing natural resources: Parks, forests, wildlife, and waterways.
4. Collecting taxes and revenue: Governments collect taxes, fees, and other revenue to fund their activities.
5. Providing infrastructure: Roads, bridges, airports, seaports, and public buildings.

Examples of government entities include:

1. Federal government agencies: Federal Reserve, Securities and Exchange Commission (SEC), Internal Revenue Service (IRS), and Department of Justice.
2. State government agencies: State departments of education, transportation, and health.
3. Local government entities: City councils, county governments, school districts, and municipal utilities.
4. Special districts: Water districts, fire districts, and hospital districts.
5. Government-sponsored enterprises: Fannie Mae, Freddie Mac, and the Federal Housing Administration (FHA).

Government entities can be funded through a variety of means, including taxes, fees, grants, and borrowing. They are accountable to the public and are subject to laws and regulations that ensure transparency and accountability in their operations.",FALSE,"Based on the provided information, a ""government entity"" is defined as any intergovernmental",FALSE,A government entity is an organization or agency that is established and funded by a government to carry out specific,TRUE,,,
selected obliged entity,"A selected obliged entity refers to specific financial institutions or firms that are designated under the EMIR framework to fulfill certain regulatory requirements, such as clearing or reporting obligations related to derivatives. These entities are often subject to enhanced oversight due to their role in the stability of the financial system and may include banks, investment firms, and central counterparties (CCPs) operating in the derivatives markets.","Based on the extra information provided, an obliged entity is any entity that is defined in Article 2 (1) and (2) of the AML Act. There are three types of obliged entities. However, the text does not specify which specific entities are selected as obliged entities.

According to the new AMLA Regulation (AMLAR), the 40 obliged entities that will be under its direct supervision are already set out in broad terms.",FALSE,"In the context of financial reporting and auditing, a Selected Obligated Entity (SOE) refers to a specific entity or group of entities that are responsible for a particular financial obligation or liability.

An SOE is typically identified by an auditor or financial analyst when reviewing a company's financial statements or conducting an audit. The SOE is the entity or entities that are most closely associated with the financial obligation or liability in question, and is often responsible for paying or settling the obligation.

Examples of SOEs might include:

* A parent company that guarantees the debt of its subsidiary
* A joint venture partner that is responsible for repaying a loan
* A company that has issued a letter of credit to secure a loan or other financial obligation

The SOE is important because it is often the entity that is most closely tied to the financial obligation, and is therefore responsible for ensuring that the obligation is fulfilled. Auditors and financial analysts may focus on the SOE when reviewing a company's financial statements or conducting an audit, as the SOE's financial health and stability can have a significant impact on the company's overall financial position.",FALSE,"Based on the provided information, an ""obliged entity"" is any entity defined in Article ",FALSE,"A ""selected obliged entity"" typically refers to a specific entity that has been chosen or designated to fulfill",TRUE,,,
non-selected obliged entity,"A non-selected obliged entity refers to a financial or non-financial institution that is not chosen to be covered under the specific regulatory obligations of EMIR, particularly regarding clearing and reporting requirements. Under EMIR, certain entities are identified as ""obliged entities,"" meaning they must comply with regulations related to over-the-counter (OTC) derivatives. Those that are not selected or do not meet the criteria may not face the same level of regulatory scrutiny, although they must still adhere to general market conduct rules.","Based on the provided extra information, it appears that obliged entities are defined in Article 2 (1) and (2) of the AML Act, and there are three types of obliged entities.

However, the question asks about a ""non-selected"" obliged entity, which is not mentioned in the provided information. Therefore, I will answer based on my general knowledge of financial terms.

In the context of Anti-Money Laundering (AML) and Combating the Financing of Terrorism (CFT) regulations, an ""obliged entity"" refers to a business or organization that is required to comply with AML/CFT regulations.

A ""non-selected obliged entity"" is not a standard term in the financial industry, and it is not a recognized term in AML/CFT regulations. It is possible that this term is used in a specific context or region, but without further information, it is difficult to provide a clear answer.

If you could provide more context or clarify what you mean by ""non-selected obliged entity,"" I may be able to provide a more accurate answer.",FALSE,"A non-selected obliged entity is a financial term that refers to a borrower or a party that has not been selected or designated as a beneficiary or recipient of a loan or financial assistance.

In the context of financial transactions, an obliged entity is typically a party that has a financial obligation or debt to another party, such as a lender or a creditor. For example, a borrower who has taken out a loan from a bank is an obliged entity, as they are obligated to repay the loan with interest.

A non-selected obliged entity is one that has not been specifically chosen or designated as the recipient of a loan or financial assistance. This can occur in situations where a lender or creditor has multiple potential borrowers or recipients, but has not yet selected a specific individual or entity to receive the funds.

In the financial industry, non-selected obliged entities are often used to describe situations where a lender or creditor is considering multiple potential borrowers or recipients, but has not yet made a decision on who will receive the funds.",FALSE,"Based on the provided information, a non-selected obliged entity is any entity that is not specifically selected or",FALSE,"In the context of financial regulations, particularly in the European Union, a ""non-selected obliged entity""",TRUE,,,
AML/CFT supervisory system,"The AML/CFT supervisory system refers to the regulatory framework that monitors and ensures compliance with anti-money laundering (AML) and countering the financing of terrorism (CFT) regulations. Within the context of EMIR, this system is crucial for overseeing financial institutions and entities involved in derivatives transactions to prevent illicit activities and promote financial stability. Supervisors assess the adequacy of measures taken by firms to detect and report suspicious activities, thereby safeguarding the financial market infrastructure.","Based on the provided extra information, I can help answer your question.

The AML/CFT supervisory system refers to the system of supervision and monitoring of Anti-Money Laundering (AML) and Countering the Financing of Terrorism (CFT) activities by financial institutions and other obliged entities. The system is designed to prevent and detect money laundering and terrorist financing activities, and to ensure that financial institutions comply with relevant regulations and laws.

According to the information, the AML/CFT supervisory system is primarily at the national level for non-selected obliged entities in the financial sector. For the non-financial sector, AMLA will have a role in supervising AML/CFT activities. Additionally, the AML/CFT Authority will have two main areas of activity: AML/CFT supervision and supporting EU Financial Intelligence Units (FIUs).

It appears that AMLA (Anti-Money Laundering Authority) is the entity responsible for overseeing AML/CFT activities, and it will have a role in supervising AML/CFT activities in the non-financial sector.",TRUE,"The AML/CFT supervisory system is a framework designed to monitor and regulate Anti-Money Laundering (AML) and Combating the Financing of Terrorism (CFT) compliance within financial institutions. The system is put in place to ensure that financial institutions adhere to AML/CFT regulations and prevent the misuse of their services for illegal activities.

The AML/CFT supervisory system typically includes the following components:

1. Regulatory Body: A government agency or institution responsible for overseeing and enforcing AML/CFT regulations.
2. Supervisory Framework: A set of guidelines, rules, and procedures that outline the expectations for AML/CFT compliance.
3. Risk-Based Approach: Financial institutions are required to identify and assess the risks associated with their customers, products, and services, and implement measures to mitigate those risks.
4. Customer Due Diligence (CDD): Financial institutions must gather and verify customer information, including identification, address, and beneficial ownership, to ensure they are dealing with legitimate customers.
5. Ongoing Monitoring: Financial institutions must continuously monitor their customers' activities and transactions to detect and report suspicious transactions.
6. Reporting: Financial institutions must report suspicious transactions and other relevant information to the regulatory body and/or law enforcement agencies.
7. Sanctions Screening: Financial institutions must screen customers and transactions against sanctions lists to prevent dealing with designated entities or individuals.
8. Training and Awareness: Financial institutions must provide training and awareness programs for employees to ensure they understand AML/CFT regulations and their role in implementing them.
9. Audit and Compliance: Financial institutions must conduct regular audits and compliance reviews to ensure they are meeting AML/CFT requirements.

The AML/CFT supervisory system aims to:

* Prevent the misuse of financial institutions for money laundering and terrorist financing
* Protect the integrity of the financial system
* Ensure that financial institutions are transparent and accountable
* Enhance public trust and confidence in the financial system

By implementing an effective AML/CFT supervisory system, financial institutions can reduce the risk of being used for illegal activities, minimize the risk of reputational damage, and maintain a strong and stable financial system.",TRUE,The AML/CFT (Anti-Money Laundering/Counter-Terrorism Financing) supervis,TRUE,The AML/CFT (Anti-Money Laundering/Counter-Terrorism Financing) supervis,TRUE,,,
non-AML/CFT authority,"A non-AML/CFT authority refers to a regulatory or supervisory body that does not focus on Anti-Money Laundering (AML) or Counter-Financing of Terrorism (CFT) measures. Within the context of EMIR, these authorities might include those overseeing market infrastructure or securities, instead of specifically addressing the risks of money laundering and terrorist financing, which are the purview of financial intelligence units and similar organizations.","Based on the extra information provided, I can infer that the AML/CFT Authority is a regulatory body responsible for Anti-Money Laundering (AML) and Combating the Financing of Terrorism (CFT) supervision and supporting EU Financial Intelligence Units (FIUs).

However, the question asks about ""non-AML/CFT authority"", which is not explicitly mentioned in the provided text. Therefore, I don't have enough information to provide a direct answer.

In general, an ""authority"" can refer to a government agency, organization, or institution that has the power to enforce laws, regulations, or policies. In the context of finance, an authority might be responsible for regulating and supervising financial institutions, markets, or activities.

Without more specific information, I can't provide a definitive answer to the question. If you could provide more context or clarify what you mean by ""non-AML/CFT authority"", I'd be happy to try and assist you further.",FALSE,"A non-AML/CFT authority is an organization or entity that is not responsible for enforcing Anti-Money Laundering (AML) and Combating the Financing of Terrorism (CFT) regulations. AML/CFT authorities are typically government agencies or financial regulatory bodies that are tasked with preventing and detecting money laundering and terrorist financing.

Examples of non-AML/CFT authorities include:

1. Businesses that are not financial institutions, such as retailers, manufacturers, or service providers.
2. Charities and non-profit organizations.
3. Educational institutions.
4. Healthcare providers.
5. Government agencies that are not responsible for financial regulation, such as law enforcement or taxation authorities.

These organizations may still be subject to certain AML/CFT requirements, such as reporting suspicious transactions or maintaining records of certain transactions. However, they are not responsible for enforcing AML/CFT regulations or investigating suspected violations.

In contrast, AML/CFT authorities include:

1. Financial Intelligence Units (FIUs)
2. Financial regulatory bodies, such as central banks or securities commissions
3. Law enforcement agencies, such as police or customs agencies
4. Tax authorities

These authorities are responsible for enforcing AML/CFT regulations, investigating suspected violations, and providing training and guidance to other organizations on AML/CFT compliance.",TRUE,"Based on the provided information, a non-AML/CFT authority refers to an entity that is not",TRUE,Non-AML/CFT authority refers to a regulatory or supervisory body that does not have the primary,TRUE,,,
crypto-asset,"A crypto-asset is a digital representation of value that is based on blockchain technology and can be traded, transferred, or stored electronically. Within the EMIR framework, crypto-assets are relevant as they may represent financial instruments, subjecting them to regulatory oversight and requirements regarding transparency, reporting, and risk management, especially when used in derivative transactions.","Based on the extra information provided, I can answer the question as follows:

A crypto-asset, also known as a digital asset, is any asset that is issued or transferred using distributed ledger or blockchain technology. This includes a broad range of assets, including cryptocurrencies, but is not limited to them.",TRUE,"A crypto-asset, also known as a cryptocurrency or digital currency, is a digital or virtual representation of value that uses cryptography for security and is decentralized, meaning it is not controlled by any government or financial institution.

Crypto-assets are created through a process called mining, which involves solving complex mathematical problems to validate transactions on a blockchain, a public ledger that records all transactions made with a particular crypto-asset. The first and most well-known crypto-asset is Bitcoin, which was created in 2009 by an individual or group of individuals using the pseudonym Satoshi Nakamoto.

Crypto-assets are often traded on online exchanges and can be used to purchase goods and services from merchants who accept them as payment. They can also be stored in digital wallets, similar to how you would store cash in a physical wallet.

Some key characteristics of crypto-assets include:

1. Decentralized: Crypto-assets are not controlled by any government or financial institution.
2. Digital: Crypto-assets exist only in digital form and are not physical.
3. Limited supply: Most crypto-assets have a limited supply, which can help to prevent inflation.
4. Anonymous: Crypto-assets allow for anonymous transactions, which can provide an added layer of security and privacy.
5. Volatile: The value of crypto-assets can fluctuate rapidly and unpredictably.

Examples of popular crypto-assets include:

* Bitcoin (BTC)
* Ethereum (ETH)
* Litecoin (LTC)
* Ripple (XRP)
* Bitcoin Cash (BCH)
* Cardano (ADA)
* Stellar (XLM)

It's important to note that the value of crypto-assets can be highly volatile and may fluctuate rapidly, and investing in them carries significant risks. It's essential to do your own research and consult with a financial advisor before making any investment decisions.",TRUE,A crypto-asset is any asset that's issued or transferred using distributed ledger technology (DLT,TRUE,"A crypto-asset, also known as a cryptocurrency or digital asset, is a type of",TRUE,,,
electronic money token,"An electronic money token (EMT) is a digital representation of fiat currency issued by an electronic money institution, which can be used for payment transactions. Within the EMIR regulatory framework, EMTs can facilitate trade and settlement processes while meeting standards for stability and consumer protection. EMTs are designed to be easily transferred and used in various digital environments, aligning with overarching financial regulations in the European Union.","Based on the extra information provided, an electronic money token (EMT) is a cryptographic token used for exchange and is pegged to a single fiat currency. It is a type of crypto-asset designed to maintain a stable value by referring to one currency, and its value is linked to a single fiat currency, such as the Euro or US Dollar.",FALSE,"An electronic money token, also known as an e-money token, is a digital representation of value that can be stored, sent, and received electronically. It is a type of digital currency that is backed by a central authority, such as a bank or a government, and is designed to be used as a medium of exchange, a unit of account, and a store of value.

E-money tokens are typically issued by financial institutions, such as banks, payment processors, or fintech companies, and are designed to be used for various purposes, such as:

1. Online transactions: E-money tokens can be used to make online payments, such as buying goods and services from e-commerce websites or paying bills.
2. Mobile payments: E-money tokens can be used to make mobile payments, such as paying for goods and services using a mobile device.
3. Cross-border transactions: E-money tokens can be used to make cross-border transactions, such as sending money to another country.
4. Savings and investments: E-money tokens can be used to store value and earn interest, similar to a savings account.

E-money tokens are typically issued in the form of a digital wallet, which can be accessed using a mobile device or computer. The wallet can be linked to a user's bank account or credit card, allowing them to transfer funds and make payments.

Some examples of e-money tokens include:

1. PayPal: A digital payment service that allows users to send and receive money online.
2. Apple Pay: A mobile payment service that allows users to make payments using their iPhone or Apple Watch.
3. Google Pay: A mobile payment service that allows users to make payments using their Android device.
4. Alipay: A digital payment service that allows users to make payments online and offline in China.

E-money tokens are generally considered to be a type of digital currency, but they are not the same as cryptocurrencies like Bitcoin or Ethereum, which are decentralized and not backed by a central authority.",TRUE,"An electronic money token, often referred to as an E-Money Token, is a digital asset on",FALSE,"An electronic money token, often referred to as an e-money token, is a type of digital",TRUE,,,
crypto-asset exposure,"Crypto-asset exposure refers to the risk that financial institutions or entities face due to their investments in or dealings with cryptocurrencies and other digital assets. Under the EMIR framework, which focuses on the regulation of derivatives, central clearing, and risk mitigation, such exposures may require specific risk management practices and reporting obligations to ensure systemic stability and transparency in financial markets.","Based on the extra information provided, I can answer the question.

According to the extra information, crypto-asset exposure includes both direct exposures to crypto-assets and any indirect exposures whose value or risk is significantly affected by crypto-assets.

In simpler terms, crypto-asset exposure refers to the potential risk or value of an asset that is directly or indirectly linked to crypto-assets, such as Bitcoin or Ethereum, which are digital or virtual currencies that use distributed ledger technology (DLT) or blockchain technology.

For example, if an investor owns a stock in a company that mines Bitcoin, their portfolio would have a direct exposure to the crypto-asset. On the other hand, if an investor owns a stock in a company that provides services to crypto-exchanges, their portfolio would have an indirect exposure to the crypto-asset.

I hope this helps! Let me know if you have any further questions.",TRUE,"Crypto-asset exposure refers to the extent to which an individual, organization, or institution has invested in or is affected by cryptocurrencies, such as Bitcoin, Ethereum, or other digital assets. This exposure can take various forms, including:

1. Direct ownership: Holding cryptocurrencies in a personal or institutional wallet.
2. Indirect ownership: Investing in funds, exchange-traded funds (ETFs), or other investment vehicles that track the performance of cryptocurrencies.
3. Exposure through derivatives: Trading cryptocurrency futures, options, or other derivatives that are linked to the value of a particular cryptocurrency.
4. Exposure through business operations: Companies that accept cryptocurrencies as payment, or those that provide services related to cryptocurrencies, such as mining or trading.
5. Exposure through investments in companies that are involved in the cryptocurrency space: Investing in companies that develop blockchain technology, provide cryptocurrency-related services, or are involved in the mining or trading of cryptocurrencies.

Having crypto-asset exposure can bring various benefits, such as potential for high returns, diversification of investment portfolios, and increased accessibility to new financial markets. However, it also comes with risks, including:

* Volatility: Cryptocurrencies are known for their high price volatility, which can result in significant losses if the value of the investment declines.
* Lack of regulation: The cryptocurrency market is largely unregulated, which can make it difficult to recover losses or enforce legal claims.
* Security risks: Cryptocurrency exchanges, wallets, and other infrastructure are vulnerable to hacking and other cyber threats.
* Tax implications: The tax treatment of cryptocurrency investments can be complex and subject to change.

It's essential for individuals and organizations to carefully assess the risks and benefits of crypto-asset exposure and to develop a comprehensive strategy for managing their exposure to these assets.",TRUE,Crypto-asset exposure refers to any direct or indirect exposure to cryptocurrencies or other crypto,TRUE,Crypto-asset exposure refers to the risk associated with investments in cryptocurrencies and other digital,TRUE,,,
traditional asset,"In the context of the EMIR regulatory framework, a traditional asset refers to conventional financial instruments, such as stocks, bonds, and commodities, that are typically traded in established markets. These assets are subject to standard market regulations and are distinct from derivatives and other complex financial products that EMIR primarily addresses by mandating reporting, clearing, and risk management protocols to enhance market transparency and stability.","Based on the extra information provided, traditional assets refer to well-known and conventional assets, which can be categorized into three primary categories: stocks, bonds, and cash.",FALSE,"In the world of finance, traditional assets refer to tangible or physical assets that have a relatively stable value and are widely recognized as a store of value. These assets have historically been used as a safe-haven investment during times of economic uncertainty or market volatility.

Some common examples of traditional assets include:

1. Cash: Physical currency, such as US dollars, euros, or yen, held in a bank account or stored in a safe.
2. Gold: Physical gold coins, bars, or jewelry, often used as a hedge against inflation or market downturns.
3. Real Estate: Physical property, such as a house, apartment, or commercial building, which can generate rental income or appreciate in value over time.
4. Stocks: Shares of established companies listed on a stock exchange, which can provide a regular income stream through dividends and potentially appreciate in value.
5. Bonds: Government or corporate debt securities, which offer a fixed interest rate and a relatively low risk of default.
6. Commodities: Physical goods, such as oil, natural gas, wheat, or coffee, which can be used as a store of value or as an input for production.
7. Treasury Bills: Short-term government securities with a fixed interest rate and a very low risk of default.

Traditional assets are often considered a foundation of a diversified investment portfolio because they tend to be:

* Less volatile than other investment classes, such as cryptocurrencies or emerging market stocks
* Less susceptible to market fluctuations or economic downturns
* More liquid, meaning they can be easily sold or converted into cash
* More widely recognized and accepted as a store of value

However, it's essential to note that traditional assets are not without risk, and their value can fluctuate over time. It's always a good idea to consult with a financial advisor or conduct your own research before making investment decisions.",FALSE,"Based on the extra information provided, a traditional asset is an investment that falls into one of the following",FALSE,Traditional assets are financial instruments that have been around for a long time and are widely accepted and understood,TRUE,,,
tokenised traditional asset,"A tokenised traditional asset refers to the representation of a physical or traditional asset, such as real estate, commodities, or financial instruments, using digital tokens on a blockchain. In the context of EMIR, tokenisation can facilitate trading and clearing of these assets by improving transparency, liquidity, and efficiency in the market, while ensuring compliance with regulatory requirements.","Based on the extra information, a tokenized traditional asset is a traditional asset that is represented as a digital token on a blockchain or other form of distributed ledger. This means that a traditional asset, such as a bond, real estate, or equity share, is converted into a digital token that can be traded and managed on a blockchain.",TRUE,"Tokenized traditional assets refer to the process of converting traditional assets, such as stocks, bonds, real estate, art, or collectibles, into digital tokens on a blockchain. This allows these traditional assets to be traded and managed on a blockchain-based platform, providing a new way for investors to access and invest in these assets.

Tokenized traditional assets are created by issuing digital tokens that represent ownership or a claim on a specific asset. For example, a tokenized stock might represent a single share of a company's stock, while a tokenized bond might represent a specific bond with a fixed interest rate and maturity date.

The benefits of tokenized traditional assets include:

1. Increased liquidity: Tokenized assets can be traded 24/7, allowing investors to buy and sell them at any time.
2. Improved accessibility: Tokenized assets can be traded on a blockchain-based platform, making it easier for investors to access and invest in these assets.
3. Enhanced security: Tokenized assets are stored on a blockchain, making it more difficult for hackers to steal or manipulate the assets.
4. Increased transparency: Tokenized assets provide a transparent record of ownership and transactions, making it easier for investors to track their investments.
5. New investment opportunities: Tokenized assets can provide new investment opportunities for investors, such as fractional ownership of assets or access to previously illiquid markets.

Examples of tokenized traditional assets include:

1. Tokenized stocks: Companies such as Robinhood and eToro offer tokenized stocks, allowing investors to buy and sell individual stocks on a blockchain-based platform.
2. Tokenized real estate: Companies such as Propellr and Brickblock offer tokenized real estate, allowing investors to buy and sell fractional ownership of real estate properties on a blockchain-based platform.
3. Tokenized art: Companies such as Maecenas and Artory offer tokenized art, allowing investors to buy and sell fractional ownership of art pieces on a blockchain-based platform.

Overall, tokenized traditional assets provide a new way for investors to access and invest in traditional assets, offering increased liquidity, accessibility, security, transparency, and new investment opportunities.",TRUE,A tokenised traditional asset is a physical or financial asset that has been transformed into a digital token on,TRUE,"Tokenized traditional assets refer to traditional assets, such as real estate, commodities, or stocks, that",TRUE,,,
centralised information system,"A centralized information system in the context of EMIR refers to a unified platform or database that aggregates and manages data related to derivatives transactions. This system facilitates the reporting and monitoring of trade activities, ensuring compliance with EMIR requirements, enhancing transparency in the derivatives market, and enabling regulators to access and analyze essential market data efficiently.","Based on the extra information provided, a centralized information system is a way to improve information flows. It seems that the concept of centralization refers to the process of concentrating planning and decision-making activities within an organization to a specific leader or entity.

In the context of finance, a centralized information system is likely a system that allows finance teams to have access to more accurate and up-to-date information, enabling them to make better decisions. This is also related to the concept of Centralized finance (CeFi), which refers to financial services and platforms provided by centralized entities such as financial institutions, banks, and exchanges.

In summary, a centralized information system is a system that improves information flows by concentrating planning and decision-making activities, providing finance teams with accurate and up-to-date information to make better decisions.",FALSE,"A centralized information system (CIS) is a type of information system that stores, processes, and manages data in a single location, often referred to as a central server or database. This means that all data and applications are controlled and managed from a single point, making it easier to maintain, update, and access the information.

In a centralized information system, all users access the same data and applications through a network connection, which is typically managed by an administrator or IT department. This approach offers several benefits, including:

1. Improved data consistency: With all data stored in one place, it's easier to ensure consistency and accuracy.
2. Enhanced security: A single point of control makes it easier to implement and enforce security measures, such as access controls and encryption.
3. Simplified data management: Centralized management makes it easier to back up, restore, and update data.
4. Reduced complexity: With all applications and data in one place, it's easier to manage and maintain the system.

Examples of centralized information systems include:

1. Enterprise resource planning (ERP) systems, such as SAP or Oracle
2. Customer relationship management (CRM) systems, such as Salesforce
3. Accounting and financial management systems, such as QuickBooks or Xero
4. Human resources information systems (HRIS)

However, centralized information systems also have some limitations, such as:

1. Dependence on a single point of failure: If the central server or database goes down, the entire system is affected.
2. Limited scalability: As the system grows, it may become difficult to manage and maintain.
3. Limited flexibility: Changes to the system may require significant updates and downtime.

In contrast, decentralized information systems, such as cloud-based or distributed systems, offer greater flexibility and scalability, but may also introduce additional complexity and security risks.",FALSE,"A centralized information system is a system where data and information are stored and managed in a single, central",FALSE,A centralized information system is a type of information system where data and information are stored and managed in a,FALSE,,,
communication software,"Communication software refers to applications and platforms that facilitate interaction and data exchange between users, using various forms such as text, voice, and video. Within the context of EMIR, effective communication software is crucial for firms to report derivatives transactions accurately and in a timely manner to trade repositories, ensuring compliance with regulatory requirements.","Based on the extra information provided, I can answer the question as follows:

Communication software is a tool designed to facilitate information exchange within an organization. It includes applications for messaging, file sharing, and other forms of communication.",FALSE,"Communication software refers to a type of software that enables individuals or organizations to communicate with each other through various means, such as text, voice, video, or instant messaging. This software can be used for both personal and professional purposes, and it's often used in various industries, including finance, healthcare, and education.

Some common examples of communication software include:

1. Video conferencing tools like Zoom, Skype, or Google Meet, which allow users to hold virtual meetings and collaborate remotely.
2. Instant messaging apps like Slack, Microsoft Teams, or WhatsApp, which enable real-time text-based communication among team members or groups.
3. Email clients like Microsoft Outlook, Gmail, or Yahoo Mail, which allow users to send and receive emails.
4. Voice over Internet Protocol (VoIP) software like RingCentral, Vonage, or Grasshopper, which enable voice calls over the internet.
5. Collaboration tools like Trello, Asana, or Basecamp, which facilitate project management and teamwork.

Communication software can offer various benefits, such as:

* Increased productivity: By enabling remote communication and collaboration, employees can work more efficiently and effectively.
* Cost savings: Communication software can reduce the need for physical meetings and travel, resulting in cost savings for organizations.
* Improved flexibility: Communication software can be accessed from anywhere, at any time, making it easier for teams to work together and respond to emergencies.
* Enhanced collaboration: Communication software can facilitate real-time feedback, brainstorming, and decision-making among team members.

When choosing communication software, it's essential to consider factors such as security, scalability, ease of use, and integration with existing systems to ensure that it meets the needs of your organization.",FALSE,"Communication software is a tool designed to facilitate information exchange within an organization. It includes applications for messaging,",FALSE,"Communication software refers to a broad category of tools and applications designed to facilitate the exchange of information, ideas",TRUE,,,
money laundering,"Money laundering is the process of concealing the origins of illegally obtained money to make it appear legitimate. Within the context of EMIR, which regulates derivatives trading in the European Union, preventing money laundering is critical to ensure the integrity of the financial markets and compliance with anti-money laundering (AML) obligations. EMIR's requirements aim to enhance transparency and reduce the risk of financial crimes in the derivatives market.","Based on the extra information provided, I can confidently answer the question.

Money laundering is the illegal process of converting money earned from illegal activities into ""clean"" money, which is money that can be freely used without detection of the illegal activity that produced it. It involves disguising financial assets to make large amounts of money generated by criminal activity appear to have come from legitimate sources.",FALSE,"Money laundering is the criminal process of concealing the source of illegally obtained funds to make them appear legitimate. It is a serious financial crime that is often committed by organized crime groups, corrupt businesses, and individuals who want to hide the origin of their wealth.

Money laundering involves three stages:

1. Placement: This is the initial stage where illegal funds are introduced into the legitimate financial system. This can be done by depositing cash into a bank account, using shell companies, or other methods.
2. Layering: In this stage, the illegally obtained funds are transferred through a complex network of transactions to disguise their origin. This can involve multiple bank accounts, shell companies, and other financial instruments.
3. Integration: The final stage is where the laundered funds are reintegrated into the legitimate economy, making it appear as if they have been earned legally.

Money laundering is a serious crime because it undermines the integrity of the financial system, facilitates other criminal activities, and can lead to the funding of terrorist organizations. It is also a major concern for financial institutions, as they are required to comply with anti-money laundering (AML) regulations to prevent and detect money laundering activities.

Some common methods of money laundering include:

* Cash-intensive businesses: Criminals may use businesses that deal with large amounts of cash, such as casinos or strip clubs, to launder their funds.
* Shell companies: Criminals may create shell companies or trusts to hide the ownership and control of their assets.
* Offshore banking: Criminals may use offshore banks or financial institutions to launder their funds, taking advantage of lax regulations and secrecy.
* Trade-based money laundering: Criminals may use trade transactions, such as importing or exporting goods, to launder their funds.

To combat money laundering, financial institutions and governments have implemented various measures, including:

* Customer due diligence: Financial institutions are required to verify the identity of their customers and conduct regular reviews of their accounts.
* Transaction monitoring: Financial institutions are required to monitor transactions for suspicious activity and report any suspicious transactions to the relevant authorities.
* Reporting requirements: Financial institutions are required to report any suspicious transactions to the relevant authorities, such as the Financial Crimes Enforcement Network (FinCEN) in the United States.
* International cooperation: Governments and financial institutions are working together to share information and best practices to combat money laundering.

If you have any further questions or concerns about money laundering, please let me know!",TRUE,Money laundering is the process of disguising the proceeds of crime and integrating it into the legitimate financial,TRUE,"Money laundering is the process of concealing the origins of money obtained from illegal activities, such as",TRUE,,,
terrorist financing,"Terrorist financing refers to the process of providing financial support to individuals or groups engaged in terrorist activities. Within the context of the European Market Infrastructure Regulation (EMIR), it is crucial for financial institutions to identify and report any suspicious transactions that could potentially fund terrorism, ensuring compliance with AML (Anti-Money Laundering) regulations and safeguarding the financial system.","Based on the extra information provided, I can answer the question as follows:

Terrorist financing refers to the act of providing financial support or resources to terrorist organizations or individuals with the intention of financing their activities, including the planning, preparation, and execution of terrorist attacks. This can include any crime that generates a profit, such as drug trafficking, weapons dealing, or other illegal activities, which can be used to fund terrorist activities.",TRUE,"Terrorist financing refers to the process of providing financial support to terrorist organizations or individuals to carry out terrorist activities. This can include raising and moving funds, as well as using various financial instruments and networks to facilitate the flow of money.

Terrorist financing can take many forms, including:

1. Cash transactions: Terrorists may use cash to fund their activities, often by collecting donations or proceeds from illegal activities such as drug trafficking or extortion.
2. Money laundering: Terrorists may use money laundering techniques to conceal the source of their funds and make them appear legitimate.
3. Wire transfers: Terrorists may use wire transfers to move funds between accounts or to individuals.
4. Online transactions: Terrorists may use online platforms and cryptocurrencies to transfer funds and make payments.
5. Shell companies and trusts: Terrorists may use shell companies and trusts to hide their ownership and control of assets.

The goal of terrorist financing is to provide the financial resources needed to carry out terrorist attacks, recruit and train terrorists, and spread propaganda. It is a critical component of terrorist operations and is often used to support other forms of terrorist activity, such as weapons procurement and logistics.

To combat terrorist financing, governments and financial institutions have implemented various measures, including:

1. Sanctions: Imposing economic sanctions on individuals and organizations suspected of supporting terrorism.
2. Financial regulations: Implementing strict financial regulations to prevent the use of the financial system for terrorist financing.
3. Intelligence gathering: Gathering intelligence on terrorist financing networks and individuals.
4. Law enforcement: Prosecuting individuals and organizations suspected of engaging in terrorist financing.
5. International cooperation: Collaborating with other countries to share information and best practices on combating terrorist financing.

Some notable examples of terrorist financing cases include:

1. The 9/11 attacks: The 9/11 attacks were funded in part by donations from individuals and organizations in the Middle East.
2. The Madrid train bombings: The 2004 Madrid train bombings were funded by a network of individuals and organizations in Spain and Morocco.
3. The Mumbai attacks: The 2008 Mumbai attacks were funded by a network of individuals and organizations in Pakistan and India.

Overall, terrorist financing is a complex and evolving threat that requires a coordinated and sustained effort to combat.",FALSE,Terrorist financing refers to the provision of funds or financial services to support terrorist activities. This can,TRUE,Terrorist financing refers to the provision of funds or financial services to support terrorist activities. It is,TRUE,,,
criminal activity’,"In the context of EMIR, ""criminal activity"" refers to actions that violate laws and regulations, which can include financial crimes such as fraud, market manipulation, or money laundering within the financial markets. EMIR emphasizes the importance of risk management and compliance to prevent such activities, particularly related to derivative trading and clearing. Ensuring integrity in the markets helps protect investors and maintain overall market stability.","Based on the extra information provided, I can answer the question as follows:

According to the extra information, ""Financial crime"" is defined as ""any activity that allows an individual or group to unlawfully gain financial assets (including money, securities, or other property)"". This suggests that criminal activity refers to any illegal action taken to acquire financial assets.

In this context, criminal activity is the misuse or abuse of financial systems and services for personal gain, which is considered unlawful. This can include various types of financial crimes, such as money laundering, fraud, trade violations, cyber-enabled crimes, and crimes using cryptocurrency and AI.

So, to answer the question, criminal activity refers to any illegal action taken to acquire financial assets through the misuse or abuse of financial systems and services.",TRUE,"Criminal activity refers to any illegal or unlawful behavior that is punishable by law. It can take many forms, including:

1. Fraud: Deceiving or misrepresenting information to obtain financial gain or commit a crime.
2. Embezzlement: Misappropriating or stealing money or assets from an organization or individual.
3. Theft: Taking someone else's property without their consent, including theft of physical goods, intellectual property, or digital assets.
4. Money laundering: Concealing the source of illegally obtained funds to make them appear legitimate.
5. Identity theft: Stealing or misusing someone's personal identifying information, such as their name, address, or Social Security number.
6. Cybercrime: Using technology to commit illegal acts, such as hacking, phishing, or spreading malware.
7. Tax evasion: Failing to pay taxes or misrepresenting income to avoid paying taxes.
8. Bribery: Offering, giving, receiving, or soliciting something of value in exchange for an illegal or improper advantage.
9. Illegal gambling: Engaging in gambling activities that are prohibited by law, such as illegal sports betting or operating an illegal casino.
10. Illegal drug trafficking: Producing, distributing, or possessing illegal drugs.

Criminal activity can have serious consequences, including fines, imprisonment, and damage to one's reputation. It's important for individuals and businesses to be aware of the laws and regulations in their jurisdiction and to take steps to prevent and detect criminal activity.

In the financial context, criminal activity can also refer to illegal financial transactions, such as:

* Illegal money transfers
* Illegal currency exchange
* Illegal investment schemes
* Illegal loan sharking
* Illegal credit card transactions

It's important for financial institutions and individuals to be vigilant in detecting and preventing criminal activity, and to report any suspicious activity to the appropriate authorities.",FALSE,Criminal activity refers to any action or behavior that is against the law and can result in legal consequences,FALSE,Criminal activity refers to actions that are illegal and violate the laws of a particular jurisdiction. These activities,FALSE,,,
credit institution,"A credit institution, in the context of EMIR, refers to an organization that is authorized to accept deposits or provide loans and is typically a bank or a similar financial entity. These institutions play a crucial role in the financial market by facilitating transactions and providing liquidity, and they are subject to EMIR regulations when engaging in derivatives trading to ensure transparency and risk management.","Based on the extra information, a credit institution is defined as:

""Credit Institutions are legal persons whose activities consist in receiving from the public deposits or other repayable funds and in granting credits for their...""

Additionally, it is also referred to as ""banks"" and ""institutions that can give loans to consumers but also receive deposits"".

So, in simple terms, a credit institution is a type of financial institution that accepts deposits from the public and provides loans to individuals or businesses.",TRUE,"A credit institution is a financial institution that provides credit and other financial services to individuals, businesses, and governments. Credit institutions are also known as banks, and they play a crucial role in the financial system by facilitating the flow of money and providing access to credit.

Credit institutions accept deposits from customers, which they use to fund their lending activities. They also provide a range of financial services, including:

1. Lending: Credit institutions lend money to individuals and businesses, either directly or indirectly, through the issuance of credit cards, personal loans, mortgages, and other types of loans.
2. Deposit-taking: Credit institutions accept deposits from customers, which they use to fund their lending activities.
3. Payment services: Credit institutions provide payment services, such as checking accounts, debit cards, and credit cards, that enable customers to make transactions and payments.
4. Investment services: Credit institutions may also provide investment services, such as asset management, securities trading, and pension funds.
5. Foreign exchange services: Credit institutions may provide foreign exchange services, such as currency exchange and international money transfers.

Examples of credit institutions include:

1. Commercial banks
2. Central banks
3. Savings banks
4. Credit unions
5. Investment banks
6. Mortgage banks
7. Online banks

Credit institutions are regulated by government agencies and must adhere to strict rules and guidelines to ensure the stability and security of the financial system.",TRUE,"A credit institution is a legal entity that carries out banking operations, as defined by the Uniform Law on",FALSE,"A credit institution, also known as a financial institution, is a type of organization that provides financial services",TRUE,,,
financial institution,"A financial institution is an organization that provides financial services such as banking, investing, and insurance. Within the EMIR framework, financial institutions include entities like banks, investment firms, and insurance companies that engage in one or more types of financial transactions, including derivatives trading, which EMIR regulates to enhance transparency and reduce systemic risk in the financial markets.","Based on the extra information, I can provide a clear answer to the question.

A financial institution is an organization that provides financial services to its clients. It facilitates the flow of capital between savers and borrowers, and can include various types of businesses such as banks, credit unions, insurance companies, and brokerages.",TRUE,"A financial institution is an organization that provides financial services to individuals, businesses, governments, or other organizations. These institutions play a crucial role in facilitating financial transactions, managing risk, and providing access to capital.

Examples of financial institutions include:

1. Banks: Commercial banks, investment banks, and central banks provide a range of services such as accepting deposits, making loans, and facilitating payments.
2. Credit Unions: Member-owned financial cooperatives that provide financial services to their members.
3. Insurance Companies: Offer insurance products to protect individuals and businesses against various types of risks, such as life, health, property, and liability.
4. Investment Firms: Provide investment products and services, such as brokerage services, investment advice, and portfolio management.
5. Pension Funds: Manage retirement savings and provide benefits to employees.
6. Stock Exchanges: Facilitate the buying and selling of securities, such as stocks and bonds.
7. Mutual Funds: Offer a pool of funds invested in a variety of assets, such as stocks, bonds, and commodities.
8. Hedge Funds: Invest in a variety of assets using complex strategies to generate returns.
9. Venture Capital Firms: Provide funding to startups and early-stage companies in exchange for equity.
10. Online Payment Processors: Facilitate online transactions, such as credit card payments and e-wallet transactions.

Financial institutions can be categorized based on their primary function, such as:

* Depository institutions: Accept deposits and make loans (e.g., banks, credit unions)
* Investment institutions: Provide investment products and services (e.g., investment firms, mutual funds)
* Insurance institutions: Offer insurance products (e.g., insurance companies)
* Capital market institutions: Facilitate the buying and selling of securities (e.g., stock exchanges, investment firms)

Overall, financial institutions play a vital role in the economy by providing access to capital, managing risk, and facilitating financial transactions.",TRUE,A financial institution is a business entity that provides services as an intermediary for different types of financial transactions.,TRUE,A financial institution is an organization that provides financial services to individuals and businesses. These services can include a,TRUE,,,
crypto-asset services,"Crypto-asset services refer to activities related to the management, exchange, or storage of crypto-assets, such as cryptocurrencies or tokens. Within the context of EMIR, these services may engage with derivatives or other financial instruments that relate to crypto-assets, requiring compliance with regulatory standards for transparency, risk management, and the reporting of transactions to ensure market integrity.","Based on the provided extra information, I can answer the question.

Crypto-asset services are not explicitly mentioned in the provided text. However, we can infer that crypto-asset services might be related to managing and handling crypto assets, which are defined as assets issued or transferred using distributed ledger technology (DLT) or blockchain technology.

Given the context, I would define crypto-asset services as a set of services that facilitate the management, trading, and custody of crypto assets. This could include services such as portfolio management, trading, and risk management, as well as services that provide custody and storage solutions for crypto assets.

Please note that this is an educated guess based on the provided information, and the actual definition of crypto-asset services might vary depending on the specific context or industry.",FALSE,"Crypto-asset services refer to the various financial services that are offered to individuals and institutions to facilitate the buying, selling, storing, and using of cryptocurrencies, such as Bitcoin, Ethereum, and others. These services can include:

1. Cryptocurrency exchanges: Platforms that allow users to buy and sell cryptocurrencies with fiat currencies or other cryptocurrencies.
2. Wallets: Digital storage solutions that allow users to store, send, and receive cryptocurrencies.
3. Custody services: Secure storage solutions that allow institutions to store and manage their cryptocurrency assets.
4. Trading platforms: Platforms that allow users to trade cryptocurrencies with other users or institutions.
5. Lending services: Platforms that allow users to lend their cryptocurrencies to other users or institutions, earning interest on their holdings.
6. Staking services: Platforms that allow users to participate in the validation process of certain cryptocurrencies, earning rewards in the form of cryptocurrency.
7. Payment processing: Services that allow merchants to accept cryptocurrency payments from customers.
8. OTC (over-the-counter) trading: Services that allow institutional investors to trade large volumes of cryptocurrencies directly with each other.
9. Research and analytics: Services that provide data and insights on the cryptocurrency market, helping investors make informed decisions.
10. Tax and accounting services: Services that help individuals and institutions comply with tax and accounting regulations related to cryptocurrency transactions.

These services are offered by a range of providers, including:

1. Exchanges: Platforms that allow users to buy and sell cryptocurrencies.
2. Financial institutions: Banks, brokerages, and other financial institutions that offer cryptocurrency services to their clients.
3. Technology companies: Companies that specialize in developing and providing cryptocurrency-related technology and services.
4. Startups: New companies that are developing innovative cryptocurrency-related services and products.

Overall, crypto-asset services are designed to facilitate the growth and adoption of cryptocurrencies, making it easier for individuals and institutions to participate in the market and use these digital assets.",TRUE,Crypto-asset services refer to a range of financial services specifically designed to manage and facilitate the use,TRUE,Crypto-asset services refer to a range of financial services that are specifically designed to facilitate the use,TRUE,,,
crypto-asset service provider,"A crypto-asset service provider (CASP) refers to an entity that offers services related to crypto-assets, such as cryptocurrency exchanges, wallet providers, and platforms facilitating crypto trading or transactions. Under the EMIR framework, while CASPs may not be directly regulated by EMIR itself, the evolving regulations around crypto-assets necessitate compliance with related financial regulations to enhance market integrity and consumer protection.","Based on the extra information provided, I can confidently answer that a Crypto-asset Service Provider (CASP) is a business that offers crypto wallets, crypto exchange services, and similar crypto-asset services professionally.",TRUE,"A crypto-asset service provider (CASP) is a company that offers various services related to cryptocurrencies, such as Bitcoin, Ethereum, and other digital assets. These services can include:

1. Cryptocurrency exchanges: Allowing users to buy, sell, and trade cryptocurrencies.
2. Custody services: Holding and safeguarding cryptocurrencies on behalf of clients, often in cold storage.
3. Trading platforms: Enabling users to trade cryptocurrencies against fiat currencies or other digital assets.
4. Wallet services: Providing digital wallets for storing, sending, and receiving cryptocurrencies.
5. Payment processing: Facilitating transactions between merchants and customers using cryptocurrencies.
6. Lending and borrowing: Allowing users to lend or borrow cryptocurrencies.
7. Staking: Enabling users to participate in the validation process of certain cryptocurrencies, such as proof-of-stake (PoS) blockchains.
8. Brokerage services: Offering cryptocurrency-related investment products, such as funds or certificates.
9. Consulting and advisory services: Providing guidance on cryptocurrency-related matters, such as tax compliance, regulatory issues, and investment strategies.

CASP's operate in a highly regulated environment, and their activities are subject to various laws and regulations, such as anti-money laundering (AML) and know-your-customer (KYC) requirements, as well as securities and tax regulations.

Some examples of crypto-asset service providers include:

* Coinbase
* Binance
* Kraken
* Gemini
* Bitstamp
* Robinhood
* eToro

It's worth noting that not all CASPs are the same, and some may specialize in specific areas, such as institutional investors or retail traders. Additionally, some CASPs may operate under different names, such as cryptocurrency exchanges, digital asset exchanges, or blockchain service providers.",TRUE,"A crypto-asset service provider (CASP) is an intermediary that facilitates the use, exchange,",TRUE,A crypto-asset service provider (CASP) is a type of financial institution or service provider that,TRUE,,,
financial mixed activity holding company,"A financial mixed activity holding company is an entity that holds stakes in other financial and non-financial firms, engaging in various activities that mix both types. Under the EMIR framework, such companies are often scrutinized for their potential systemic risk, as their diverse operations might impact the stability of financial markets and require compliance with reporting and clearing obligations for derivatives transactions.","A straightforward question!

According to the extra information provided, a mixed financial holding company is defined in point (21) of Article 4(1) of Regulation (EU) No 575/2013.

Unfortunately, the extra information doesn't provide a direct definition of a ""financial mixed activity holding company"". However, based on the context and the provided definition of a mixed financial holding company, I would assume that a financial mixed activity holding company is a type of company that engages in multiple financial activities, such as banking, insurance, and/or asset management.

In other words, a financial mixed activity holding company is a company that has a diversified financial portfolio, encompassing different financial sectors or activities. This could include companies that operate as a holding company for multiple financial institutions, or those that engage in a range of financial activities, such as banking, investment, and insurance.

Please note that this is an educated guess, and without further clarification or specific information, it's difficult to provide a more precise definition.",FALSE,"A financial mixed activity holding company (FMAHC) is a type of financial institution that combines two or more financial activities, such as banking, insurance, and investment services, under a single corporate umbrella.

FMAHCs are often referred to as ""financial conglomerates"" or ""financial groups."" They typically operate through a variety of subsidiaries, each of which specializes in a specific financial activity. For example, an FMAHC might have a banking subsidiary that offers deposit and lending services, an insurance subsidiary that offers life and non-life insurance products, and an investment subsidiary that provides investment and wealth management services.

FMAHCs can offer a range of benefits to customers, including:

1. Convenience: Customers can access a range of financial services from a single provider, rather than having to deal with multiple institutions.
2. Diversification: FMAHCs can offer a diversified range of financial products and services, which can help to reduce risk and increase returns.
3. Economies of scale: FMAHCs can achieve economies of scale by sharing resources and expertise across their various subsidiaries.
4. Risk management: FMAHCs can manage risk more effectively by diversifying their activities and spreading risk across different business lines.

However, FMAHCs also face some challenges, including:

1. Regulatory complexity: FMAHCs are subject to a complex web of regulations and supervisory requirements, which can be challenging to navigate.
2. Conflicts of interest: FMAHCs may face conflicts of interest between their different business lines, which can create risks for customers and the institution.
3. Risk concentration: FMAHCs may be more vulnerable to risk concentration, as a failure in one business line can have a ripple effect across the entire organization.

Examples of FMAHCs include:

1. Bank of America (which operates a banking subsidiary, an investment subsidiary, and an insurance subsidiary)
2. Wells Fargo (which operates a banking subsidiary, an insurance subsidiary, and an investment subsidiary)
3. AIG (which operates a range of insurance subsidiaries, as well as an investment subsidiary)

I hope this helps! Let me know if you have any further questions.",TRUE,"Based on the provided information, a ""mixed financial holding company"" is defined in point (2",FALSE,A financial mixed activity holding company is a type of corporate entity that engages in a variety of financial activities,TRUE,,,
trust or company service provider,"A Trust or Company Service Provider (TCSP) is a business that offers services related to the creation, management, or administration of trusts or companies. Under the EMIR framework, TCSPs may be involved in structuring derivative transactions and need to comply with anti-money laundering (AML) regulations to ensure the integrity of the financial markets they operate in. Their role can include providing directorial services, compliance with regulatory reporting, and safeguarding the interests of the trust or company beneficiaries.","Based on the extra information provided, a Trust or Company Service Provider (TCSP) is defined as a business or individual that provides services related to entities or companies. Specifically, a TCSP is any person whose business provides services such as forming companies or other entities.",TRUE,"A Trust or Company Service Provider (TCSP) is a type of financial institution that offers services related to the formation and maintenance of trusts, companies, and other legal entities. TCSPs provide a range of services to clients, including:

1. Company formation: TCSPs can help clients form new companies, including registering the company, preparing the articles of association, and obtaining any necessary licenses and permits.
2. Trust services: TCSPs can help clients establish trusts, including drafting the trust agreement, registering the trust, and managing the trust assets.
3. Corporate secretarial services: TCSPs can provide ongoing corporate secretarial services, including maintaining company records, preparing meeting minutes, and ensuring compliance with regulatory requirements.
4. Registered agent services: TCSPs can act as a registered agent for companies, receiving and forwarding official documents, and providing a physical address for service of process.
5. Compliance services: TCSPs can help clients comply with regulatory requirements, including anti-money laundering (AML) and know-your-customer (KYC) regulations.

TCSPs are subject to specific regulations and guidelines, including the EU's Fifth Anti-Money Laundering Directive (5AMLD) and the Financial Action Task Force (FATF) Recommendations. These regulations aim to prevent the misuse of TCSP services for money laundering, terrorist financing, and other illicit activities.

Some examples of TCSPs include:

* Law firms with a trust or company formation department
* Accounting firms with a trust or company formation division
* Specialized trust and company service providers
* Banks and other financial institutions with trust and company services

When choosing a TCSP, it's essential to research the provider's reputation, experience, and compliance with relevant regulations to ensure that your needs are met while also maintaining the highest standards of integrity and transparency.",TRUE,A Trust or Company Service Provider (TCSP) is a business or individual that provides services related to,TRUE,A Trust or Company Service Provider (TCSP) is a professional service provider that offers a range of,TRUE,,,
gambling service,"In the context of EMIR, a gambling service refers to any activity that involves betting or wagering on outcomes involving chance, typically facilitated through online platforms or physical locations. While EMIR primarily focuses on derivatives and financial markets, gambling services operate under separate regulations addressing consumer protection, licensing, and anti-money laundering requirements rather than directly under EMIR itself.","Based on the extra information provided, I can answer the question as follows:

Gambling services refer to the services provided by workers in gambling establishments, such as casinos or racetracks. These workers may include those who tend slot machines or deal cards. In other words, gambling services are the services offered by the staff in gambling establishments to customers.",FALSE,"A gambling service, also known as a gambling platform or online casino, is a type of online service that allows users to engage in various forms of gambling activities, such as sports betting, online casino games, poker, and more. These services typically operate online and offer a range of features, including:

1. Game selection: A variety of games, such as slots, table games, and live dealer games, are available for users to play.
2. Betting options: Users can place bets on sports events, games, or other outcomes.
3. Deposit and withdrawal options: Users can deposit and withdraw funds using various payment methods, such as credit cards, e-wallets, and bank transfers.
4. Bonuses and promotions: Many gambling services offer bonuses, such as welcome bonuses, deposit bonuses, and loyalty rewards, to attract and retain customers.
5. Customer support: Users can contact customer support teams for assistance with issues, such as account management, game rules, and technical problems.

Some common types of gambling services include:

1. Online casinos: These services offer a range of casino games, such as slots, table games, and live dealer games.
2. Sportsbooks: These services allow users to place bets on sports events, such as football, basketball, and tennis.
3. Poker rooms: These services offer online poker games, often with real-money stakes.
4. Bingo halls: These services offer online bingo games, often with real-money stakes.

When using a gambling service, it's essential to:

1. Check the service's legitimacy: Ensure the service is licensed and regulated by a reputable authority.
2. Set a budget: Decide how much you're willing to spend and stick to it.
3. Understand the rules: Familiarize yourself with the rules and terms of each game or service.
4. Manage your risk: Don't bet more than you can afford to lose.
5. Seek help: If you're experiencing problems with gambling, consider seeking help from a gambling support service.

Remember, gambling should be done responsibly and within your means.",TRUE,"Gambling services refer to the activities and services provided by workers in gambling establishments, such as casinos",FALSE,"Gambling services refer to a range of activities and platforms that facilitate gambling, which is the w",FALSE,,,
crowdfunding intermediary,"A crowdfunding intermediary is an entity that facilitates the process of raising funds from a large number of individuals, typically through online platforms, for various projects or ventures. Within the context of EMIR, while crowdfunding itself is not specifically regulated under EMIR, intermediaries may need to adhere to certain regulatory requirements when they engage in financial transactions, especially if these involve derivatives or other financial instruments covered by EMIR.","Based on the extra information provided, a crowdfunding intermediary is an entity that connects issuers raising funds under Regulation Crowdfunding (Reg CF) with retail investors. This entity must register with the Securities and Exchange Commission (SEC) as either a broker or a funding portal, and become a member of a relevant organization.

In simpler terms, a crowdfunding intermediary is an online platform that facilitates fundraising activities between companies and individual investors.",TRUE,"A crowdfunding intermediary, also known as a crowdfunding platform or crowdfunding portal, is a third-party entity that connects project creators or entrepreneurs with potential investors or backers. The platform acts as an intermediary between the two parties, facilitating the fundraising process and providing a platform for projects to be showcased and funded.

Crowdfunding intermediaries typically operate online and offer various services, such as:

1. Project listing: Allowing project creators to list their projects and share them with a large audience.
2. Funding mechanism: Providing a mechanism for backers to contribute funds to the project in exchange for rewards, equity, or other incentives.
3. Payment processing: Handling payment transactions between backers and project creators.
4. Marketing and promotion: Promoting projects to a large audience through social media, email marketing, and other channels.
5. Risk management: Managing the risk associated with crowdfunding, such as ensuring that projects are legitimate and that backers receive their rewards.

Some common types of crowdfunding intermediaries include:

1. Equity crowdfunding platforms: Allow startups and small businesses to raise capital from investors in exchange for equity.
2. Reward-based crowdfunding platforms: Allow project creators to offer rewards to backers in exchange for their funding.
3. Debt-based crowdfunding platforms: Allow borrowers to raise capital from lenders and repay them with interest.
4. Donation-based crowdfunding platforms: Allow project creators to raise funds for charitable or non-profit purposes.

Examples of popular crowdfunding intermediaries include:

1. Kickstarter
2. Indiegogo
3. GoFundMe
4. Seedrs
5. Crowdfunder

When choosing a crowdfunding intermediary, it's essential to research and compare different platforms to find the one that best fits your project's needs and goals.",TRUE,A crowdfunding intermediary is an online system that enables crowdfunding intermediaries to submit,FALSE,A crowdfunding intermediary is a platform or service that facilitates the process of crowdfunding,TRUE,,,
establishment’,"In the context of EMIR (European Market Infrastructure Regulation), ""establishment"" refers to a legal entity that has a physical presence in a member state of the European Union. This includes having a registered office or business operations in that state, which allows the entity to be subject to EMIR's reporting and clearing requirements for derivatives markets.","Based on the extra information provided, an ""establishment"" refers to an enterprise or part of an enterprise that is situated in a single location and in which only a single productive activity is carried out.",FALSE,"In the context of business and finance, an ""establishment"" refers to a specific business entity or organization that is registered and operating under a particular name. It can be a company, partnership, sole proprietorship, or other type of business structure.

In other words, an establishment is a formal business entity that is recognized by law and is engaged in commercial or economic activities. This can include:

* A corporation (e.g., XYZ Inc.)
* A limited liability company (LLC)
* A partnership (e.g., Smith & Johnson)
* A sole proprietorship (e.g., John Doe's Business)
* A non-profit organization
* A government agency

When we talk about an establishment, we're usually referring to its legal identity, including its name, address, and registration details. This information is often used for official purposes, such as filing taxes, applying for licenses, and registering with government agencies.

In the financial context, an establishment is often used to identify a specific business or entity that is involved in financial transactions, such as making or receiving payments, issuing invoices, or applying for loans.

Does that help clarify things?",FALSE,"Based on the extra information provided, an establishment is defined as an enterprise or part of an enterprise that",TRUE,"In the context of finance, an ""establishment"" typically refers to a business or organization that",TRUE,,,
business relationship,"In the context of EMIR, a business relationship refers to an ongoing professional engagement between two parties involved in derivative transactions. This includes interactions with counterparties, central counterparties (CCPs), and trade repositories, which must adhere to specific regulatory obligations under EMIR to ensure transparency and mitigate risks in the derivatives market.","Based on the extra information, I can provide a definition of business relationship. According to the provided information, a business relationship refers to the connections between those engaged in commerce. It can also be referred to as professional relationships, and it includes all individuals and entities with which a business is connected or expects to have a connection, whether internal or external.",FALSE,"A business relationship refers to the connection or partnership between two or more organizations, individuals, or entities that work together to achieve common goals, share resources, or exchange goods and services. This relationship can be formal or informal, and it can take many forms, such as:

1. Supplier-customer relationships: A company that supplies goods or services to another company.
2. Business partnerships: Two or more companies that work together to achieve a common goal, such as a joint venture or a strategic alliance.
3. Employer-employee relationships: A company that hires and employs individuals to work for them.
4. Distributor-wholesaler-retailer relationships: A company that distributes products to wholesalers, who then sell them to retailers, who sell them to end-consumers.
5. Franchise relationships: A company that grants a franchise to an individual or organization to operate a business under their brand name.
6. Joint venture relationships: Two or more companies that work together to achieve a specific goal or project.

A strong business relationship is built on trust, communication, and mutual understanding. It requires effective communication, clear expectations, and a shared understanding of goals and objectives. A business relationship can be beneficial in many ways, such as:

* Access to new markets, customers, or suppliers
* Shared resources and expertise
* Increased efficiency and productivity
* Improved decision-making and problem-solving
* Enhanced reputation and credibility
* Increased competitiveness and profitability

However, a business relationship can also be complex and challenging, requiring ongoing effort and maintenance to ensure its success.",FALSE,A business relationship refers to the connections between those engaged in commerce.,FALSE,"A business relationship is a mutually beneficial association between two or more parties, typically involving the exchange of goods",FALSE,,,
linked transactions,"Linked transactions refer to a series of trades or transactions that are interconnected or dependent on each other. In the context of EMIR, these transactions are often analyzed to assess risk exposure and transparency, as they may involve derivative contracts that could influence market stability or counterparty risk if not disclosed properly. The regulation aims to ensure that such linked transactions are reported to trade repositories to improve oversight and mitigate systemic risks.","Based on the extra information provided, I can answer the question.

Linked transactions refer to two or more transactions with either identical or similar origin and destination, over a specific period of time. This can include multiple property deals between the same buyer and seller, or their connected parties, treated as a single arrangement or a series.",FALSE,"Linked transactions are a type of financial transaction where multiple transactions are linked together and treated as a single transaction for tax purposes. This can occur when a business or individual has a series of related transactions, such as a series of payments made to a vendor, that are connected by a common purpose or goal.

For example, let's say a company purchases a piece of equipment from a vendor for $10,000, and the vendor agrees to provide installation services for an additional $2,000. In this case, the purchase of the equipment and the installation services could be considered linked transactions, as they are related to the same project or purpose.

Linked transactions can be important for tax purposes because they can affect the way that income and expenses are reported on tax returns. For instance, if a business has a series of linked transactions, it may be able to deduct the total cost of the transactions as a single expense, rather than having to deduct each transaction separately.

The Internal Revenue Service (IRS) has specific rules for identifying and reporting linked transactions, which are outlined in the tax code and in IRS guidance. For example, the IRS requires that businesses maintain accurate records of all transactions, including linked transactions, and that they report these transactions accurately on their tax returns.

Some common examples of linked transactions include:

* A series of payments made to a vendor for a single project or contract
* A series of transactions related to the purchase and sale of a business
* A series of transactions related to the financing or refinancing of a business
* A series of transactions related to the purchase and installation of equipment or property

It's important for businesses and individuals to understand how linked transactions work and how they can affect their tax obligations. If you have questions about linked transactions or need help with reporting them on your tax return, it's a good idea to consult with a tax professional or financial advisor.",FALSE,"Linked transactions refer to a series of transactions that are related to each other, either by being part of",FALSE,Linked transactions refer to a set of transactions that are related to each other in some way. In the,FALSE,,,
third country,"In the context of EMIR, a ""third country"" refers to any country that is not a member of the European Union (EU) or the European Economic Area (EEA). EMIR includes specific provisions for dealing with derivatives transactions involving parties from third countries, ensuring that these transactions comply with EU regulatory standards when they are conducted with EU entities.","Based on the extra information provided, a ""third-country"" refers to a jurisdiction that is not a member of the European Union (EU). In the context of financial regulations, a third-country jurisdiction is a country that is not part of the EU, and the EU uses the approach of ""equivalence"" to manage cross-border activities with these jurisdictions in the financial sector.

In other words, a third-country is a country that is outside of the EU, and the EU has to establish a framework to ensure that financial institutions and activities from these countries are subject to similar regulatory standards and requirements as those within the EU.",TRUE,"In the context of finance and international trade, a ""third country"" refers to a country that is not the country of origin (first country) or the country of destination (second country) of a transaction, product, or service.

For example, let's say you're a US-based company that imports goods from China (first country) and sells them to a customer in the UK (second country). In this scenario, the US would be the third country, as it's not the country of origin (China) or the country of destination (UK).

Third countries often play a crucial role in international trade, as they may serve as:

1. Transit countries: Goods or services may pass through a third country before reaching their final destination.
2. Processing countries: Goods may be processed, manufactured, or assembled in a third country before being exported to the final destination.
3. Re-export countries: Goods may be re-exported from a third country to another country, often with additional processing or value added.

In financial transactions, third countries may also be involved in:

1. Trade finance: Banks in a third country may provide financing or guarantees for international trade transactions.
2. Investment: Investors from a third country may invest in companies or assets in other countries.
3. Tax planning: Companies may use third countries to optimize their tax strategy or reduce tax liabilities.

In summary, a third country is any country that is not the country of origin or destination in a transaction, product, or service, and plays a significant role in international trade and finance.",FALSE,"Based on the provided information, a ""third country"" is defined as ""a territory or country which",TRUE,"In the context of international trade and finance, a ""third country"" typically refers to any country that",FALSE,,,
correspondent relationship,"A correspondent relationship, in the context of EMIR, refers to a partnership between financial institutions that enables them to facilitate and support cross-border transactions and services. This relationship is crucial for ensuring efficient clearing and settlement of trades, especially in derivatives markets, as it allows parties to access necessary liquidity and risk management services while adhering to EMIR compliance requirements.","Based on the extra information provided, a correspondent relationship refers to an agreement or arrangement between two financial institutions, where one institution (the correspondent) provides banking services to another institution (the respondent). This relationship allows the respondent institution to access banking services, such as clearing and settlement of funds, in a foreign market or country.

In other words, a correspondent relationship is a partnership between two financial institutions, where one institution acts as an intermediary or agent for the other institution, enabling the respondent institution to conduct business in a foreign market or country.",TRUE,"In the financial industry, a correspondent relationship refers to a partnership between two financial institutions, such as banks or credit unions, where they agree to provide services to each other's customers. This type of relationship allows correspondent banks to act on behalf of each other, facilitating transactions and providing access to a broader range of services.

In a correspondent relationship, one institution (the correspondent bank) acts as an agent for the other institution (the respondent bank). The correspondent bank may provide services such as:

1. Cash management: The correspondent bank may manage the respondent bank's cash and liquidity needs.
2. Wire transfers: The correspondent bank may facilitate wire transfers between the respondent bank's customers and other financial institutions.
3. Account management: The correspondent bank may manage the respondent bank's accounts, including checking and savings accounts, as well as other deposit accounts.
4. Lending: The correspondent bank may provide lending services to the respondent bank's customers.
5. Trade finance: The correspondent bank may provide trade finance services, such as letter of credit and factoring, to the respondent bank's customers.

Correspondent relationships are often used to:

1. Expand services: By partnering with a correspondent bank, a financial institution can offer its customers a broader range of services and products.
2. Increase efficiency: Correspondent relationships can streamline processes and reduce costs by eliminating the need for multiple relationships with other financial institutions.
3. Enhance risk management: Correspondent banks can help respondent banks manage risk by providing access to a broader range of services and products.
4. Improve customer service: Correspondent relationships can provide customers with a wider range of services and products, improving their overall banking experience.

Overall, correspondent relationships play a critical role in the financial industry, enabling financial institutions to provide their customers with a wider range of services and products while also improving efficiency and reducing risk.",FALSE,A correspondent banking relationship is an agreement or arrangement between a prescribed foreign financial institution and a Canadian financial institution,FALSE,"A correspondent relationship in the financial sector refers to a business arrangement between two financial institutions, typically a bank",TRUE,,,
shell institution,"In the context of EMIR, a ""shell institution"" refers to an entity that lacks substantial operations or activities, typically existing primarily for regulatory purposes or to meet certain criteria under the law. Such institutions may be used in financial transactions but do not engage in significant business operations, raising concerns about transparency and systemic risk in the financial system.","Based on the extra information provided, I can answer that a shell company is a legal entity that has no significant business assets or operations. It's a business that exists on paper but doesn't engage in any actual business activities.",TRUE,"A shell institution, also known as a shell company, is a company that has no significant assets, operations, or employees, but is still registered and exists as a legal entity. Shell companies are often used for various purposes, including:

1. Tax avoidance: By creating a shell company, individuals or entities can avoid paying taxes on income or assets.
2. Financial secrecy: Shell companies can be used to hide the true ownership and control of assets, making it difficult to trace the source of funds.
3. Money laundering: Shell companies can be used to launder money, making it appear as if the funds are legitimate.
4. Corporate veil: Shell companies can be used to conceal the identity of the true owners and beneficiaries of a company.
5. Investment vehicles: Shell companies can be used as investment vehicles for private equity, venture capital, or other financial instruments.

Shell institutions can take many forms, including:

1. Holding companies: Shell companies that hold assets or investments, but do not engage in any significant business activities.
2. Special purpose vehicles (SPVs): Shell companies created to finance specific projects or transactions.
3. Offshore companies: Shell companies registered in offshore jurisdictions, often with a focus on tax avoidance or financial secrecy.
4. Dormant companies: Shell companies that have been inactive for a period of time, but are still registered and exist as a legal entity.

It's important to note that while shell institutions can be used for legitimate purposes, they can also be used for illegal activities, such as tax evasion, money laundering, and other financial crimes. As a result, regulatory bodies and law enforcement agencies closely monitor and regulate shell companies to prevent their misuse.",TRUE,"Based on the extra information provided, a ""shell institution"" is a financial institution that is incorporated,",FALSE,"A shell institution, also known as a shell company or shell corporation, is a company that exists on",TRUE,,,
anonymity-enhancing coins,"Anonymity-enhancing coins refer to cryptocurrencies designed to provide users with enhanced privacy and anonymity during transactions. Unlike traditional cryptocurrencies like Bitcoin, which allow for transaction traceability, these coins utilize technologies such as ring signatures, stealth addresses, and zero-knowledge proofs to obscure the identities of senders and receivers as well as transaction amounts. Within the EMIR framework, the use of such coins may raise concerns about transparency and regulatory compliance due to their potential to facilitate untraceable financial activities.","Based on the extra information provided, anonymity-enhancing coins, also referred to as privacy coins or Anonymity Enhanced Coins (AECs), are cryptocurrencies that deploy advanced privacy-preserving technologies to enhance trader anonymity and reduce traceability.",TRUE,"Anonymity-enhancing coins, also known as privacy coins, are cryptocurrencies that prioritize user privacy and anonymity by making it difficult to trace transactions back to their original source. These coins use advanced cryptography and other techniques to conceal the identities of users and their transaction patterns.

Some common features of anonymity-enhancing coins include:

1. Confidential transactions: These coins use techniques like zk-SNARKs (zero-knowledge succinct non-interactive argument of knowledge) or ring signatures to hide the amounts and recipients of transactions.
2. Private keys: These coins use private keys that are not publicly linked to the user's identity, making it difficult to trace transactions back to the user.
3. Unlinkable transactions: These coins use techniques like coinjoin or mixers to break the link between transactions, making it difficult to trace a transaction back to its original source.
4. Decentralized governance: These coins often have decentralized governance models, which means that there is no central authority controlling the network, making it harder to trace transactions.

Examples of anonymity-enhancing coins include:

1. Monero (XMR): Known for its focus on privacy and anonymity, Monero uses a unique consensus algorithm and advanced cryptography to conceal transaction information.
2. Zcash (ZEC): Zcash uses a technology called zk-SNARKs to enable private transactions, making it difficult to trace transactions back to their original source.
3. Dash (DASH): Dash is a privacy-focused coin that uses a decentralized governance model and advanced cryptography to conceal transaction information.
4. Verge (XVG): Verge is a privacy-focused coin that uses a decentralized governance model and advanced cryptography to conceal transaction information.
5. Horizen (ZEN): Horizen is a privacy-focused coin that uses a decentralized governance model and advanced cryptography to conceal transaction information.

It's important to note that while anonymity-enhancing coins can provide a higher level of privacy, they are not completely anonymous and may still be traceable under certain circumstances. Additionally, the use of these coins may be subject to regulatory requirements and laws in certain jurisdictions.",TRUE,"Anonymity-enhancing coins, also known as privacy coins, are cryptocurrencies that",TRUE,"Anonymity-enhancing coins, also known as privacy coins, are cryptocurrencies designed",TRUE,,,
virtual IBAN,"A virtual IBAN (International Bank Account Number) is a digital bank account identifier that allows businesses to receive payments without needing a physical bank account number for each transaction. Within the EMIR framework, virtual IBANs facilitate efficient cash management and support the requirements for trade reporting and risk management by streamlining payment processes associated with derivatives transactions. They can help improve transparency and reduce operational risk in the context of EMIR compliance.","Based on the extra information, I can confidently answer that a Virtual IBAN is a unique identifier that allows businesses to receive and manage payments without needing a physical bank account. It is also referred to as a Virtual International Bank Account Number (VIBAN) or a virtual account reference number allocated by a banking or payments provider to provide local payment. Additionally, Virtual IBANs are digital accounts issued by financial institutions for cross-border transactions, which function by leveraging advanced technology to transfer funds.",TRUE,"A virtual IBAN, also known as a digital IBAN or e-IBAN, is a unique identifier used to facilitate international transactions, similar to a traditional IBAN (International Bank Account Number). However, a virtual IBAN is not linked to a physical bank account and is typically used for specific purposes, such as:

1. Cross-border transactions: Virtual IBANs can be used for international transactions, allowing businesses to receive payments from customers in other countries.
2. E-commerce: Online retailers can use virtual IBANs to receive payments from customers, reducing the need for physical bank accounts.
3. Digital wallets: Virtual IBANs can be used in digital wallets, enabling users to receive and send international payments.
4. Accounting and bookkeeping: Virtual IBANs can be used for accounting and bookkeeping purposes, making it easier to track and manage international transactions.

Virtual IBANs typically have the following characteristics:

* They are not linked to a physical bank account.
* They are used for specific purposes, such as international transactions or e-commerce.
* They are often used in conjunction with other payment methods, such as credit cards or digital wallets.
* They may be used for both incoming and outgoing transactions.

It's important to note that virtual IBANs are not regulated by the same authorities as traditional IBANs, and their use may vary depending on the country and financial institution.",TRUE,A Virtual IBAN (International Bank Account Number) is a unique identifier that allows businesses to receive and,TRUE,A Virtual IBAN (International Bank Account Number) is a type of IBAN that is not linked,FALSE,,,
Legal Entity Identifier,"A Legal Entity Identifier (LEI) is a unique 20-character alphanumeric code used to identify distinct legal entities participating in financial transactions. In the context of EMIR, LEIs are essential for reporting and transparency, as they help ensure that financial regulators can accurately track the activities of market participants and assess systemic risk.","Based on the extra information provided, it appears that the Legal Entity Identifier (LEI) is a topic of interest. According to the reports and letters, an LEI is a unique identifier assigned to a legal entity, such as a company, organization, or government entity, to identify it globally.

In simple terms, an LEI is a 20-character alphanumeric code that serves as a digital fingerprint for a company, making it easier to identify and verify the entity's information in financial transactions, regulatory reports, and other business dealings.

LEIs are used to standardize the way companies are identified, reducing errors and increasing transparency in financial markets. They are particularly useful for companies that engage in cross-border transactions, as they provide a consistent and reliable way to identify the entity involved.

In summary, a Legal Entity Identifier (LEI) is a unique identifier assigned to a legal entity to identify it globally, promoting transparency and standardization in financial transactions and regulatory reporting.",TRUE,"A Legal Entity Identifier (LEI) is a unique 20-character alphanumeric code assigned to a legal entity, such as a company, organization, or government entity, that identifies it globally and uniquely. The LEI is used to identify parties involved in financial transactions, such as counterparties, issuers, and borrowers, in order to improve transparency, reduce risk, and facilitate regulatory compliance.

The LEI was introduced by the Global Legal Entity Identifier Foundation (GLEIF) in 2013, and it is used by various financial markets and regulatory bodies around the world. The LEI is based on a standardized format and is issued by a network of Local Operating Units (LOUs) that are accredited by the GLEIF.

Some of the key benefits of using an LEI include:

1. Unique identification: The LEI provides a unique identifier for each legal entity, which helps to reduce errors and misidentifications.
2. Global scope: The LEI is a global identifier, which means that it can be used to identify legal entities across different countries and regions.
3. Standardized format: The LEI is based on a standardized format, which makes it easy to use and understand.
4. Improved transparency: The LEI provides transparency and visibility into the identity of parties involved in financial transactions, which helps to reduce risk and improve regulatory compliance.
5. Reduced costs: The LEI can help to reduce costs by providing a standardized and efficient way to identify legal entities.

Some examples of entities that may need an LEI include:

1. Corporations
2. Limited liability companies (LLCs)
3. Partnerships
4. Trusts
5. Government entities
6. Non-profit organizations
7. Financial institutions

Overall, the LEI is an important tool for improving transparency and reducing risk in financial markets, and it is widely used by financial institutions, regulatory bodies, and other organizations around the world.",TRUE,"A Legal Entity Identifier (LEI) is a unique, 20-character, alphanumeric",TRUE,"A Legal Entity Identifier (LEI) is a unique, 20-character, alphanumeric",TRUE,,,
beneficial owner,"A beneficial owner is an individual or entity that ultimately owns or controls an asset or security, even if it is held in the name of another party, such as a nominee or trust. In the context of EMIR, identifying the beneficial owner is important for transparency and regulatory compliance, especially in relation to derivative transactions, to prevent market manipulation and ensure proper reporting.","Based on the extra information provided, a beneficial owner is defined as:

* A natural person or persons who ultimately owns or controls an interest in a legal entity or arrangement, such as a company, a trust, or partnership.
* An individual who ultimately owns or controls an entity such as a company, trust or partnership.
* Someone who owns at least part of a property or other asset, even if its legal title is owned by someone else.
* A person who enjoys the benefits of ownership of an asset, which is held on their behalf by a custodian or broker.

In general, a beneficial owner is the person who has the ultimate control or ownership of an asset, even if it is held in the name of someone else.",TRUE,"In the context of financial regulations and anti-money laundering (AML) compliance, a beneficial owner is an individual who ultimately owns or controls a company, trust, or other legal entity. In other words, they are the person who benefits from the ownership or control of the entity, even if they are not the registered owner.

Beneficial owners can be individuals or entities that have a direct or indirect interest in the entity, such as:

1. Shareholders: Those who own shares of stock or other equity interests in a company.
2. Trust beneficiaries: Those who receive income or assets from a trust.
3. Partners: Those who have an ownership interest in a partnership or limited liability company (LLC).
4. Directors: Those who have control over the management and operations of a company.

The concept of beneficial ownership is important for AML compliance because it helps identify individuals who may be hiding behind shell companies or other legal structures to conceal their involvement in financial transactions. By identifying beneficial owners, financial institutions and other organizations can better assess the risk of money laundering, terrorist financing, and other financial crimes.

In many countries, including the United States, the European Union, and Australia, there are laws and regulations that require companies to identify and disclose their beneficial owners. This information is typically collected and maintained by the company's legal or compliance department and may be shared with regulatory authorities or other parties as required by law.",TRUE,A beneficial owner is a natural person or persons who ultimately owns or controls an interest in a legal entity,FALSE,A beneficial owner is an individual or entity that ultimately owns or controls a significant portion of a company or,TRUE,,,
express trust,"In the context of EMIR, an express trust is a legal arrangement where a party (the trustee) holds assets for the benefit of another party or parties (the beneficiaries) based on explicit instructions laid out in a trust document. While express trusts are not a primary focus of EMIR, understanding them can be relevant in discussions of collateral management and risk mitigation practices in derivatives transactions, where assets might be held in trust to secure obligations.","According to the extra information, an express trust is a type of trust that is intentionally created by someone, usually in writing. It is a trust created in express terms, and usually in writing, as distinguished from one inferred by the law from the conduct or dealings of the parties.",TRUE,"An express trust is a type of trust that is created when the settlor (the person creating the trust) explicitly states their intention to create a trust and specifies the terms of the trust in a written document, such as a trust agreement or a will.

In an express trust, the settlor clearly and explicitly states their intention to transfer property to the trustee (the person or entity managing the trust) to hold for the benefit of the beneficiaries (the people or entities who will receive the benefits of the trust). The settlor must also identify the property being transferred, the beneficiaries, and the purposes for which the trust is being created.

Express trusts are typically used to achieve specific goals, such as:

1. Managing assets: Express trusts can be used to manage assets, such as real estate or investments, for the benefit of family members or other beneficiaries.
2. Tax planning: Express trusts can be used to minimize taxes by transferring assets to the trust and then distributing them to beneficiaries in a tax-efficient manner.
3. Estate planning: Express trusts can be used as part of an estate plan to distribute assets after the settlor's death, or to manage assets during the settlor's lifetime.
4. Charitable giving: Express trusts can be used to create charitable trusts, which allow the settlor to make charitable donations while also providing tax benefits.

Examples of express trusts include:

1. Revocable trusts: These trusts allow the settlor to transfer assets to the trust while still retaining the right to revoke or amend the trust.
2. Irrevocable trusts: These trusts transfer assets to the trust and cannot be revoked or amended.
3. Testamentary trusts: These trusts are created through a will and are used to distribute assets after the settlor's death.

It's important to note that express trusts must be carefully drafted and administered to ensure that the settlor's intentions are carried out and that the trust is valid under applicable law.",FALSE,"An express trust is a trust created deliberately by a settlor, usually in the form of a written",TRUE,Express trust is a concept in finance and economics that refers to the expectation that a party will fulfill its,FALSE,,,
objects of a power,"In the context of EMIR, ""objects of a power"" typically refers to the various financial derivatives and transactions regulated under the framework. EMIR aims to increase transparency and reduce systemic risks in the derivatives market by imposing reporting obligations, requiring central clearing for certain products, and establishing risk mitigation techniques for non-centrally cleared derivatives.","Based on the extra information provided, I can answer the question.

The ""objects of a power"" refer to the pool of potential new owners of the property that the power-holder (the donee) can select from when exercising their power of appointment. In other words, the objects of the power are the class of persons that the donee can choose to receive the property or assets assigned under the power of appointment.",FALSE,"In the context of financial markets and investments, a ""power"" typically refers to a legal document that grants authority to someone to manage or control a specific financial asset or portfolio. The objects of a power can vary depending on the specific context, but common examples include:

1. Securities: Stocks, bonds, mutual funds, or other types of securities that are part of a portfolio.
2. Accounts: Bank accounts, investment accounts, or other types of financial accounts that are managed by the person with the power.
3. Real estate: Real property, such as a house or building, that is owned by the person with the power.
4. Intellectual property: Patents, trademarks, copyrights, or other types of intellectual property that are owned by the person with the power.
5. Business interests: Ownership stakes in companies, partnerships, or other business entities that are managed by the person with the power.
6. Insurance policies: Life insurance policies, disability insurance policies, or other types of insurance policies that are owned by the person with the power.

A power can be granted for a specific purpose, such as managing a portfolio, making investment decisions, or selling specific assets. The person granting the power is typically referred to as the ""grantor,"" while the person receiving the power is referred to as the ""donee.""

In financial planning and estate planning, powers can be used to achieve a variety of goals, such as:

* Managing assets for a minor or incapacitated individual
* Transferring ownership of assets to a trust or other entity
* Providing for the management of assets in the event of the grantor's death or incapacitation
* Granting authority to make investment decisions or manage a portfolio

It's important to note that powers can be complex legal documents, and it's often recommended to consult with a qualified attorney or financial advisor to ensure that the power is properly drafted and executed.",FALSE,"Based on the extra information provided, ""objects of a power"" refers to individuals who can receive property",FALSE,"In the context of financial markets and investments, the term ""objects of a power"" typically refers to",FALSE,,,
default taker,"A default taker is a counterparty in a derivatives transaction that is designated to take on the obligations of a defaulting party, usually in the event that one party fails to fulfill its contractual commitments. Under EMIR, default takers help to maintain market stability by ensuring that the impact of a default is mitigated through risk transfer mechanisms, which can include central clearing and margining requirements.","Based on the extra information provided, I can answer the question.

According to the definition, ""Takers in Default"" refers to the individuals who would receive the property if a power of appointment is not exercised. In other words, they are the ones who will inherit or receive the property if the person with the power of appointment fails to exercise it.

In the context of finance, I would assume that ""default taker"" refers to the same concept, which is the individual or group of individuals who would receive the assets or property if a power of appointment is not exercised, such as in the event of a default or insolvency of an institution.

So, to answer the question, a ""default taker"" is an individual or group of individuals who would receive the assets or property if a power of appointment is not exercised, typically in the event of a default or insolvency.",FALSE,"In the context of financial markets, a ""default taker"" refers to an investor or a party that takes on the risk of a default by a borrower or an issuer. In other words, a default taker is an entity that assumes the risk of not receiving payments or interest on a debt instrument, such as a bond, loan, or credit facility, if the borrower or issuer fails to meet its obligations.

Default takers are often investors who purchase debt securities with a higher risk profile, such as high-yield bonds or distressed debt. They may do so in the hope of earning higher returns or because they believe the borrower or issuer has a strong enough credit profile to minimize the risk of default.

In the event of a default, the default taker may attempt to recover some or all of their investment by negotiating with the borrower or issuer, seeking to restructure the debt, or taking legal action to recover their losses. However, default takers typically bear the risk of loss if the borrower or issuer defaults, and may need to absorb significant losses or write down the value of their investment.

Default takers play an important role in the financial system by providing capital to borrowers and issuers that may not have access to traditional sources of funding. They help to facilitate the flow of credit and capital, and can provide a source of liquidity to the market in times of stress. However, they also face significant risks and must be careful in their investment decisions to mitigate those risks.",FALSE,"Based on the provided information, a ""default taker"" is defined as the individuals to whom the",FALSE,"A ""default taker"" is a term often used in the context of financial markets, particularly in",TRUE,,,
legal arrangement,"A legal arrangement in the context of EMIR refers to the formal agreements and contracts that define the obligations and rights between parties involved in over-the-counter (OTC) derivatives transactions. These arrangements ensure that trades are documented and that entities comply with EMIR requirements, such as reporting, clearing, and risk mitigation, to enhance the transparency and stability of the derivatives market.","Based on the provided extra information, a legal arrangement is defined as a relationship established by means of a contract between two or more parties, such as an express trust or other similar legal arrangements.",FALSE,"A legal arrangement, also known as a legal structure or legal entity, refers to the formal organization and governance of a business or organization under the laws of a particular jurisdiction. It defines the relationship between the business and its owners, investors, employees, customers, and other stakeholders.

A legal arrangement can take many forms, including:

1. Sole Proprietorship: A sole proprietorship is a business owned by one individual, with no formal separation between the business and the owner's personal assets.
2. Partnership: A partnership is a business owned by two or more individuals, with each partner sharing the profits and losses.
3. Limited Liability Company (LLC): An LLC is a business structure that combines the pass-through tax benefits of a partnership with the liability protection of a corporation.
4. Corporation: A corporation is a separate legal entity, owned by shareholders, with its own management and governance structure.
5. Trust: A trust is a legal arrangement where one person (the settlor) transfers assets to another person (the trustee) to manage for the benefit of a third party (the beneficiary).
6. Cooperative: A cooperative is a business owned and controlled by its members, who share the profits and losses.
7. Non-Profit Organization (NPO): A non-profit organization is a business that operates for the benefit of the public, without the goal of making a profit.

A legal arrangement can provide various benefits, such as:

* Limited liability: Protects the personal assets of the owners in the event of business debts or liabilities.
* Tax benefits: Can provide tax advantages, such as pass-through taxation or tax-exempt status.
* Governance structure: Establishes a clear decision-making process and management structure.
* Business identity: Provides a separate legal identity for the business, which can be useful for contracts, loans, and other business transactions.

When choosing a legal arrangement, it's essential to consider factors such as the type of business, the number of owners, the level of liability protection needed, and the tax implications. It's recommended to consult with a legal or financial professional to determine the best legal arrangement for your specific situation.",FALSE,A legal arrangement is a relationship established by means of a contract between two or more parties. For example,FALSE,"A legal arrangement, in the context of finance, refers to a formal agreement between two or more parties",FALSE,,,
management body,"In the context of EMIR, the ""management body"" refers to the governing body of a financial counterparty or a non-financial counterparty, which is responsible for the strategic direction and supervision of the organization. This includes members who ensure compliance with EMIR requirements, such as risk management and transparency obligations, helping to maintain financial stability within the derivatives market.","Based on the extra information provided, I can answer the question.

The term ""management body"" is not explicitly mentioned in the provided information. However, I can provide a general answer based on my knowledge of financial management.

In the context of financial management, a management body is typically a governing or decision-making entity within an organization that oversees the management of the company's finances. This can include the board of directors, executive committee, or other senior management teams.

In a more general sense, a management body can refer to any group or individual responsible for making strategic decisions and overseeing the overall management of an organization.

If you're looking for more specific information about a management body in a particular context, please provide more details and I'll do my best to help.",FALSE,"A management body, also known as a supervisory board or board of directors, is a group of individuals responsible for overseeing the overall strategy, direction, and performance of a company or organization. Their primary role is to provide strategic guidance, make key decisions, and ensure the company is run in a responsible and ethical manner.

Typically, a management body consists of experienced professionals, including:

1. Independent non-executive directors: These individuals have no direct involvement in the day-to-day operations of the company but bring an objective perspective and expertise to the board.
2. Executive directors: These individuals are responsible for the day-to-day operations of the company and may hold executive positions such as CEO, CFO, or COO.
3. Other stakeholders: Depending on the company's structure, other stakeholders may be represented on the management body, such as representatives from major shareholders, employees, or customers.

The management body's responsibilities typically include:

1. Setting the company's overall strategy and direction
2. Overseeing the company's financial performance and making key financial decisions
3. Appointing and evaluating the CEO and other senior executives
4. Ensuring the company is run in accordance with its articles of association and applicable laws and regulations
5. Monitoring and mitigating risks to the company
6. Providing guidance and support to the company's management team

In the financial sector, a management body plays a crucial role in ensuring the stability and integrity of the organization, as well as making key decisions that impact the company's financial performance and reputation.",TRUE,"Based on the extra information provided, a management body is an institution's body or bodies that are empowered",TRUE,"A management body, in the context of finance and corporate governance, refers to the group of individuals responsible",TRUE,,,
management body in its management function,"In the context of EMIR, the ""management body in its management function"" refers to the governing body of a financial firm, such as a bank or an investment firm, responsible for the overall management and strategic direction of the institution. This body ensures compliance with regulatory requirements, including risk management and corporate governance standards, to maintain the integrity and stability of the financial system. Its members are typically tasked with overseeing the implementation of policies and practices aligned with EMIR obligations.","Based on the extra information provided, the management body is described as the institution's body or bodies that are empowered to set its strategy, objectives, and overall direction, and which include the persons who make decisions. In its role of overseeing and monitoring management decision-making, the management body is responsible for setting the direction and strategy of the institution.

In the context of a credit institution, the management body is comprised of the management and supervisory functions, which has the ultimate decision-making authority. This body is responsible for making key decisions and overseeing the management of the institution.

Therefore, in its management function, the management body is responsible for setting the overall direction and strategy of the institution, making key decisions, and overseeing the management of the institution.",TRUE,"In the context of financial management, the management body refers to the highest authority within an organization that is responsible for making strategic decisions and overseeing the overall management of the company.

The management body typically consists of senior executives, such as the CEO, CFO, and other top-level officials, who are responsible for setting the company's goals, objectives, and policies. They are also responsible for overseeing the implementation of these goals and ensuring that the company is run in a responsible and efficient manner.

The management body's primary functions include:

1. Strategic planning: Setting the company's overall strategy, goals, and objectives.
2. Decision-making: Making key decisions on behalf of the company, such as investments, financing, and risk management.
3. Resource allocation: Allocating resources, such as budget and personnel, to achieve the company's goals.
4. Monitoring and control: Overseeing the company's performance and taking corrective action when necessary.
5. Risk management: Identifying and managing risks that could impact the company's financial performance.

In terms of financial management, the management body is responsible for:

1. Budgeting and forecasting: Setting financial goals and targets, and creating budgets and forecasts to achieve them.
2. Financial reporting: Overseeing the preparation of financial reports, such as balance sheets, income statements, and cash flow statements.
3. Financial planning: Developing and implementing financial plans, such as capital budgeting and cash management.
4. Risk management: Identifying and managing financial risks, such as credit risk, market risk, and liquidity risk.
5. Compliance: Ensuring that the company complies with relevant financial regulations and laws.

Overall, the management body plays a critical role in ensuring that the company is run in a responsible and efficient manner, and that its financial resources are used effectively to achieve its goals.",TRUE,"The term ""management body in its management function"" refers to the entity or group responsible for the day",FALSE,"In the context of financial management, the management body refers to the group of individuals responsible for overseeing",FALSE,,,
management body in its supervisory function’,"In the context of EMIR, the ""management body in its supervisory function"" refers to the part of an organization responsible for overseeing its overall strategic direction and ensuring that it complies with regulatory obligations. This body is tasked with supporting good governance and risk management practices to ensure the organization effectively manages its derivatives and related exposures under EMIR requirements.","Based on the extra information provided, I can answer the question as follows:

The management body in its supervisory function is responsible for overseeing and challenging the management body in its management function. This means that the supervisory function provides a check on the management function, ensuring that the management body is acting in the best interests of the institution.",TRUE,"In the context of corporate governance, the management body in its supervisory function refers to the entity responsible for overseeing the management of a company. This entity is typically responsible for ensuring that the company is being run in a responsible and ethical manner, and that the interests of the company and its stakeholders are being protected.

The management body in its supervisory function is often referred to as the ""supervisory board"" or ""board of supervisors"". This entity is typically composed of independent directors who are not involved in the day-to-day operations of the company, but rather provide strategic guidance and oversight to the company's management.

The management body in its supervisory function is responsible for:

1. Appointing and removing the company's management team, including the CEO and other senior executives.
2. Setting the company's overall strategy and direction.
3. Monitoring the company's financial performance and ensuring that it is being managed in a responsible and sustainable manner.
4. Ensuring that the company is complying with all applicable laws and regulations.
5. Overseeing the company's risk management and internal control systems.
6. Reviewing and approving the company's annual financial statements and other key reports.
7. Providing guidance and advice to the company's management team.

The management body in its supervisory function plays a critical role in ensuring that the company is being run in a responsible and ethical manner, and that the interests of the company and its stakeholders are being protected.",TRUE,"The information provided is repetitive and does not contain any specific details about the ""management body in its supervis",FALSE,"In the context of financial management and corporate governance, the ""management body in its supervisory function""",TRUE,,,
senior management,"In the context of EMIR, senior management refers to the individuals at the highest level of an organization, such as executives and directors, who are responsible for the overall strategic direction and decision-making. They play a critical role in ensuring compliance with EMIR requirements, particularly concerning risk management and reporting obligations, and are accountable for the company's adherence to regulatory standards in derivatives trading and clearing.","Based on the extra information provided, senior management refers to the highest level of management in an organization, typically consisting of senior management officials such as chief executive officers, assistant chief executive officers, chief financial officers, and other senior executives.",TRUE,"Senior management refers to the highest level of management within an organization, typically consisting of experienced and skilled professionals who are responsible for making strategic decisions and overseeing the overall direction and performance of the company.

Senior management typically includes executives and senior leaders who have a deep understanding of the organization's goals, objectives, and operations. They are responsible for:

1. Setting the overall strategy and direction of the organization
2. Making key decisions that impact the company's performance and future direction
3. Overseeing the development and implementation of business plans and budgets
4. Leading and managing teams of middle managers and other employees
5. Ensuring compliance with laws, regulations, and industry standards
6. Building and maintaining relationships with stakeholders, including investors, customers, and partners
7. Identifying and mitigating risks to the organization

In many organizations, senior management is divided into different levels, such as:

1. Executive management: This includes the CEO, CFO, COO, and other top executives who report directly to the board of directors.
2. Senior leadership: This includes department heads, such as the head of finance, marketing, and human resources, who report to the executive management team.
3. Senior management: This includes middle managers who report to the senior leadership team and are responsible for overseeing specific departments or functions.

Some common titles held by senior management include:

* Chief Executive Officer (CEO)
* Chief Financial Officer (CFO)
* Chief Operating Officer (COO)
* Chief Information Officer (CIO)
* Chief Human Resources Officer (CHRO)
* Senior Vice President (SVP)
* Vice President (VP)
* Director
* General Manager

Overall, senior management plays a critical role in driving the success of an organization by making strategic decisions, leading and managing teams, and ensuring the organization is well-positioned for long-term growth and success.",TRUE,"Based on the provided information, senior management refers to the highest level of management in an organization. It",TRUE,"Senior management refers to the top-level executives in an organization who are responsible for the overall strategic direction,",TRUE,,,
group,"In the context of EMIR, a ""group"" refers to a collection of affiliated entities or companies that are under common control. This includes parent companies and their subsidiaries, and it is important for reporting and compliance purposes, as certain EMIR requirements may apply at the group level, affecting how derivatives transactions are reported and how capital requirements are assessed across the group as a whole.","Based on the extra information provided, a group refers to a financial group, which is a group of companies that form a single economic unit or are bound by mutual support obligations, active mainly in the financial sector.",FALSE,"In the context of finance, a group refers to a collection of companies, entities, or subsidiaries that are controlled by a parent company or a holding company. The parent company typically has significant influence over the operations, management, and financial decisions of the group's subsidiaries.

A group can be structured in various ways, such as:

1. Holding company structure: A holding company owns a majority of the shares of one or more subsidiaries, giving it control over the group.
2. Conglomerate structure: A parent company owns multiple subsidiaries operating in different industries or sectors.
3. Congruent group structure: A group of companies operating in the same industry or sector, often with a common brand or product line.

The benefits of a group structure include:

1. Economies of scale: Shared resources, expertise, and infrastructure can lead to cost savings and increased efficiency.
2. Risk management: The group can diversify its risk by spreading investments across different subsidiaries and industries.
3. Access to capital: The parent company can provide financing to its subsidiaries, enabling them to access capital markets more easily.
4. Strategic planning: The group can coordinate its strategic plans and goals across subsidiaries, promoting synergy and collaboration.

In financial reporting, a group is often referred to as a ""consolidated entity"" or a ""consolidated group,"" and its financial statements are prepared using the consolidation method. This method combines the financial statements of the parent company and its subsidiaries into a single set of financial statements, providing a comprehensive picture of the group's financial performance and position.",TRUE,"Based on the extra information provided, a ""group"" in the context of finance refers to a """,FALSE,"In the context of finance, a ""group"" typically refers to a collection of companies that are related",TRUE,,,
Overall performance,,,0.490196078,,0.549019608,,0.431372549,,0.666666667,,,