questions,answers,meta-llama/Meta-Llama-3-8B-Instruct_True,meta-llama/Meta-Llama-3-8B-Instruct_True_Judge Correct,meta-llama/Meta-Llama-3-8B-Instruct_False,meta-llama/Meta-Llama-3-8B-Instruct_False_Judge Correct,mistralai/Ministral-8B-Instruct-2410_True,mistralai/Ministral-8B-Instruct-2410_True_Judge Correct,mistralai/Ministral-8B-Instruct-2410_False,mistralai/Ministral-8B-Instruct-2410_False_Judge Correct
AWC,"AWC stands for ""Annual Work Plan"" in the context of EMIR. It is a document developed by the European Securities and Markets Authority (ESMA) outlining the priorities and tasks for the upcoming year, including activities related to the oversight and implementation of EMIR provisions, aimed at enhancing market integrity and investor protection. This plan helps ensure that regulatory objectives are met efficiently and effectively throughout the year.","Based on the extra information provided, AWC can refer to two different things:

1. AWC (Acceptance, Waiver, and Consent) is FINRA's version of a settlement or plea agreement following an investigation into an alleged rule violation.
2. AWC is also the name of a merchant bank providing capital, advisory services, and expertise in ESOPs to privately held middle-market firms.

Without more context, it's difficult to determine which definition is most relevant to the question. If you're asking about the financial term ""AWC"", the first definition would be the most relevant. If you're asking about the company ""AWC"", the second definition would be more relevant.",FALSE,"AWC stands for Average Weekly Compensation. It's a term commonly used in workers' compensation insurance and is an important factor in determining the amount of benefits an injured employee is eligible to receive.

Average Weekly Compensation is calculated by taking the total amount of wages an employee earned in a specific period, usually a year, and dividing it by the number of weeks worked during that period. This calculation provides an average weekly wage, which is then used to determine the amount of workers' compensation benefits the employee is entitled to receive.

For example, let's say an employee earned $50,000 in a year and worked 52 weeks. To calculate their Average Weekly Compensation, you would divide $50,000 by 52 weeks, which would give you an average weekly compensation of $961.54.

AWC is an important concept in workers' compensation because it helps to ensure that injured employees receive fair and reasonable compensation for their lost wages and medical expenses. It's also used to determine the amount of permanent partial disability benefits an employee may be eligible for in the event of a permanent injury.

I hope that helps! Let me know if you have any other questions.",FALSE,"Based on the provided information, AWC stands for Acceptance, Waiver, and Consent.",FALSE,"AWC stands for ""Asset and Wealth Management."" It's a broad term that encompasses various financial",FALSE
AUV,"AUV stands for Average Unsecured Volume. In the context of EMIR, it refers to the average volume of transactions that are not backed by collateral or guarantees over a specified period. This metric is important for risk assessment and helps regulators understand the exposure levels in derivatives markets.","Based on the extra information provided, I can answer the question.

AUV can refer to different things depending on the context. However, from the extra information, I can see that AUV can stand for either ""Average Unit Volume"" or ""Accumulated Unit Value"".

According to the extra information, Average Unit Volume (AUV) is calculated by dividing total sales for stores open for operations during an entire 52-week period by the number of... (which is not specified, but it seems to be referring to the number of locations or stores).

On the other hand, Accumulated Unit Value (AUV) is the actual dollar value per share to the investor, and it reflects the actual value of an annuity unit.

Without more context, it's difficult to determine which definition is more relevant. If you're referring to a specific context, such as a franchise or an investment, please provide more information so I can give a more accurate answer.",FALSE,"AUV stands for Autonomous Underwater Vehicle. It's a type of underwater robotic system that operates independently, without the need for human intervention, to collect and transmit data, perform maintenance, or conduct other tasks underwater.

AUVs are designed to dive to great depths, navigate through underwater environments, and collect data on various parameters such as water temperature, salinity, pressure, and more. They're commonly used in a range of applications, including:

1. Oceanography: to study ocean currents, marine life, and climate change.
2. Offshore energy: to inspect and maintain offshore oil and gas platforms, wind farms, and other infrastructure.
3. Environmental monitoring: to track water quality, detect pollution, and monitor marine life.
4. Military: for reconnaissance, surveillance, and mine countermeasures.
5. Commercial: for tasks such as underwater construction, maintenance, and salvage operations.

AUVs are typically designed to operate for extended periods, often days or even weeks, and can transmit data back to the surface in real-time or store it for later retrieval. They're an exciting and rapidly evolving technology with many potential applications in the financial sector, such as:

1. Offshore oil and gas exploration: AUVs can help reduce the costs and risks associated with traditional manned submersibles.
2. Underwater infrastructure inspection: AUVs can inspect and maintain underwater pipelines, cables, and other infrastructure.
3. Environmental monitoring: AUVs can help monitor water quality and detect pollution, which can be critical for companies operating in the financial sector.

If you have any specific questions about AUVs or their applications, feel free to ask!",FALSE,AUV stands for Average Unit Volume. It is calculated by dividing the total sales for stores open for,FALSE,"AUV stands for ""Average Unrealized Value."" It's a metric used in the context of",FALSE
AMT,"AMT stands for ""Approved Reporting Mechanism."" In the context of EMIR, it refers to a system or service that facilitates the reporting of derivatives transactions to a trade repository, ensuring that the data is submitted in compliance with regulatory requirements. This mechanism plays a crucial role in enhancing transparency in the derivatives market.","Based on the extra information, I can answer the question:

The Alternative Minimum Tax (AMT) is a tax levied by the US government on entities with significantly high incomes. It ensures they pay a minimum amount of tax.

In simpler terms, the AMT is a separate tax system that requires some individual taxpayers to calculate their tax liability twice.",FALSE,"AMT stands for Alternative Minimum Tax. It's a separate tax calculation that's designed to ensure that individuals and corporations pay a minimum amount of taxes, regardless of the deductions and credits they claim on their regular income tax return.

The AMT was introduced in 1969 to prevent wealthy individuals and corporations from avoiding taxes by exploiting loopholes and deductions. The tax is calculated using a different set of rules and rates than the regular income tax, and it's intended to ensure that individuals and corporations pay a minimum amount of taxes, even if their regular income tax liability is lower.

Here are some key points to know about the AMT:

1. It's a separate tax calculation: The AMT is calculated separately from your regular income tax, and it's not just an additional tax on top of your regular tax liability.
2. It's a minimum tax: The AMT is designed to ensure that individuals and corporations pay a minimum amount of taxes, regardless of their regular income tax liability.
3. It's calculated using a different set of rules: The AMT uses a different set of rules and rates than the regular income tax, and it's intended to ensure that individuals and corporations pay a minimum amount of taxes.
4. It's not just for the wealthy: While the AMT was originally intended to target wealthy individuals and corporations, it can affect anyone who has significant income from sources such as investments, self-employment, or certain types of income.
5. It's complex: The AMT can be complex to calculate, and it's often difficult to determine whether you'll be subject to the AMT or not.

If you're subject to the AMT, you'll need to complete Form 6251, Alternative Minimum Tax, in addition to your regular income tax return. You may also need to complete additional forms and schedules to calculate your AMT liability.",FALSE,The Alternative Minimum Tax (AMT) is a tax levied by the U.S. government on,FALSE,AMT stands for Alternative Minimum Tax. It's a tax system in the United States that was created,FALSE
APY,"APY stands for Annual Percentage Yield. Within the context of EMIR, it refers to the total amount of interest earned on an investment or savings account in a year, expressed as a percentage, taking into account the effect of compounding. While APY is primarily used in banking and finance, it can be relevant for market participants considering the financial returns on derivative transactions or collateral management under EMIR requirements.","Based on the extra information provided, I can confidently answer that APY stands for Annual Percentage Yield, which tells you how much interest you can expect to earn over one year. It's the total rate of return for an interest-bearing account over a 1-year period, taking compounding interest into account.",TRUE,"APY stands for Annual Percentage Yield. It's a measure of the interest rate paid on a savings account or other deposit account over a one-year period, taking into account the compounding frequency of the interest.

In other words, APY calculates the total interest earned on an account over a year, considering how often the interest is compounded (e.g., daily, monthly, quarterly). This provides a more accurate picture of the account's earning potential compared to the simple interest rate.

APY is usually expressed as a percentage, and it's a key factor to consider when choosing a savings account or certificate of deposit (CD). A higher APY typically means your money will grow faster over time.

For example, if an account has a simple interest rate of 2%, but the interest is compounded daily, the APY might be 2.05% or 2.10%. This means the account would earn a total of 2.05% or 2.10% interest over the course of a year, rather than just 2%.

I hope that helps! Do you have any other questions about APY or interest rates?",TRUE,APY stands for Annual Percentage Yield. It is a measure of the annual return on an investment,TRUE,APY stands for Annual Percentage Yield. It is a financial metric that represents the total amount of,TRUE
AML,"AML stands for Anti-Money Laundering. Within the context of EMIR, AML refers to regulations and procedures aimed at preventing the illegal transfer of funds through financial markets, ensuring that transactions related to derivatives do not facilitate money laundering activities. EMIR requires entities to comply with AML measures to enhance market integrity and protect against financial crime.","Based on the extra information provided, I can answer the question as follows:

AML stands for Anti-Money Laundering, which refers to regulations aimed at preventing the concealment of criminal profits within the financial system.",TRUE,"AML stands for Anti-Money Laundering. It is a set of regulations and procedures designed to prevent and detect money laundering and terrorist financing activities.

Money laundering is the process of concealing the source of illegally obtained funds to make them appear legitimate. This can be done by layering transactions through various accounts and shell companies, making it difficult to trace the origin of the funds.

AML regulations require financial institutions, such as banks, to implement certain measures to prevent money laundering and terrorist financing. These measures include:

1. Customer Due Diligence (CDD): Financial institutions must collect and verify information about their customers, including their identity, address, and source of funds.
2. Transaction Monitoring: Financial institutions must monitor transactions for suspicious activity, such as large cash transactions, unusual patterns of activity, or transactions with high-risk countries.
3. Reporting: Financial institutions must report suspicious transactions to the relevant authorities, such as the Financial Crimes Enforcement Network (FinCEN) in the United States.
4. Training: Financial institutions must provide training to their employees on AML regulations and procedures.
5. Risk Assessment: Financial institutions must conduct regular risk assessments to identify and mitigate the risk of money laundering and terrorist financing.

The goal of AML regulations is to prevent the misuse of financial systems for illegal activities, such as money laundering and terrorist financing. By implementing these measures, financial institutions can help to prevent these types of crimes and maintain the integrity of the financial system.",TRUE,"Based on the provided information, AML stands for Anti-Money Laundering. It refers to a",TRUE,"AML stands for Anti-Money Laundering. It refers to the laws, regulations, and procedures",TRUE
AUM,"AUM stands for ""Assets Under Management."" In the context of EMIR, AUM refers to the total market value of assets that a financial institution, such as a fund or a bank, manages on behalf of its clients. This metric is significant as it can affect the institution's regulatory obligations under EMIR, particularly regarding risk management and reporting of derivatives.","Based on the extra information provided, I can confidently answer that AUM stands for Assets Under Management, which refers to the total market value of the securities a financial institution, such as a bank, mutual fund, or hedge fund, owns or manages on behalf of its clients or investors.",TRUE,"AUM stands for Assets Under Management. It's a financial metric used to measure the total value of assets that an investment management company, such as a mutual fund, exchange-traded fund (ETF), or a financial advisor, has the discretion to buy and sell on behalf of its clients.

In other words, AUM represents the total amount of money that a financial institution or investment manager has been entrusted to manage by its clients. This can include a wide range of assets, such as stocks, bonds, commodities, currencies, and more.

AUM is an important metric for several reasons:

1. It helps investors gauge the size and scale of an investment manager's operations.
2. It provides an indication of the manager's ability to generate revenue through management fees.
3. It can impact the manager's reputation and credibility in the industry.
4. It can also influence the manager's ability to attract new clients and assets.

For example, if a mutual fund has an AUM of $10 billion, it means that the fund has $10 billion in assets that it manages on behalf of its investors.

I hope that helps clarify what AUM is! Let me know if you have any further questions.",TRUE,AUM stands for Assets Under Management. It is the total market value of the securities a financial institution,FALSE,AUM stands for Assets Under Management. It is a term used in the financial industry to describe the,TRUE
AIR,"AIR stands for the Automated Internal Reporting. Within the EMIR framework, it refers to the systemical processes and tools used by counterparties to automate the reporting of derivatives transactions to trade repositories. This ensures compliance with EMIR's reporting obligations, enhancing transparency and reducing manual errors in the reporting process.","Based on the extra information provided, I can answer the question.

According to the information, Assumed Interest Rate (AIR) is defined as the rate of interest or growth rate selected by an insurance company.

However, I would like to note that there is another definition of AIR mentioned in the extra information, which is related to an air loan, a type of fraud scheme. But based on the context of the question, I assume that the question is referring to the definition of AIR related to insurance.

Therefore, my answer is:

AIR stands for Assumed Interest Rate, which is the rate of interest or growth rate selected by an insurance company.",FALSE,"AIR stands for Asset-Backed Insurance Reinsurance. It's a type of reinsurance that provides coverage to asset-backed securities (ABS) and other types of securitized assets.

In essence, AIR reinsurance helps to mitigate the risk associated with these assets, which are typically backed by a pool of financial assets such as mortgages, car loans, or credit card debt. By providing reinsurance coverage, AIR helps to reduce the risk of default or loss for the asset-backed securities, making them more attractive to investors.

AIR reinsurance can take various forms, including:

1. Credit risk reinsurance: Covers the risk of default or non-payment by the borrowers.
2. Market value risk reinsurance: Covers the risk of decline in the value of the underlying assets.
3. Interest rate risk reinsurance: Covers the risk of changes in interest rates affecting the value of the underlying assets.

AIR reinsurance is often used by financial institutions, such as banks and investment firms, to manage their risk exposure and provide a higher level of certainty to investors.",FALSE,"Based on the extra information provided, ""AIR"" in this context likely refers to ""Air Loan",FALSE,"AIR stands for ""Average Interest Rate."" It's a measure used in finance to represent the average",FALSE
ADTV,"ADTV stands for Average Daily Trading Volume. In the context of EMIR, ADTV is often used to assess the liquidity of financial instruments, helping regulators determine reporting requirements and the classification of entities involved in derivative transactions. A higher ADTV indicates more trading activity, which can lead to different regulatory obligations under EMIR.","Based on the extra information provided, I can confidently answer that ADTV stands for Average Daily Trading Volume, which refers to the average number of shares or contracts traded in a security per day over a specified period, typically within 20 to 30 trading days. It is a financial measure used to assess the liquidity and activity level of a security.",TRUE,"ADTV stands for Average Daily Trading Volume. It's a financial metric that measures the average number of shares or contracts traded in a security, such as a stock, bond, or commodity, over a specific period of time, usually a day.

ADTV is often used to gauge the liquidity and market activity of a particular security. A higher ADTV typically indicates higher trading volume and liquidity, which can make it easier to buy or sell the security. On the other hand, a lower ADTV may indicate lower trading volume and liquidity, which can make it more challenging to execute trades.

ADTV is usually expressed in terms of the average number of shares or contracts traded per day, and it can be calculated over various time periods, such as:

* Daily ADTV: The average number of shares traded per day over a specific period, such as a week or a month.
* Monthly ADTV: The average number of shares traded per month over a specific period, such as a quarter or a year.
* Yearly ADTV: The average number of shares traded per year over a specific period, such as a decade.

Investors, analysts, and traders often use ADTV to evaluate the market's interest in a particular security, assess its liquidity, and make informed investment decisions.",TRUE,ADTV stands for Average Daily Trading Volume. It is a financial measure that shows the average number of,TRUE,ADTV stands for Average Daily Trading Volume. It is a measure used in the financial markets to indicate,TRUE
CAPM,"CAPM stands for Capital Asset Pricing Model. While it is primarily a financial model used to determine the expected return on an asset based on its systemic risk, it does not directly relate to EMIR. However, understanding CAPM can be relevant for financial institutions evaluating the risk and return of their derivatives in accordance with EMIR, which aims to enhance transparency and reduce risk in the over-the-counter derivatives market.","Based on the extra information provided, I can confidently answer that:

CAPM stands for the Capital Asset Pricing Model, which is a financial framework that describes the relationship between the risk of an investment and its expected return.",TRUE,"The Capital Asset Pricing Model (CAPM) is a theoretical framework in finance that describes the relationship between risk and expected return for assets. It was first introduced by William Sharpe in the 1960s.

The CAPM states that the expected return of an asset is equal to the risk-free rate plus a risk premium, which is determined by the asset's beta (β). Beta is a measure of an asset's volatility relative to the overall market. In other words, it measures how much an asset's price moves in response to changes in the market.

The CAPM formula is:

Expected Return = Risk-Free Rate + Beta x (Market Return - Risk-Free Rate)

Where:

* Expected Return is the expected return on an asset
* Risk-Free Rate is the return on a risk-free asset, such as a government bond
* Beta (β) is a measure of the asset's volatility relative to the market
* Market Return is the return on the overall market
* Risk-Free Rate is the return on a risk-free asset

The CAPM assumes that investors are rational and that they require a higher expected return to compensate for taking on more risk. The model also assumes that investors can diversify their portfolios to eliminate unsystematic risk, leaving only systematic risk (also known as market risk).

The CAPM has been widely used in finance to estimate the required return on an investment, to evaluate the performance of a portfolio, and to determine the cost of capital for a company. However, it has also been criticized for its limitations, such as its assumption of a single market and its inability to capture non-linear relationships between risk and return.

I hope that helps! Let me know if you have any other questions.",FALSE,The Capital Asset Pricing Model (CAPM) is a financial framework that describes the relationship between the,TRUE,CAPM stands for Capital Asset Pricing Model. It's a model used in finance to determine the,TRUE
COD,"COD stands for ""Collateral Operational Document."" Within the EMIR framework, it refers to documentation that outlines the collateral management processes between counterparties involved in derivatives transactions. This document is essential for ensuring that both parties understand their obligations regarding collateral, thereby mitigating counterparty credit risk.","Based on the extra information, I can confidently answer that COD stands for Cash On Delivery, which is a method of collecting payment from customers when their orders arrive.",FALSE,"COD stands for Cash On Delivery. It's a payment method where the buyer pays the seller for the goods or services at the time of delivery. In other words, the buyer pays the seller in cash when the goods are physically delivered to their doorstep.

In a COD transaction, the buyer is responsible for paying the full amount owed, including any taxes, duties, or other charges. The seller typically receives the payment from the buyer before handing over the goods.

COD is often used in situations where the buyer is not familiar with the seller or is hesitant to provide credit card information online. It's also commonly used in physical retail settings, such as when buying goods from a brick-and-mortar store.

Some benefits of COD include:

1. Reduced risk for the buyer, as they only pay when they receive the goods.
2. No need to provide sensitive payment information online.
3. Can be a convenient payment method for small transactions.

However, COD may not be suitable for all transactions, especially for large or complex purchases.",FALSE,COD stands for Cash On Delivery. It is a payment method used in business and shipping where the,FALSE,"COD stands for ""Cash on Delivery."" It's a payment method where the buyer pays for the",FALSE
CAGR,"CAGR stands for Compound Annual Growth Rate. It is a measure used to calculate the mean annual growth rate of an investment over a specific time period, assuming the investment grows at a steady rate. While not specific to EMIR, CAGR can be relevant in assessing the growth and performance of financial products affected by EMIR regulations, such as derivatives.","According to the extra information, CAGR stands for Compound Annual Growth Rate, which is a measure of an investment's annual growth rate over time.",TRUE,"CAGR stands for Compound Annual Growth Rate. It's a financial metric used to measure the rate of return of an investment or a portfolio over a specific period of time.

CAGR is calculated by taking the nth root of the value of the investment at the end of the period, divided by its value at the beginning of the period, and then subtracting 1. The formula is:

CAGR = (End Value / Beginning Value)^(1/N) - 1

Where N is the number of years in the period.

CAGR takes into account the compounding effect of returns, which means that the returns are reinvested to generate even more returns. This is in contrast to simple annual growth rate, which only considers the growth rate for a single year.

For example, if an investment grew from $100 to $120 over a period of 2 years, the CAGR would be:

CAGR = (120 / 100)^(1/2) - 1 = 7.07%

This means that the investment grew at a compound annual rate of 7.07% per year over the 2-year period.

CAGR is a useful metric for comparing the performance of different investments or portfolios over time, and for evaluating the effectiveness of an investment strategy.",TRUE,"CAGR, or Compound Annual Growth Rate, is the annualized rate of growth in the value",TRUE,CAGR stands for Compound Annual Growth Rate. It's a measure used to calculate the average annual,TRUE
CPI,"CPI stands for Collateralized Portfolios Index. In the context of EMIR, it refers to a benchmark used to measure the performance of collateralized portfolios, which may include derivatives subject to EMIR's clearing obligations. This index helps market participants assess and manage the risk associated with their OTC derivatives transactions.","Based on the extra information provided, I can confidently answer that:

CPI stands for Consumer Price Index, which is a statistical estimate of the level of prices of goods and services bought for consumption purposes by households. It measures inflation as experienced by consumers in their day-to-day living expenses, representing all goods and services purchased.",FALSE,"CPI stands for Consumer Price Index, which is a statistical measure that tracks the average change in prices of a basket of goods and services consumed by households. It's a widely used indicator of inflation, which is the rate at which prices for goods and services are rising.

The CPI is calculated by the Bureau of Labor Statistics (BLS) in the United States and is based on prices of over 80,000 items, including food, housing, clothing, medical care, transportation, and entertainment. The index is calculated monthly and is typically expressed as a percentage change from the previous year.

A high CPI reading indicates that prices are rising, while a low reading indicates that prices are falling. The CPI is important because it helps policymakers and businesses understand changes in the cost of living and make informed decisions about investments, wages, and prices.

For example, if the CPI increases by 2% over a year, it means that the average price of the basket of goods and services has increased by 2% over that period. This could mean that the cost of living has increased by 2% for households, which could lead to higher prices for goods and services, lower purchasing power, and potentially even wage increases to keep up with inflation.

There are different types of CPI, including:

* CPI-U (Consumer Price Index for Urban Wage Earners and Clerical Workers): This is the most widely used CPI and tracks the prices of goods and services consumed by urban households.
* CPI-W (Consumer Price Index for Urban Wage Earners and Clerical Workers): This CPI is similar to CPI-U but is based on the prices of goods and services consumed by urban households with lower incomes.
* CPI-E (Consumer Price Index for the Elderly): This CPI is designed to track the prices of goods and services consumed by households with older adults.

I hope that helps! Let me know if you have any other questions.",FALSE,The Consumer Price Index (CPI) is a measure of the average change over time in the prices,FALSE,CPI stands for Consumer Price Index. It's a measure that examines the weighted average of prices of,FALSE
CDSC,"CDSC stands for Credit Default Swap Counterparty. In the context of EMIR, it refers to the entity involved in credit default swap transactions that must comply with the regulation's requirements for reporting, clearing, and risk mitigation. EMIR aims to increase transparency and reduce systemic risk in the derivatives market, including those involving CDSCs by enforcing stringent margin and collateral requirements.","Based on the extra information, I can confidently answer that CDSC stands for Contingent Deferred Sales Charge. It is a fee that may be imposed on certain types of investments, typically assessed by mutual fund companies, and is based on the holding period of the investment.",FALSE,"CDSC stands for Capital Gains Distribution and Switching Charge. It is a fee charged by mutual fund houses in India to investors who redeem their units or switch their investments from one scheme to another within a specific time frame, usually within a year.

In India, mutual fund houses are required to charge a CDSC to recover the costs incurred by them in managing the scheme. This fee is typically a percentage of the amount redeemed or switched, and it can range from 0.25% to 1.25% depending on the scheme and the mutual fund house.

For example, if you invest Rs. 1 lakh in a mutual fund scheme and redeem it after six months, you may be charged a CDSC of 0.5% (Rs. 5,000) on the amount redeemed. This means you will receive Rs. 95,000 (Rs. 1 lakh - Rs. 5,000) after redeeming your units.

It's worth noting that CDSC is not applicable if you redeem your units after a year from the date of investment, or if you switch your investments from one scheme to another after a year. Additionally, some mutual fund houses may waive the CDSC for certain schemes or for investors who meet specific criteria, such as high-net-worth individuals or institutional investors.",FALSE,"CDSC stands for ""Class D Share Charge."" It is a fee assessed on shares sold within a",FALSE,"CDSC stands for ""Certificate of Deposit Securities Corporation."" It is a type of financial instrument that",FALSE
CE,"CE stands for ""Counterparty Exposure"" under the EMIR framework. It refers to the risk that a counterparty in a derivative transaction may default before the transaction is settled. EMIR requires financial institutions to calculate and manage their counterparty exposure to mitigate systemic risk in the financial markets.","A simple question!

Based on the extra information provided, I can infer that CE likely stands for Centralized Finance (CeFi).",FALSE,"CE stands for Capital Expenditure. It refers to the money spent by a business or organization to acquire, upgrade, or replace long-term assets such as property, equipment, or technology. These expenditures are typically recorded as an expense on the balance sheet and are depreciated over time.

Examples of capital expenditures include:

* Purchasing new machinery or equipment
* Building or renovating a new facility
* Acquiring a new vehicle or fleet of vehicles
* Investing in new software or technology
* Upgrading or expanding existing infrastructure

Capital expenditures are considered a long-term investment in a company's future, as they can help increase productivity, reduce costs, and improve competitiveness. They are often financed through a combination of internal funds and external borrowing, such as loans or bonds.

In financial analysis, capital expenditures are an important factor in evaluating a company's financial performance and making investment decisions. They can be used to assess a company's ability to generate cash flow, pay dividends, and fund future growth initiatives.",FALSE,"Based on the provided information, CE in the context of the stock market refers to ""Call European""",FALSE,"CE stands for ""Certified Energy Manager"" or ""Certified Energy Professional."" It is a professional",FALSE
CNS,"CNS stands for Centralised Netting System. Within the context of EMIR, it refers to a system that centralizes the netting of transactions among multiple counterparties, reducing the number of individual payments necessary and thereby minimizing systemic risk. CNS helps in enhancing the efficiency and transparency of clearing processes, which is a key objective of EMIR.","Based on the extra information, I can confidently say that CNS stands for Continuous Net Settlement, which is an automated book-entry accounting system used by the National Securities Clearing Corporation (NSCC) for the clearing and settlement of securities transactions.",FALSE,"CNS stands for Centralized National Securities. It is a platform that allows investors to buy, sell, and trade securities such as stocks, bonds, and mutual funds electronically. CNS is a centralized platform that provides a single window for all securities transactions, making it easier for investors to access and manage their investments.

In India, the Centralized National Securities Depository (CDSL) and the National Securities Depository (NSDL) are the two main CNS platforms that facilitate electronic trading and settlement of securities. These platforms provide a secure and efficient way for investors to trade securities, and they also offer various services such as account opening, dematerialization, and re-materialization of securities.

Some of the benefits of CNS include:

1. Convenience: CNS allows investors to trade securities from anywhere, at any time, as long as they have an internet connection.
2. Efficiency: CNS facilitates electronic trading and settlement of securities, reducing the time and effort required for manual processing.
3. Security: CNS provides a secure platform for trading and settlement of securities, reducing the risk of fraud and theft.
4. Transparency: CNS provides real-time updates on transactions, allowing investors to track their investments easily.

Overall, CNS has revolutionized the way securities are traded and settled, making it easier and more convenient for investors to manage their investments.",FALSE,Continuous Net Settlement (CNS) is an automated book-entry accounting system used by the National Securities,FALSE,"CNS stands for ""Central Nervous System."" It's not a term typically used in the financial",FALSE
DVP,"DVP stands for Delivery Versus Payment. In the context of EMIR, it refers to a settlement mechanism that ensures the transfer of securities occurs simultaneously with the payment for those securities. This helps mitigate the risk of either party defaulting, as the transaction is completed only when both conditions (delivery of securities and payment) are fulfilled.","Based on the extra information, I can confidently answer that DVP stands for Delivery versus Payment, which is a method of settlement for the securities market. It guarantees the transfer of securities only after payment is made, or ensures that securities are released only after the agreed-upon funds have been successfully transferred.",TRUE,"DVP stands for Delivery versus Payment (DVP). It's a settlement process used in the financial industry, particularly in the securities market.

In a DVP transaction, the buyer and seller agree to settle the trade simultaneously, meaning that the buyer's payment is made at the same time as the seller's delivery of the securities. This ensures that both parties have completed their obligations at the same time, reducing the risk of default or delayed settlement.

DVP is often used in situations where the buyer and seller are not the same entity, such as when a brokerage firm buys securities from a customer and then sells them to another customer. By using a DVP process, the brokerage firm can ensure that the customer's payment is made at the same time as the delivery of the securities, which helps to maintain the integrity of the trade and reduces the risk of errors or disputes.

DVP is an important concept in the financial industry, as it helps to facilitate efficient and secure trading of securities. It's commonly used in stock exchanges, bond markets, and other financial markets where securities are traded.",TRUE,"DVP stands for ""Delivery versus Payment."" It is a method of settlement for the securities market that",TRUE,"DVP stands for ""Delivery vs. Payment."" It's a settlement process used in the financial markets",TRUE
RVP,"RVP stands for ""Receive Versus Payment."" In the context of EMIR, RVP refers to a settlement mechanism where the transfer of securities occurs simultaneously with the payment for those securities. This reduces counterparty risk, as the buyer only receives the securities after payment has been made, thereby enhancing the safety and efficiency of securities transactions.","Based on the extra information provided, I can answer the question as follows:

RVP stands for Receive versus Payment, which is a settlement process that guarantees securities are delivered to the buyer only when payment has been made. In other words, it is a settlement process where the buyer receives the securities only after the payment has been made.",TRUE,"RVP stands for Return on Value to Partner. It's a metric used to evaluate the financial performance of a partnership or joint venture. RVP measures the return on investment (ROI) of a partner's contribution to the partnership, taking into account the value they bring to the table.

RVP is typically calculated by dividing the partner's share of profits or returns by the value of their investment or contribution. The resulting percentage or ratio indicates the return on their investment, providing a clear picture of the partnership's financial performance.

For instance, if a partner invests $100,000 and the partnership generates $150,000 in profits, the RVP would be 50% ($150,000 / $100,000). This means the partner is earning a 50% return on their investment.

RVP is a valuable tool for partners, investors, and stakeholders to assess the financial viability and attractiveness of a partnership or joint venture. It helps identify areas for improvement, optimize investment decisions, and negotiate better terms.

Would you like to know more about RVP or explore other financial metrics?",FALSE,RVP stands for Receive versus Payment. It is a settlement process that guarantees securities are delivered to the,TRUE,"RVP stands for ""Revenue per Visitor."" It's a metric used in digital marketing and",FALSE
DMA,"DMA stands for Direct Market Access. In the context of EMIR, it refers to arrangements that allow clients to access trading venues directly through a broker's infrastructure, enabling quicker execution of trades without intermediary action. This access must comply with EMIR regulations to ensure proper risk management and reporting processes are in place.","Based on the extra information, I can confidently answer that DMA stands for Direct Market Access, which is a method of electronic trading where investors can execute trades by directly interacting with an electronic order book.",TRUE,"DMA stands for Direct Market Access. It's a type of trading platform that allows individual investors or traders to execute trades directly with a market maker or an exchange, bypassing a traditional brokerage firm.

With DMA, you can trade securities such as stocks, options, futures, and forex directly with the market maker or exchange, without the need for a middleman. This means you can get faster and more direct access to the markets, with potentially lower costs and higher execution speeds.

DMA is often used by professional traders, institutional investors, and high-frequency trading firms, as it provides them with the flexibility and control they need to execute complex trades quickly and efficiently.

Some of the benefits of DMA include:

* Faster execution times
* Lower trading costs
* Greater control over trade execution
* Ability to trade in small sizes or large sizes
* Access to a wider range of markets and products

However, DMA also requires a certain level of trading knowledge and experience, as well as the ability to manage risk effectively. It's not suitable for all investors, and it's important to carefully consider your trading goals and risk tolerance before using a DMA platform.",TRUE,DMA stands for Direct Market Access. It is a trading method that allows investors to place orders directly,TRUE,DMA stands for Direct Market Access. It's a trading system that allows investors to trade directly with,TRUE
DCF,"DCF stands for ""Discounted Cash Flow."" In the context of EMIR, it refers to a valuation method used to estimate the value of a financial asset or a derivative by projecting its future cash flows and discounting them back to present value using an appropriate discount rate. This analysis helps financial institutions assess the fair value of derivatives in compliance with EMIR's risk management and reporting requirements.","Based on the extra information, I can answer the question as follows:

Discounted Cash Flow (DCF) is an analysis method used to value investments by discounting the estimated future cash flows. It is a valuation method that estimates the value of an investment based on its expected future cash flows.",TRUE,"DCF stands for Discounted Cash Flow. It's a method of valuing a company or investment by estimating its future cash flows and discounting them to their present value.

The basic idea behind DCF is to calculate the present value of a company's expected future cash inflows (such as dividends or interest payments) and outflows (such as investments or debt repayment) using a discount rate that reflects the time value of money.

Here's a step-by-step breakdown of the DCF process:

1. Estimate the company's future cash flows: This involves forecasting the company's revenue, expenses, and capital expenditures over a certain period of time, typically 5-10 years.
2. Determine the discount rate: This is the rate at which you discount the future cash flows to their present value. Common discount rates include the cost of capital, the weighted average cost of capital, or the risk-free rate.
3. Calculate the present value of each cash flow: Use the discount rate to calculate the present value of each cash flow, taking into account the time value of money.
4. Calculate the terminal value: This is the present value of the company's cash flows beyond the forecast period. It's typically estimated using a multiple of the company's expected future earnings or a perpetuity formula.
5. Calculate the enterprise value: Add the present value of the cash flows and the terminal value to get the enterprise value of the company.
6. Calculate the equity value: Subtract the company's debt from the enterprise value to get the equity value.

DCF is a widely used method in finance and investing, as it provides a comprehensive and objective way to value companies and investments. However, it requires a thorough understanding of financial modeling and forecasting, and is often used by professional investors and analysts.",FALSE,DCF stands for Discounted Cash Flow. It is a valuation method used to estimate the value of,TRUE,DCF stands for Discounted Cash Flow. It's a valuation method used to estimate the value of,TRUE
DDM,"DDM stands for ""Direct Debiting Mechanism."" In the context of EMIR, it refers to the process by which payments, such as margin calls or fees, are directly debited from a party's bank account to ensure compliance with the financial obligations arising from derivatives transactions. This mechanism is part of the broader effort to enhance the transparency and stability of the derivatives market, as mandated by EMIR.","Based on the extra information, I can confidently answer that DDM stands for the Dividend Discount Model.",FALSE,"DDM stands for Discounted Dividend Model. It's a method used to estimate the intrinsic value of a stock by discounting its expected future dividend payments to their present value.

The DDM formula takes into account the expected dividend per share, the expected growth rate of the dividend, and the cost of equity (or the rate at which investors require a return on their investment). The formula is as follows:

Intrinsic Value = Σ (Dividend / (1 + g)^t)

Where:

* Intrinsic Value = the estimated value of the stock
* Dividend = the expected dividend per share
* g = the expected growth rate of the dividend
* t = the time period (in years)

The DDM is often used by investors and analysts to estimate the fair value of a stock, and to determine whether it's undervalued or overvalued. It's a useful tool for making informed investment decisions and for evaluating the performance of a company's dividend policy.

Do you have any specific questions about the DDM or would you like me to explain it in more detail?",FALSE,The Dividend Discount Model (DDM) is a quantitative method used by investors to measure,FALSE,DDM stands for Dividend Discount Model. It's a valuation model used to estimate the,FALSE
DPS,"DPS stands for ""Daily Position Reporting."" Under EMIR, DPS refers to the requirement for counterparties to report their derivative positions on a daily basis to ensure transparency and effective risk monitoring in the derivatives markets. This reporting helps regulators oversee market stability and helps identify the buildup of systematic risk.","Based on the extra information provided, I can see that it's all about DVP (Delivery Versus Payment), which is a method of settlement for the securities market that guarantees the transfer of securities only after payment is made.

However, the question is asking about DPS, not DVP. Unfortunately, there is no extra information provided about DPS.

In that case, I must admit that I don't know what DPS stands for or what it means in the context of finance. If you could provide more information or clarify what DPS refers to, I'd be happy to try and help you further!",FALSE,"In the context of personal finance, DPS stands for Direct Payment System. It's a payment system used by banks and financial institutions to facilitate transactions between customers and merchants.

In simpler terms, DPS is an electronic payment system that allows customers to make payments directly from their bank accounts to the merchant's account. This is often used for online transactions, such as buying products or services from e-commerce websites.

The DPS system is secure and efficient, as it reduces the need for physical checks, cash, or credit card transactions. It's also a convenient way for customers to make payments, as they don't need to share their financial information with the merchant.

However, it's worth noting that DPS is not the same as other payment systems like credit cards or debit cards, which may have different fees, interest rates, or terms. If you have any specific questions about DPS or any other payment system, feel free to ask!",FALSE,"Based on the provided information, DPS stands for Dividend Per Share. It is calculated by",FALSE,DPS stands for Dividend Per Share. It is a financial ratio that represents the amount of,FALSE
DBA,"DBA stands for ""Derivatives Bilateral Agreement."" In the context of EMIR, it refers to an agreement between two counterparties to cover the clearing and reporting obligations for derivatives transactions. DBAs help ensure compliance with EMIR standards, particularly concerning the management of counterparty credit risk and the transparency of derivatives markets.","Based on the extra information, I can answer that DBA stands for ""Doing Business As"", which means operating a business using a name that is different from the name of the business owner.",FALSE,"DBA stands for ""Doing Business As,"" which is a legal term used to refer to a business name that is different from the name of the individual or company that owns the business. In other words, a DBA is an assumed name under which a business operates.

For example, let's say John Smith owns a business, but he wants to operate it under the name ""Smith's Services"" instead of his own name. In this case, John would need to file a DBA with the state or county where he is doing business, in order to legally operate under the name ""Smith's Services.""

A DBA is often used for several reasons, such as:

1. To separate personal and business finances
2. To create a brand identity
3. To make it easier to market and advertise the business
4. To protect the owner's personal assets

It's worth noting that a DBA is not a separate entity from the business owner, and it does not provide any legal protection for the business. However, it can be an important step in establishing a business identity and separating personal and business finances.",FALSE,"A DBA, or ""Doing Business As,"" is a name that a person or corporation uses",FALSE,"DBA stands for ""Debt-to-Asset Ratio."" It is a financial ratio that measures the",FALSE
DCA,"DCA stands for Defaulting Counterparty Avoidance. Within the EMIR regulatory framework, it refers to measures and procedures that aim to prevent the occurrence of default events among counterparties involved in over-the-counter (OTC) derivative transactions. Effective DCA strategies help maintain market stability and reduce systemic risk by ensuring that counterparties can manage their exposures and obligations properly.","Based on the extra information, I can confidently answer that DCA stands for Dollar-Cost Averaging, which is an investment strategy where an investor invests money into risky assets by allocating equal dollar amounts over a period of time, aiming to minimize the impact of volatility and apply value investing principles to regular investment.",FALSE,"DCA stands for Dollar-Cost Averaging. It's a popular investment strategy that involves investing a fixed amount of money at regular intervals, regardless of the market's performance.

Here's how it works:

1. You decide on a fixed amount to invest each month or quarter.
2. You invest that amount at the end of each period, regardless of the market's direction.
3. When the market is high, your investment buys fewer shares.
4. When the market is low, your investment buys more shares.

By using DCA, you're essentially averaging the cost of your investments over time, which can help reduce the impact of market volatility and timing risks. This strategy can be particularly useful for investors who are new to the market or those who are trying to avoid emotional decisions based on market fluctuations.

For example, let's say you invest $100 each month in a stock that's currently trading at $50. In month 1, you buy 2 shares. In month 2, the stock price drops to $40, so you buy 2.5 shares. In month 3, the stock price rises to $60, so you buy 1.67 shares. Over time, the average cost per share will be lower than the current market price, which can help you benefit from dollar-cost averaging.

DCA can be used for various investment products, including stocks, ETFs, mutual funds, and index funds. It's a great way to invest consistently and reduce the impact of market volatility on your investments.",FALSE,DCA stands for Dollar-Cost Averaging. It's an investment strategy where an investor divides,FALSE,DCA stands for Dollar-Cost Averaging. It's a strategy used in investing where you,FALSE
DK,"DK stands for ""Documentation and Confirmation."" Within the context of EMIR, it refers to the processes and requirements for the timely documentation of derivative transactions and confirmation of trade details between counterparties. This is crucial for ensuring transparency and regulatory compliance in the derivatives market.","Based on the extra information provided, I can answer the question as follows:

DK can refer to different things depending on the context. In the context of finance, DK is an abbreviation for Delek US Holdings, Inc., a publicly traded company. It can also refer to a disputed or rejected trade in the context of stock trading.

In addition, DK is also the ISO 3166-1 alpha-2 code for Denmark, which is used in international transactions to and from Danish bank accounts.

It's also worth noting that DK is a publisher of Budgeting & Finance books, and they provide information on stock quotes, history, news, and other vital information to help with stock trading and investing.

In general, DK can refer to different things depending on the context in which it is used.",FALSE,"DK can refer to several things, but in the financial context, I'm assuming you're asking about the abbreviation ""DK"" as it relates to currency.

In finance, ""DK"" is an abbreviation for the Danish krone, which is the official currency of Denmark. The Danish krone is denoted by the symbol ""kr"" and is subdivided into 100 øre. It's widely used in international transactions, especially in the European Union.

If you have any further questions or would like to know more about the Danish krone or any other financial topic, feel free to ask!",FALSE,"Based on the extra information provided, DK stands for ""Don't Know"" in the context of financial",FALSE,"DK can refer to several things in the financial area, depending on the context. Here are a few",FALSE
DUI,"DUI stands for ""Derivative User Interface"" in the context of EMIR. It refers to the tools and platforms used by market participants to manage and report derivative transactions in compliance with EMIR requirements. This interface aids users in ensuring transparency and adherence to the regulatory obligations set forth by EMIR for derivatives trading.","Based on the extra information provided, I can answer the question as follows:

According to the extra information, DUI stands for Driving Under the Influence, which refers to driving a vehicle while impaired by alcohol or drugs.",FALSE,"DUI stands for Driving Under the Influence. It is a criminal offense that refers to the act of operating a vehicle while impaired by alcohol, drugs, or a combination of both. In the United States, the legal limit for blood alcohol content (BAC) is typically 0.08% for adults, although some states have lower limits for commercial drivers or drivers under the age of 21.

DUI laws vary by state, but common penalties for a DUI conviction can include:

1. Fines: Ranging from a few hundred to several thousand dollars
2. Jail time: Ranging from a few days to several months
3. License suspension: Temporary or permanent suspension of driving privileges
4. Community service: Required hours of community service or work release
5. Mandatory alcohol treatment: Required attendance at an alcohol treatment program
6. Ignition interlock device: A device installed in the vehicle that requires the driver to provide a breath sample before starting the engine
7. Increased insurance rates: Higher insurance premiums due to the DUI conviction

It's important to note that DUI is a serious offense that can have long-term consequences, including increased insurance rates, damage to your reputation, and even loss of employment or educational opportunities.

If you or someone you know has been arrested for a DUI, it's essential to seek legal advice from an experienced attorney who can help navigate the legal process and minimize the penalties.",FALSE,DUI is a listed investment company founded in 1991 which invests in Australian and,FALSE,DUI stands for Driving Under the Influence. It refers to the act of operating a vehicle while,FALSE
DWI,"DWI stands for ""Data Warehouse Initiative"" within the context of EMIR. It refers to a framework established to collect and store trade data from derivatives transactions. This initiative aims to enhance transparency and reduce systemic risk in the financial markets by providing regulators with necessary data for monitoring and analysis.","I'll ignore the extra information that's not relevant to finance and answer the question based on my knowledge.

DWI stands for Driving While Intoxicated, which is a criminal offense that occurs when a person operates a vehicle while impaired by alcohol or drugs.",FALSE,"DWI stands for Driving While Intoxicated. It's a serious offense that refers to the act of operating a vehicle while impaired by alcohol, drugs, or a combination of both. In the United States, DWI laws vary from state to state, but it's generally considered a criminal offense.

When someone is arrested for DWI, they may face penalties such as:

1. Fines and fees
2. Jail time or community service
3. License suspension or revocation
4. Mandatory ignition interlock device (IID) installation
5. Increased insurance rates

It's important to note that DWI is a serious offense that can have long-term consequences, including damage to one's reputation, financial burden, and even loss of employment or education opportunities.

If you or someone you know has been arrested for DWI, it's essential to seek legal advice from a qualified attorney to navigate the legal process and minimize the potential consequences.",FALSE,DWI stands for Driving While Intoxicated. It refers to the offense of operating a motor,FALSE,DWI stands for Driving While Intoxicated. It is a criminal offense that occurs when a,FALSE
EED,"EED stands for the European Economic Area (EEA) and its inclusion in the EMIR context refers to the region that encompasses EU member states and certain non-EU countries that participate in the single market. However, if you meant a different term related to EMIR, please clarify, as EED could also refer to other regulations or directives within European financial legislation.","Based on the extra information provided, EED stands for Enterprise Electronic Deposit, which enables business owners to deposit checks and money orders over the Internet.",FALSE,"EED stands for Energy Efficiency Directive. It's a European Union (EU) directive that aims to promote energy efficiency and reduce energy consumption across the EU. The directive sets targets for member states to improve energy efficiency in various sectors, including buildings, industry, and transportation.

The EED requires EU member states to:

1. Reduce their energy consumption by at least 20% by 2020 compared to 2000 levels.
2. Increase the share of renewable energy in their energy mix to at least 20% by 2020.
3. Implement energy efficiency measures in buildings, such as insulation, windows, and lighting.
4. Promote energy-efficient technologies and practices in industry and transportation.
5. Monitor and report on their progress towards these targets.

The EED is an important step towards reducing the EU's greenhouse gas emissions and meeting its climate change mitigation goals. It also aims to create jobs, stimulate economic growth, and improve energy security.

If you have any specific questions or would like to know more about the EED, feel free to ask!",FALSE,"Based on the provided information, EED stands for Enterprise Electronic Deposit. It is a service that",FALSE,"EED stands for ""Energy Efficiency Directive."" It is a European Union (EU) directive aimed at",FALSE
FMCE,"FMCE stands for ""Futures Market Clearing Entity."" Within the context of EMIR, FMCE refers to a central counterparty that facilitates the clearing of derivatives transactions in the futures market. This ensures that both parties in a trade fulfill their obligations, thus reducing counterparty risk and enhancing market stability.","Based on the extra information provided, I did not find any mention of ""FMCE"". However, I did find information about FMCG, which stands for ""Fast Moving Consumer Goods"", and FMIs, which stands for ""Financial Market Infrastructures"".

Since there is no mention of ""FMCE"" in the provided information, I'm unable to provide a direct answer to the question. If you meant to ask about FMCG or FMIs, I'd be happy to help with those topics. If you meant to ask about something else, please provide more context or clarify the question.",FALSE,"FMCE stands for Foreign Market Cash Equivalent. It is a type of asset that is used to measure the value of a company's foreign assets and liabilities.

In accounting, FMCE is used to translate foreign currency-denominated assets and liabilities into the reporting currency of a company. This is necessary because companies often operate in multiple countries and have assets and liabilities denominated in different currencies.

FMCE is calculated by converting the foreign currency value of an asset or liability into the reporting currency using the current exchange rate. The resulting value is then used to reflect the asset's or liability's value in the company's financial statements.

FMCE is an important concept in international accounting and is used to ensure that companies accurately reflect the value of their foreign assets and liabilities in their financial statements.",FALSE,FMCE stands for the FM Compounders Equity ETF. It is an actively managed exchange-traded,FALSE,"FMCE stands for ""Financial Management and Control Environment."" It's a framework used in financial management to",FALSE
FFI,"FFI stands for Financial Firm Identification. In the context of EMIR, it refers to the unique identifier assigned to financial entities that engage in derivatives trading. This identification is important for regulatory reporting and helps ensure transparency and efficiency in the financial markets.","Based on the extra information provided, I can answer the question as follows:

An FFI, or Foreign Financial Institution, is a foreign entity that is a financial institution. This is defined as any entity that is treated as a ""Financial Institution"" pursuant to the Model 1 or Model 2 IGA (Intergovernmental Agreement).",FALSE,"FFI stands for Foreign Financial Institution. It refers to a financial institution that is located outside of the United States and provides financial services to its customers, such as banks, insurance companies, investment firms, and other types of financial institutions.

FFIs are subject to certain reporting and compliance requirements under the Foreign Account Tax Compliance Act (FATCA), which is a US law aimed at combating tax evasion by US persons who hold financial assets abroad. Under FATCA, FFIs are required to report information about their US account holders and their financial accounts to the US Internal Revenue Service (IRS).

FFIs may also be required to enter into an agreement with the IRS, known as an Intergovernmental Agreement (IGA), to ensure compliance with FATCA. The IGA sets out the terms and conditions for the exchange of information between the FFI and the IRS.

FFIs must also comply with other anti-money laundering and counter-terrorism financing regulations, and may be subject to other reporting requirements under US law.",FALSE,"An FFI, or Foreign Financial Institution, is any entity that is treated as a ""Financial Institution",FALSE,FFI stands for Foreign Financial Institution. It refers to a financial institution that is located outside of the,FALSE
GTC,"GTC stands for ""Global Trade Repository."" In the context of EMIR, GTC refers to the platforms where derivatives trading data must be reported to enhance transparency in the over-the-counter derivatives market. These repositories collect and maintain records of derivative transactions, helping regulators monitor systemic risks and ensure compliance with EMIR reporting requirements.","Based on the extra information provided, I can confidently answer that GTC stands for Good-Til-Cancelled, which is a type of trading order commonly used by stock traders. It allows investors to buy or sell securities at a given or predetermined price.",FALSE,"GTC stands for ""Good Till Canceled"" or ""Good Till Date"". It's a type of order that is commonly used in financial markets, particularly in stock trading and options trading.

A GTC order is an instruction to a broker or trading platform to execute a trade at the best available price until the order is canceled or until a specific date or time. This type of order is often used for long-term trading strategies or for investors who want to buy or sell a stock at a specific price without having to constantly monitor the market.

For example, if you place a GTC buy order for a stock at $50, it means that your broker will try to execute the trade at $50 or better until you cancel the order or until the specified date or time. If the stock price rises above $50, your broker will automatically execute the trade at the best available price.

GTC orders can be useful for investors who want to take advantage of long-term trends or for those who want to hedge their portfolios against potential market fluctuations. However, it's important to note that GTC orders can also be subject to market volatility and may not be executed at the desired price if the market moves rapidly.",FALSE,"GTC stands for ""Good Till Cancelled."" It is a type of trading order commonly used by",FALSE,"GTC stands for ""Good 'Til Cancelled."" It's a type of order in the financial",FALSE
GSEs,"GSEs, or Government-Sponsored Enterprises, are financial services corporations created by the U.S. Congress to enhance the flow of credit in specific sectors of the economy. They play a role in the financial markets by providing liquidity, stability, and access to capital, particularly in housing and agriculture. In the context of EMIR, GSEs may be relevant as counterparties in derivatives transactions, but they are primarily governed by U.S. regulations rather than EMIR itself.","Based on the extra information provided, I can answer the question as follows:

GSEs, or Government-Sponsored Enterprises, are financial institutions created by Congress to address specific needs in sectors of the U.S. economy. They are quasi-governmental entities established to enhance the flow of credit to specific sectors of the economy.",TRUE,"GSEs stands for Government-Sponsored Enterprises. In the context of the United States, GSEs are private companies that were created by the federal government to provide financing for specific sectors of the economy.

The two most well-known GSEs are:

1. Fannie Mae (Federal National Mortgage Association): Fannie Mae was created in 1938 to provide financing for the housing market. It buys mortgages from lenders and packages them into securities, which are then sold to investors. This allows lenders to make more mortgages available to homebuyers.
2. Freddie Mac (Federal Home Loan Mortgage Corporation): Freddie Mac was created in 1970 to provide financing for the housing market. It also buys mortgages from lenders and packages them into securities, which are then sold to investors.

GSEs play a critical role in the US housing market by:

* Providing liquidity to the mortgage market
* Helping to stabilize interest rates
* Encouraging homeownership by making mortgages more accessible

However, GSEs have also been criticized for their role in the 2008 financial crisis, as their risk-taking and lack of regulation contributed to the crisis. As a result, the GSEs were placed into conservatorship in 2008, and the government has since implemented reforms to strengthen their regulation and oversight.

In summary, GSEs are private companies created by the government to provide financing for the housing market, and they play a vital role in the US economy.",TRUE,"GSEs, or Government-Sponsored Enterprises, are financial institutions created by Congress to address specific needs",TRUE,"GSEs, or Government-Sponsored Enterprises (GSEs), are corporations created by the U",TRUE
GDP,"GDP stands for Gross Domestic Product, which measures the total value of all goods and services produced within a country's borders over a specific period, typically annually or quarterly. While it is a key economic indicator, GDP itself is not a term directly related to EMIR, as EMIR primarily focuses on the regulation of over-the-counter derivatives markets in the European Union to increase transparency and reduce systemic risk.","Based on the extra information provided, I can confidently answer that GDP stands for Gross Domestic Product, which is a monetary measure of the total market value of all the final goods and services produced and rendered in a specific time period.",TRUE,"GDP, or Gross Domestic Product, is a widely used economic indicator that measures the total value of goods and services produced within a country's borders over a specific period of time, typically a year. It's a way to quantify the size and growth of a country's economy.

GDP includes the following components:

1. Consumer Spending (C): This includes the spending of households on goods and services, such as food, clothing, housing, and entertainment.
2. Investment (I): This includes the spending of businesses on capital goods, such as buildings, equipment, and inventories.
3. Government Spending (G): This includes the spending of federal, state, and local governments on goods and services, such as infrastructure, education, and healthcare.
4. Net Exports (NX): This is the value of exports minus imports, which represents the country's trade balance.

GDP is calculated using the following formula:

GDP = C + I + G + NX

There are three ways to calculate GDP:

1. Expenditure Approach: This method adds up the amount spent by households, businesses, government, and foreigners on goods and services.
2. Income Approach: This method adds up the income earned by households and businesses, including wages, rents, and profits.
3. Value-Added Approach: This method adds up the value added at each stage of production, from raw materials to final goods and services.

GDP is an important indicator of a country's economic performance, as it can help policymakers, businesses, and individuals understand the overall health and growth of the economy.",FALSE,GDP stands for Gross Domestic Product. It is the most common measure for the size of an economy,TRUE,"GDP, or Gross Domestic Product, is a key indicator of a country's economic health. It",FALSE
GNP,"In the context of EMIR, GNP typically refers to ""Gross Notional Principal."" It represents the total nominal value of all outstanding derivatives contracts, indicating the scale of the derivatives market. It is important as regulators use it to assess market risk and ensure that financial institutions are adequately capitalized and compliant with EMIR's requirements.","Based on the extra information, I can provide a clear answer to the question. According to the extra information, Gross National Product (GNP) is defined as:

* The total monetary value of all final goods and services produced by a nation's economy within a specific period.
* The total value of all the goods and services produced by the residents and businesses of a country.
* The total value of all the final goods and services made by a nation's economy in a specific time (usually a year).
* The total value of all finished goods and services produced by a country's citizens in a given financial year.

In summary, GNP is the total value of all final goods and services produced by a country's citizens within a specific period, usually a year.",FALSE,"GNP, or Gross National Product, is a macroeconomic measure that represents the total value of goods and services produced by a country's citizens, regardless of where they are produced. It's a way to measure a country's economic output and growth.

GNP is calculated by adding up the value of all goods and services produced by a country's residents, both within the country and abroad. This includes goods and services produced by citizens working abroad, as well as income earned by foreigners who are working in the country.

GNP is different from Gross Domestic Product (GDP), which measures the total value of goods and services produced within a country's borders, regardless of who produces them. GNP is a more comprehensive measure of a country's economic activity, as it takes into account the economic output of its citizens, wherever they may be.

For example, let's say a company owned by a US citizen produces goods in China. The value of those goods would be included in China's GDP, but it would also be included in the US's GNP, because the company is owned by a US citizen.

GNP is an important economic indicator, as it can help policymakers understand a country's economic growth, inflation, and standard of living. It's often used to compare the economic performance of different countries and to track changes in a country's economy over time.",FALSE,Gross National Product (GNP) is the total monetary value of all final goods and services produced,FALSE,GNP stands for Gross National Product. It is a measure of the total value of all goods and,FALSE
GARP,"GARP stands for the Global Association of Risk Professionals. Within the context of EMIR, GARP is significant as it provides education and resources related to risk management, which is crucial for financial institutions to comply with the regulations regarding risk mitigation in derivatives trading. GARP offers certifications and professional development opportunities that help professionals understand and implement EMIR's requirements effectively.","Based on the extra information, I can answer the question.

GARP stands for Growth at a Reasonable Price, which is an equity investment strategy that combines tenets of both growth investing and value investing to select individual stocks.",FALSE,"GARP stands for Growth at a Reasonable Price. It's an investment strategy that combines the benefits of both growth and value investing.

GARP investors look for companies that have strong growth potential, often in industries with high growth rates or those that are leaders in their respective markets. At the same time, they also seek to pay a reasonable price for these growth stocks, relative to their earnings, revenue, or other fundamental metrics.

In other words, GARP investors aim to find companies that are growing rapidly, but are not yet overvalued. This approach can provide a balance between the potential for long-term growth and the risk of overpaying for a stock.

Some common characteristics of GARP stocks include:

1. Strong revenue and earnings growth
2. High returns on equity (ROE) and return on assets (ROA)
3. Low debt levels
4. Competitive advantages or strong market positions
5. Reasonable price-to-earnings (P/E) ratios or other valuation metrics

GARP investing can be an attractive approach for investors who want to balance their portfolios between growth and value. It's often used by institutional investors, such as pension funds and endowments, as well as individual investors seeking to build long-term wealth.

Would you like to know more about how to implement a GARP strategy in your portfolio or any specific stocks that fit this approach?",FALSE,GARP stands for Growth at a Reasonable Price. It is an equity investment strategy that combines,FALSE,GARP stands for Global Association of Risk Professionals. It is a professional association for risk management,TRUE
GMIB,"GMIB stands for ""Generic Margining Interface for Bilateral trades."" Within the EMIR framework, it refers to standard procedures and systems used for the calculation and exchange of margin between counterparties involved in bilateral derivatives transactions. The GMIB aims to enhance the efficiency and transparency of margin requirements, ensuring that adequate collateral is held to mitigate counterparty risk.","Based on the extra information, I can confidently answer that GMIB stands for Guaranteed Minimum Income Benefit, which is an optional rider in an annuity contract that ensures a minimum income. It is designed to protect annuity payments from market fluctuations and guarantees a minimum monthly payment.",FALSE,"GMIB stands for Guaranteed Minimum Income Benefit. It's a feature commonly found in variable annuities, which are a type of insurance contract.

The GMIB is a guarantee that the annuity will provide a minimum income benefit to the policyholder, regardless of the performance of the underlying investments. This means that even if the investment returns are poor, the policyholder will still receive a minimum amount of income each year.

The GMIB is typically triggered when the annuity's account value falls below a certain level, known as the ""GMIB base amount."" Once triggered, the GMIB guarantees that the policyholder will receive a minimum income benefit, which is usually based on a percentage of the GMIB base amount.

The GMIB is designed to provide a level of protection to policyholders who are relying on the annuity for retirement income. It can help ensure that they receive a minimum amount of income each year, even if the market performs poorly.",FALSE,GMIB stands for Guaranteed Minimum Income Benefit. It is a type of annuity,FALSE,"GMIB stands for ""Global Market Index Bond."" It is a type of bond index that tracks",FALSE
GMWB,"GMWB stands for Guaranteed Minimum Withdrawal Benefit. In the context of EMIR, it refers to a financial instrument typically found in insurance and investment products. While not directly regulated under EMIR, understanding GMWB is important for firms engaging in derivatives that may be used to hedge such products against market risks.","Based on the extra information, I can answer that GMWB stands for Guaranteed Minimum Withdrawal Benefit. It is a type of variable annuity that combines investments and insurance, offering a guaranteed minimum income from the annuity.",TRUE,"GMWB stands for Guaranteed Minimum Withdrawal Benefit. It's a type of insurance rider or annuity contract that guarantees a minimum withdrawal amount from a retirement account, such as an annuity or a variable universal life insurance policy.

With a GMWB, you can withdraw a certain amount from your policy each year, and the insurer guarantees that you'll receive at least the minimum withdrawal amount, regardless of the policy's performance. This can provide a predictable income stream in retirement, helping to ensure that you don't outlive your assets.

GMWBs are often used to provide a sense of security and stability in retirement, as they can help you budget and plan your expenses. They can also be used to supplement other sources of income, such as Social Security or pensions.

It's worth noting that GMWBs typically come with some limitations and fees, so it's important to carefully review the terms and conditions before purchasing one. Additionally, GMWBs may not be suitable for everyone, and you should consider your individual financial situation and goals before investing in one.",TRUE,GMWB stands for Guaranteed Minimum Withdrawal Benefit. It is a feature of variable,TRUE,GMWB stands for Guaranteed Minimum Withdrawal Benefit. It's a feature often found,TRUE
GMAB,"GMAB stands for ""Guaranteed Minimum Account Balance."" Within the context of EMIR, it refers to a feature in certain financial products that ensures a minimum balance will be maintained, which can help in managing counterparty risk associated with derivative transactions. It is important for financial institutions to assess GMAB to ensure compliance with the risk mitigation requirements set out under EMIR.","Based on the extra information, I can confidently answer that GMAB stands for Guaranteed Minimum Accumulation Benefit. It is a type of living benefit that can be added to a variable annuity contract, which guarantees a minimum value to the annuitant after a specified period.",FALSE,"GMAB stands for Global Medical REIT Inc. (NYSE: GMAB). It's a real estate investment trust (REIT) that focuses on acquiring and leasing healthcare facilities, such as medical offices, hospitals, and surgery centers, to healthcare providers and other tenants.

As a REIT, GMAB's primary goal is to generate income through rental income from its properties, rather than through the sale of its assets. The company aims to provide a stable and growing source of income to its shareholders by leveraging its expertise in the healthcare real estate market.

GMAB's portfolio currently consists of a diversified mix of medical office buildings, hospitals, and surgery centers located across the United States. The company's properties are typically leased to healthcare providers, such as physicians, hospitals, and medical groups, which operate their practices and provide medical services from the facilities.

Would you like to know more about GMAB's financial performance, its business model, or perhaps its competitive landscape?",FALSE,The Guaranteed Minimum Accumulation Benefit (GMAB) is a variable annuity rider,FALSE,GMAB stands for General Motors Acceptance Corporation. It is a financial services company that provides a range,FALSE
IOI,"IOI stands for ""Indication of Interest."" In the context of EMIR, it refers to a preliminary signal from a market participant regarding their interest in executing a trade or participating in a transaction involving derivatives. IOIs are often used in the over-the-counter (OTC) market, allowing firms to gauge interest before formalizing a deal, which can enhance liquidity and transparency in line with EMIR's goals.","Based on the extra information provided, I can confidently answer that an IOI (Indication of Interest) is a preliminary, non-binding document or proposal that expresses a potential buyer's serious willingness to buy a company or security. It is a key tool in finance that allows parties to express interest in a transaction without committing to any binding obligations.",TRUE,"IOI stands for In-Orbit Insurance, which is a type of insurance that covers satellites and other space-based assets against various risks, such as launch failures, in-orbit collisions, and other catastrophic events.

IOI policies typically provide coverage for the following:

1. Launch and deployment risks: This includes coverage for launch vehicle failures, deployment issues, and other problems that may occur during the satellite's ascent to orbit.
2. In-orbit risks: This includes coverage for events such as collisions with other satellites or debris, solar flares, and other environmental hazards.
3. Ground-based risks: This includes coverage for damage or loss of the satellite during ground testing, transportation, or storage.
4. Operational risks: This includes coverage for errors or malfunctions during satellite operations, such as communication equipment failures or software glitches.

IOI policies are typically designed to provide financial protection to satellite operators, manufacturers, and other stakeholders in the event of a loss or damage to their space-based assets. This can help to mitigate the financial risks associated with space-based activities and provide peace of mind for those involved in the industry.",FALSE,"An IOI, or Indication of Interest, is a preliminary document submitted by a potential buyer expressing",FALSE,"IOI stands for ""Interest on Interest."" It is a term used in the context of financial investments",FALSE
IT,"In the context of EMIR, ""IT"" refers to Information Technology, which encompasses the use of computer systems and software for processing and managing financial data and reporting obligations. EMIR requires entities to implement robust IT systems to ensure compliance with regulations such as trade reporting, risk mitigation, and the management of derivatives transactions. Proper IT infrastructure is essential for timely data submission and to maintain market integrity.","I apologize, but the extra information provided does not seem to be related to the question ""What is IT?"" The extra information appears to be repetitive and only talks about Good-Til-Cancelled (GTC) orders.

Since the extra information is not relevant to the question, I'll answer based on my own knowledge. IT is not a term commonly used in finance, and it could refer to several things depending on the context. IT is often an abbreviation for Information Technology, which refers to the use of computer systems and software to manage and process financial data. However, without more context, it's difficult to provide a more specific answer.

If you could provide more information or clarify what you mean by ""IT,"" I'd be happy to try and provide a more accurate answer.",FALSE,"In the context of finance, IT (Information Technology) refers to the use of computer systems, software, and networks to manage, process, and store financial data and transactions. IT plays a crucial role in the financial industry by enabling the efficient and secure processing of financial transactions, managing risk, and providing real-time data and analytics to support decision-making.

Some examples of IT applications in finance include:

1. Core banking systems: These are the primary software systems used by banks to manage customer accounts, process transactions, and provide services such as online banking and mobile banking.
2. Trading platforms: These are specialized software systems used by financial institutions to execute trades, manage risk, and monitor market data.
3. Risk management systems: These are used to identify, assess, and mitigate potential risks to financial institutions, such as credit risk, market risk, and operational risk.
4. Financial planning and analysis software: These are used by financial institutions to plan, budget, and analyze financial performance.
5. Customer relationship management (CRM) systems: These are used to manage customer interactions, track customer data, and provide personalized services.

IT also enables the development of new financial products and services, such as digital payments, cryptocurrencies, and robo-advisors. Additionally, IT plays a critical role in ensuring the security and integrity of financial data, as well as complying with regulatory requirements and industry standards.

I hope that helps! Let me know if you have any further questions.",TRUE,"The question ""What is IT?"" is not related to finance. Therefore, I cannot provide a financial",FALSE,"IT stands for Information Technology. It refers to the use of computers, software, and other technologies to",TRUE
IRC,"IRC stands for Incremental Risk Charge. Within the EMIR framework, it is a capital requirement that financial institutions must hold to cover potential losses from incremental credit risk in their trading portfolios, particularly for positions that do not have a well-defined market price. This ensures that firms maintain sufficient capital buffers to manage risks associated with their trading activities, contributing to overall financial stability.","Based on the extra information provided, IRC can refer to either the International Rescue Committee or the Internal Revenue Code, depending on the context.

If the question is asking about the IRC in the context of humanitarian crises, it is likely referring to the International Rescue Committee (IRC), which is a non-profit organization that responds to the world's worst humanitarian crises.

If the question is asking about the IRC in the context of finance, it is likely referring to the Internal Revenue Code (IRC), which is a set of laws that govern taxation in the United States.

Without more context, it is difficult to determine which definition is most relevant. If you could provide more information or clarify the context, I would be happy to try and provide a more specific answer.",FALSE,"IRC stands for International Revenue Code, which is a comprehensive set of tax laws and regulations in the United States. It is a complex and detailed set of rules that governs how individuals and businesses report and pay their taxes to the Internal Revenue Service (IRS).

The IRC was enacted in 1954 and has been amended numerous times since then. It covers a wide range of topics, including income tax, estate tax, gift tax, employment taxes, and excise taxes, among others.

The IRC provides the framework for the IRS to collect taxes, and it is used by taxpayers, tax professionals, and the IRS to determine the amount of taxes owed and to ensure compliance with tax laws.",FALSE,"Based on the provided information, ""IRC"" can refer to two different things:

1. **",FALSE,IRC stands for Internet Relay Chat. It's a form of real-time internet text messaging that allows,FALSE
LOA,"LOA stands for 'Letter of Authorization.' In the context of EMIR, it is a document that allows one party to authorize another party to act on its behalf regarding derivative transactions, particularly in relation to reporting obligations. This is crucial for ensuring compliance with EMIR's requirements for transaction reporting to trade repositories.","Based on the extra information provided, it appears that LOA (Letter of Authority) can have different meanings depending on the context. However, from a financial perspective, it is commonly used as a legal document that grants permission to access specific information or perform certain actions related to one's financial affairs.

In the context of finance, a Letter of Authority (LOA) is often used to grant permission to financial advisers or institutions to access and manage one's financial information, such as pension transfers or stock certificates. It is typically a signed document that outlines the specific permissions and authorities granted to the recipient.

In general, a Letter of Authority (LOA) is a legal document that grants permission to access and manage financial information or perform certain financial actions.",FALSE,"LOA stands for Letter of Authorization. In the financial industry, a Letter of Authorization (LOA) is a document that grants permission to a third party, such as a financial institution or a service provider, to act on behalf of an individual or organization.

Typically, an LOA is used to authorize a financial institution to perform specific tasks, such as:

1. Accessing and managing bank accounts
2. Making transactions or payments
3. Obtaining account information or statements
4. Providing services or products

An LOA usually includes the following details:

1. The name and contact information of the individual or organization granting the authorization
2. The name and contact information of the authorized third party
3. A clear description of the specific tasks or actions that are authorized
4. The duration of the authorization (e.g., a specific date range or an ongoing authorization)

LOAs are commonly used in situations where an individual or organization needs to grant permission to a third party to manage their financial affairs, such as when someone is traveling and needs to authorize someone else to access their bank account.",TRUE,"Based on the provided information, LOA stands for Letter of Authorization. It is a form that permits",TRUE,"LOA stands for ""Letter of Acceptance."" In the context of financial transactions, a Letter of",FALSE
LOI,"LOI stands for Letter of Intent. In the context of EMIR, it refers to a document that signifies a party's preliminary commitment to enter into a derivative transaction or to clear transactions through a central counterparty (CCP). While it expresses intent, an LOI is not a legally binding contract but serves to outline the basic terms and conditions expected in future agreements related to derivatives.","Based on the extra information provided, I can answer the question as follows:

A Letter of Intent (LOI) is a formal document that outlines the preliminary understanding between parties involved in a potential business deal or transaction. It is a non-binding agreement that precedes a binding agreement, such as a share purchase agreement or asset purchase agreement.",FALSE,"LOI stands for Letter of Intent. In the context of finance, a Letter of Intent (LOI) is a non-binding document that outlines the terms and conditions of a proposed transaction, such as a merger, acquisition, or investment.

An LOI typically includes details such as:

1. The parties involved in the transaction
2. The nature of the transaction (e.g., merger, acquisition, investment)
3. The key terms and conditions, such as the purchase price, payment terms, and any conditions precedent to closing
4. The scope of the transaction, including the assets or businesses being acquired
5. The timeline for the transaction, including the expected closing date

The purpose of an LOI is to provide a framework for the parties to negotiate the terms of the transaction and to demonstrate their commitment to the deal. It is often used as a precursor to a more formal agreement, such as a purchase agreement or a shareholders' agreement.

It's worth noting that an LOI is non-binding, meaning that it is not legally enforceable and can be withdrawn or modified at any time before a binding agreement is signed. However, an LOI can still be an important step in the transaction process, as it can help to establish a clear understanding of the parties' intentions and can provide a basis for further negotiations.",TRUE,A Letter of Intent (LOI) is a document that declares the preliminary commitment of one party to,TRUE,"LOI stands for ""Letter of Intent."" In the context of finance and business, a Letter of",TRUE
LBO,"In the context of EMIR, LBO stands for ""Leveraged Buyout."" This refers to the acquisition of a company using a significant amount of borrowed money to meet the cost of acquisition. Under EMIR, LBO transactions often need to be reported since they can result in increased counterparty risk in derivatives transactions, requiring compliance with reporting and clearing obligations.","Based on the extra information provided, I can answer the question as follows:

A leveraged buyout (LBO) is a type of financial transaction in which the buyer uses borrowed funds to acquire a company.",TRUE,"A Leveraged Buyout (LBO) is a financial transaction in which a company is acquired using a significant amount of debt, typically financed by a combination of bank loans, bonds, and other forms of debt. The goal of an LBO is to use the company's assets and cash flow to service the debt and generate returns for the investors.

In an LBO, the acquirer (usually a private equity firm or a corporate buyer) uses a combination of equity and debt to finance the purchase of the target company. The debt portion of the financing is typically secured by the assets of the target company, and the interest payments on the debt are often tax-deductible.

The benefits of an LBO include:

1. Increased returns: By using debt to finance the acquisition, the acquirer can potentially increase returns on equity (ROE) by leveraging the company's assets and cash flow.
2. Tax benefits: The interest payments on the debt can be tax-deductible, which can reduce the acquirer's taxable income and increase after-tax returns.
3. Flexibility: LBOs can provide the acquirer with the flexibility to structure the deal in a way that maximizes returns, such as by using different types of debt or equity.

However, LBOs also carry risks, including:

1. High debt levels: The use of significant debt can increase the risk of default and reduce the company's financial flexibility.
2. Interest rate risk: Changes in interest rates can impact the cost of borrowing and the company's ability to service its debt.
3. Market risk: Fluctuations in the market can impact the value of the company's assets and the ability to generate cash flow.

Overall, LBOs can be an effective way for companies to raise capital and achieve their strategic objectives, but they require careful planning and execution to mitigate the risks involved.",TRUE,LBO stands for Leveraged Buyout. It is a type of financial transaction in which the buyer,TRUE,LBO stands for Leveraged Buyout. It's a financial transaction where a company is purchased with,TRUE
LIHTC,"LIHTC stands for Low-Income Housing Tax Credit. However, it is not directly related to the EMIR framework, which primarily focuses on regulations for over-the-counter derivatives markets in the EU. LIHTC is a U.S. program designed to incentivize the development of affordable rental housing for low-income individuals and families. If you have a term specifically related to EMIR, please ask!","Based on the extra information provided, I can confidently answer that LIHTC stands for the Low-Income Housing Tax Credit program. According to the information, it is a tax incentive intended to increase the availability of low-income rental housing, created in 1986 to encourage private/public investment in affordable rental housing.",TRUE,"LIHTC stands for Low-Income Housing Tax Credit. It's a federal program that provides tax credits to developers and investors to help finance the construction and rehabilitation of affordable housing for low-income households.

Here's a brief overview:

* The LIHTC program was created in 1986 as part of the Tax Reform Act to encourage the development of affordable housing.
* The program provides tax credits to developers and investors who invest in projects that meet specific affordability and income requirements.
* These tax credits can be used to offset federal income taxes, allowing developers and investors to reduce their tax liability.
* In exchange, the developers and investors agree to rent the units to low-income households at below-market rates for a specified period, typically 30 years.
* The LIHTC program is administered by the Internal Revenue Service (IRS) and is overseen by state housing finance agencies.

The benefits of LIHTC include:

* Increased affordable housing supply: By providing financing for affordable housing projects, LIHTC helps to increase the supply of affordable housing options for low-income households.
* Job creation: LIHTC projects often create jobs during the construction and operation phases.
* Community revitalization: LIHTC projects can help revitalize neighborhoods by providing affordable housing and economic opportunities.

Overall, the LIHTC program is an important tool for promoting affordable housing and economic development in communities across the United States.",TRUE,LIHTC stands for Low-Income Housing Tax Credit. It is a tax incentive program in the,TRUE,LIHTC stands for Low-Income Housing Tax Credit. It's a federal tax credit program in,TRUE
MICR,"MICR stands for Market Infrastructure Regulation. In the context of EMIR, it refers to the regulatory framework established to enhance the stability and transparency of financial markets by mandating the reporting, clearing, and risk mitigation of over-the-counter (OTC) derivatives. It aims to reduce systemic risks and improve market integrity following the financial crisis of 2007-2008.","Based on the extra information, I can answer the question. MICR stands for Magnetic Ink Character Recognition, which is a technology used by the banking industry to streamline the processing and identification of financial documents, such as cheques.",FALSE,"MICR stands for Magnetic Ink Character Recognition. It's a technology used to read printed checks and other financial documents, such as deposit slips and remittance advices.

MICR ink is a special type of ink that contains iron oxide particles, which are magnetically charged. When a document is printed with MICR ink, the ink is applied in a specific way to create a unique magnetic pattern that can be read by a MICR reader.

The MICR reader uses a magnetic head to detect the magnetic patterns on the document, and then translates them into machine-readable characters. This allows the reader to quickly and accurately capture the essential information from the document, such as the account number, routing number, and check number.

MICR technology is commonly used in the banking industry to process checks and other financial transactions. It's an efficient and secure way to read and verify financial information, and it's widely used in check processing, deposit processing, and other financial applications.

Some of the benefits of MICR technology include:

* Increased accuracy: MICR readers can accurately read even poorly printed or damaged documents.
* Faster processing: MICR technology allows for quick and efficient processing of financial documents.
* Improved security: MICR technology is difficult to counterfeit or alter, making it a secure way to process financial transactions.

Overall, MICR technology plays a critical role in the financial industry, enabling efficient and secure processing of financial documents and transactions.",FALSE,MICR stands for Magnetic Ink Character Recognition. It is a 9-digit code located at the bottom,FALSE,MICR stands for Magnetic Ink Character Recognition. It's a technology used in the banking industry to encode,FALSE
MPID,"MPID stands for Market Participant Identifier. In the context of EMIR, it is a unique identifier assigned to entities that participate in financial markets, such as trading venues or clearinghouses. MPIDs help improve transparency and facilitate the reporting of trades and derivatives transactions to trade repositories, thereby supporting regulatory oversight.","Based on the extra information provided, I can answer the question. According to the information, MPID stands for Market Participant Identifier, which is a 4-character alpha code used to report trades. It is assigned by FINRA or a trading venue to identify a member firm or registered entity.",TRUE,"MPID stands for Master Participant Identifier, which is a unique identifier assigned to a financial institution or a market participant by a stock exchange or a regulatory body. It is used to identify the institution or participant in financial transactions, such as trades, settlements, and reporting.

MPID is similar to a username, but it is a unique identifier that is assigned by the exchange or regulatory body, rather than being chosen by the institution itself. The MPID is used to ensure that transactions are properly attributed to the correct institution and to prevent errors or disputes related to trades or settlements.

MPID is often used in conjunction with other identifiers, such as the Legal Entity Identifier (LEI) and the Central Counterparty (CCP) participant ID, to provide a comprehensive identification system for financial transactions.",FALSE,MPID stands for Market Participant Identifier. It is a unique four-character alphanumeric code assigned,TRUE,"MPID stands for ""Master Participant Identifier."" It is a unique identifier assigned to a financial institution",FALSE
MNPI,"MNPI stands for ""Material Non-Public Information."" In the context of EMIR, it refers to information that has not yet been made public and could significantly impact the price of financial instruments. Under EMIR and related market regulations, handling MNPI appropriately is crucial to prevent insider trading and ensure market integrity.","Based on the extra information provided, MNPI stands for Material Non-Public Information, which refers to important information about a publicly-traded company that has not been released to the public or available through proper channels of inquiry. In other words, it is information that is not generally disseminated to the public or available to investors.",TRUE,"MNPI stands for Material Non-Public Information. It refers to confidential or non-public information that could significantly impact the market value of a publicly traded company's securities, such as stock prices, bonds, or other financial instruments.

MNPI can include information about a company's financial performance, business operations, management changes, mergers and acquisitions, or other significant events that have not been publicly disclosed. This information is considered material because it has the potential to influence investors' decisions and affect the company's stock price.

Investors, analysts, and other market participants are prohibited from trading on MNPI because it is considered insider information. This means that they are not allowed to use this information to buy or sell securities until it is publicly disclosed. Failure to comply with these regulations can result in serious legal and financial consequences.

Examples of MNPI might include:

* Unannounced changes to a company's management team or board of directors
* Unreported financial results or significant changes to a company's financial outlook
* Unannounced mergers or acquisitions
* Significant changes to a company's business operations or strategy
* Unreported regulatory issues or legal proceedings

It's important for investors and market participants to be aware of MNPI and to follow regulatory guidelines to ensure fair and transparent markets.",TRUE,"Based on the provided information, MNPI stands for Material Non-Public Information. It is defined as",TRUE,"MNPI stands for ""Material Non-Public Information."" It refers to information that is not generally available",TRUE
M&A,"M&A stands for mergers and acquisitions, which refers to the processes where companies combine (mergers) or one company buys another (acquisitions). While M&A is a broader business concept, at times it can intersect with EMIR when the resulting entity from such transactions deals in derivatives, as this may require new compliance with EMIR regulations related to trade reporting, risk mitigation, and clearing obligations.","Based on the extra information provided, I can confidently answer that Mergers and Acquisitions (M&A) refers to the process of companies combining (merging) or one company purchasing another (acquiring). This is a clear and concise definition that is supported by multiple sources.",TRUE,"M&A stands for Mergers and Acquisitions. It refers to the consolidation of two or more companies, or the acquisition of one company by another, through a financial transaction.

There are several types of M&A deals, including:

1. Merger: A combination of two or more companies to form a new entity, where the owners of the acquired company receive a certain percentage of the new entity.
2. Acquisition: One company buys another company, and the acquired company becomes a subsidiary of the acquiring company.
3. Consolidation: A combination of two or more companies to form a new entity, where the owners of the acquired company receive a certain percentage of the new entity.
4. Asset purchase: One company buys the assets of another company, such as its property, equipment, and intellectual property.
5. Stock purchase: One company buys the shares of another company.

M&A deals can be driven by various factors, including:

1. Strategic growth: Companies may acquire other companies to expand their product or service offerings, enter new markets, or gain access to new technologies.
2. Financial gain: Companies may acquire other companies to increase their revenue, reduce costs, or increase their profitability.
3. Market consolidation: Companies may acquire other companies to reduce competition in a particular market or industry.
4. Exit strategy: Founders or investors may sell their company to another company as a way to exit the business.

M&A deals can be complex and require significant financial, legal, and operational resources. They often involve due diligence, negotiations, and regulatory approvals.

As a financial assistant, I can help you with M&A transactions, including:

1. Financial modeling and analysis
2. Due diligence and research
3. Negotiation and contract preparation
4. Regulatory compliance and approval
5. Integration planning and execution

If you have any specific questions or need assistance with an M&A deal, feel free to ask!",TRUE,M&A stands for Mergers and Acquisitions. It refers to the process of companies combining,TRUE,M&A stands for Mergers and Acquisitions. It's a broad term that encompasses several,TRUE
M&E,"M&E stands for Margin and Exposure. In the context of EMIR, it refers to the practices and measures used to manage the potential credit risk arising from derivatives trades by calculating the margin requirements (collateral) that must be posted to secure trades against default, as well as assessing the exposure involved in those trades. This is essential for ensuring financial stability and reducing systemic risk in the derivatives market.","Based on the extra information provided, I can answer the question as follows:

M&E stands for Monitoring and Evaluation. It is a combined term for the processes set up by organizations such as companies, government agencies, international organizations, etc. to assess if progress is made in achieving expected results, to spot bottlenecks in processes, and to inform public spending and budgetary decisions.",FALSE,"M&E stands for Monitoring and Evaluation. In the context of financial management, M&E refers to the process of tracking and assessing the performance of a project, program, or organization to ensure it is meeting its intended goals and objectives.

Monitoring involves collecting data and information on a regular basis to track progress, identify issues, and make adjustments as needed. This can include tracking financial data, such as income and expenses, as well as non-financial data, such as program outputs and outcomes.

Evaluation, on the other hand, involves analyzing the data collected during monitoring to assess the overall effectiveness and impact of the project, program, or organization. This can include assessing whether the project is achieving its intended goals, identifying areas for improvement, and making recommendations for future improvements.

In the context of financial management, M&E is important because it helps organizations to:

* Ensure accountability and transparency in the use of funds
* Make data-driven decisions to improve program effectiveness
* Identify areas for improvement and make adjustments to optimize results
* Demonstrate the impact and effectiveness of their programs to stakeholders, including funders, donors, and the public.

In financial management, M&E is often used to evaluate the performance of financial systems, such as accounting and budgeting systems, as well as the effectiveness of financial policies and procedures. It can also be used to assess the impact of financial management decisions on the organization's overall performance and sustainability.",FALSE,Monitoring and Evaluation (M&E) is a combined term for the processes set up by organizations such,FALSE,"M&E stands for Monitoring and Evaluation. In the context of financial and development projects, M&E is",FALSE
NBBO,"NBBO stands for National Best Bid and Offer. In the context of EMIR, it refers to the best available prices for buying and selling a financial instrument across different venues. EMIR emphasizes transparency in derivatives trading, and NBBO helps ensure that market participants have access to the best pricing, thereby enhancing market efficiency.","Based on the extra information, I can confidently answer that NBBO stands for National Best Bid and Offer, which refers to the best bid price and the best offer price available for each security at any given time, aggregated across all exchanges.",TRUE,"NBBO stands for National Best Bid and Offer. It is the best bid (buy) price and the best offer (sell) price for a specific security (such as a stock, option, or futures contract) on a particular exchange or market.

The NBBO is calculated by combining the best bid and offer prices from all exchanges and market makers that are trading the security. This ensures that investors and traders have access to the best available prices for buying and selling securities.

The NBBO is typically displayed in real-time and is used by traders, investors, and market analysts to determine the current market price of a security. It is also used by market makers and other market participants to execute trades and manage their risk.

For example, if the NBBO for a particular stock is $50.25 / $50.50, it means that the best bid price is $50.25 and the best offer price is $50.50. This indicates that the market is currently willing to buy the stock at $50.25 and sell it at $50.50.",TRUE,NBBO stands for National Best Bid and Offer. It is a regulation by the United States Securities and,FALSE,NBBO stands for National Best Bid and Offer. It's a term used in the United States to,TRUE
NBB,"NBB stands for the National Bank of Belgium. Within the context of EMIR, the NBB is responsible for overseeing the implementation of EMIR regulations in Belgium, including monitoring compliance with reporting requirements and ensuring the stability of the financial system in relation to derivatives markets. It plays a key role in the regulation and supervision of financial institutions and market participants operating in Belgium.","Based on the extra information provided, I can answer that NBB stands for National Best Bid.",FALSE,"NBB stands for National Bank of Belgium (Nationale Bank van België in Dutch, Banque Nationale de Belgique in French, and Belgische Nationalbank in German). It is the central bank of Belgium and is responsible for managing the country's monetary policy, supervising and regulating the banking sector, and maintaining the stability of the financial system.

As the central bank, NBB has several key responsibilities, including:

1. Setting monetary policy: NBB sets interest rates and implements monetary policy to promote economic growth, stability, and low inflation.
2. Supervising banks: NBB supervises and regulates commercial banks, savings banks, and other financial institutions to ensure their safety and soundness.
3. Managing foreign exchange: NBB manages Belgium's foreign exchange reserves and intervenes in the foreign exchange market to maintain the stability of the Belgian currency, the euro.
4. Issuing currency: NBB is responsible for the production and distribution of euro banknotes and coins in Belgium.
5. Providing financial services: NBB provides financial services to the government, commercial banks, and other financial institutions.

Overall, NBB plays a critical role in maintaining the stability and integrity of the Belgian financial system and promoting economic growth and stability in the country.",TRUE,The NBB (Netherlands Bankers' Association) is a unique organization that performs important tasks in,FALSE,"NBB stands for ""Net Bank Balance."" It is a measure used in the financial industry to assess",FALSE
NBO,"NBO stands for Non-Bank Originators, which refers to entities that engage in derivatives trading but are not traditional banking institutions. Under the EMIR framework, NBOs are subject to specific reporting obligations and clearing requirements to enhance transparency and mitigate risks in the derivatives market. These requirements aim to ensure that all market participants, including non-banking entities, contribute to the stability of the financial system.","Based on the extra information provided, it appears that NBO stands for National Brand Owner, which is a cornerstone of Oman's financial sector.",FALSE,"NBO stands for Net Book Offer, which is a term commonly used in the financial industry, particularly in the context of stock market transactions.

In simple terms, the Net Book Offer (NBO) is the highest price at which a broker or a dealer is willing to buy a security, such as a stock or a bond, from a customer. This price is usually lower than the market price, as it reflects the broker's or dealer's costs and margins.

The NBO is used as a reference point for determining the best price at which a customer can sell their securities. It's often used in conjunction with the Offer Price (OP), which is the lowest price at which a broker or dealer is willing to sell a security to a customer.

In summary, the NBO is the lowest price at which a broker or dealer is willing to buy a security from a customer, and it's an important concept in the world of finance and trading.",FALSE,"Based on the provided information, NBO stands for Neighborhood Box Office, Inc. It is a",FALSE,"NBO stands for ""Net Bank Owned."" It is a term used in the banking industry to",FALSE
NAV,"NAV stands for Net Asset Value. In the context of EMIR, it refers to the total value of an investment fund's assets minus its liabilities, representing the value of each share or unit in the fund. NAV is important for transparency in derivatives trading and risk management, as it helps in assessing the financial health of market participants, particularly in relation to collateral requirements.","Based on the extra information, I can confidently answer that NAV stands for Net Asset Value, which is the difference between a company's assets and its liabilities calculated at the end of each business day. This term is applied to various investment entities, including mutual funds, companies, partnerships, trusts, and others, to describe the current value of the entity.

In the context of mutual funds, NAV is the per-share value of the fund's assets minus its liabilities. This means that the NAV represents the value of each share of the mutual fund, which can help investors understand the performance and value of their investments.

I hope this answer helps clarify the concept of NAV!",TRUE,"NAV stands for Net Asset Value. It's a widely used term in the financial industry, particularly in the context of mutual funds, exchange-traded funds (ETFs), and other investment vehicles.

Net Asset Value (NAV) represents the total value of a fund's assets minus its liabilities, divided by the number of outstanding shares. In other words, it's the per-share value of a fund's net assets.

For example, if a mutual fund has total assets of $100 million and liabilities of $5 million, and it has 10 million outstanding shares, the NAV would be:

NAV = ($100 million - $5 million) / 10,000,000 shares = $9.50 per share

This means that if you were to buy one share of that mutual fund, you would be paying $9.50.

NAV is typically calculated once a day, after the markets close, and is used as a benchmark for investors to evaluate the performance of their investments. It's also used by fund managers to determine the price at which they will buy or sell securities within the fund.

I hope that helps! Let me know if you have any other questions.",TRUE,"Based on the provided information, NAV stands for Net Asset Value. It is the difference between a",TRUE,NAV stands for Net Asset Value. It is a measure of the value of a company's assets,FALSE
OBA,"OBA stands for ""Order Book Activity."" In the context of EMIR, it refers to the activity related to the trading of derivatives that is recorded on an order book. This is significant for reporting obligations under EMIR, as firms must accurately report their derivatives trades to maintain transparency and mitigate systemic risk in the European financial markets.","Based on the extra information, OBA stands for Outside Business Activity. It refers to any business or activity undertaken by a registered representative that is outside the scope of their relationship with their member firm. In the context of financial services, OBA is often a side hustle that Registered Investment Adviser (RIA) owners engage in alongside running their firm.",FALSE,"OBA stands for Open Banking API. It's a set of standards and technologies that enables secure and controlled sharing of financial data between banks, fintech companies, and other third-party providers.

Open Banking allows customers to grant permission for their financial institutions to share their account information with other approved third-party providers, such as budgeting apps, payment processors, or investment platforms. This enables a more seamless and efficient way for customers to manage their financial lives, by giving them access to a wider range of financial services and products.

The Open Banking API is based on industry-standard technologies such as APIs, JSON, and OAuth, and is designed to be secure, scalable, and interoperable. It's an important development in the financial industry, as it promotes competition, innovation, and customer choice, while also improving the overall customer experience.

Some examples of how Open Banking can be used include:

* Budgeting and financial planning apps that can access your account information to help you track your spending and stay on top of your finances
* Payment processors that can facilitate faster and more secure transactions
* Investment platforms that can help you manage your investments and make informed financial decisions

Overall, Open Banking has the potential to revolutionize the way we manage our finances, and is an important step towards a more digital and customer-centric financial industry.",FALSE,"OBA stands for ""Outside Business Activity."" It refers to any business activity in which an advisor engages",FALSE,"OBA stands for ""Overnight Bank Account."" It's a type of bank account that is",FALSE
OTC,"OTC stands for Over-The-Counter, referring to financial instruments that are traded directly between two parties rather than through a centralized exchange. Within the context of EMIR, OTC derivatives must be reported to trade repositories, and many must be cleared through central counterparties (CCPs) to enhance transparency and reduce systemic risk in the financial system.","Based on the extra information provided, I can confidently answer that OTC stands for Over-The-Counter, which refers to securities that are not listed on a national securities exchange. These securities typically trade on Alternative Trading Systems.",FALSE,"OTC stands for Over-the-Counter, which refers to financial instruments, such as securities, derivatives, or currencies, that are traded outside of a formal exchange or market. In other words, OTC instruments are not listed on a traditional stock exchange, such as the New York Stock Exchange (NYSE) or the NASDAQ.

OTC instruments are typically traded directly between two parties, without the need for a central exchange or intermediary. This can include:

1. Corporate bonds: Companies issue bonds to raise capital, and these bonds are traded OTC between investors.
2. Derivatives: Options, futures, and swaps are traded OTC, allowing investors to hedge against risks or speculate on market movements.
3. Currencies: Foreign exchange (FX) trading is often done OTC, with banks and other financial institutions acting as market makers.
4. Commodities: Some commodities, like gold or oil, are traded OTC, often through contracts for difference (CFDs) or futures contracts.

OTC trading offers several benefits, including:

1. Flexibility: OTC instruments can be customized to meet specific investor needs.
2. Liquidity: OTC markets can provide access to a wider range of instruments and higher liquidity.
3. Lower costs: OTC trading often involves lower transaction costs compared to traditional exchanges.

However, OTC trading also comes with some risks, such as:

1. Lack of transparency: OTC markets can be less transparent, making it harder to track prices and trading volumes.
2. Counterparty risk: When trading OTC, investors are exposed to the credit risk of the counterparty, which can be significant.
3. Market manipulation: OTC markets can be more susceptible to market manipulation, as there may be fewer regulations and oversight.

As a financial assistant, it's essential to understand the OTC market and its implications for investors, as it can be a significant part of the global financial landscape.",TRUE,OTC stands for Over-The-Counter. It refers to securities that are not listed on a national,TRUE,"OTC stands for ""Over-The-Counter."" In the context of financial markets, OTC refers",TRUE
POD,"POD stands for Portfolio Compression, which is a risk management technique under the EMIR framework. It involves the reduction of the number of outstanding derivatives transactions without changing the economic exposure, thereby helping to decrease counterparty risk and capital requirements for financial institutions. This process is often facilitated by third-party service providers who match and offset trades among multiple parties.","Based on the extra information, I can answer the question:

POD stands for Payable on Death, which is a designation that allows a bank account to automatically transfer to a beneficiary upon the death of all account owners and co-owners.",FALSE,"POD stands for Print On Demand. It's a business model where products, such as t-shirts, mugs, phone cases, and more, are printed with custom designs or text only when they are ordered by a customer. This means that there is no upfront inventory cost, and the manufacturer only produces the product when it's needed.

In the context of finance, POD is often used in the context of e-commerce, where online stores use POD services to print and ship custom products to customers. This model allows for greater flexibility and reduced risk for the business, as they don't have to hold inventory or worry about unsold products.

POD is also used in other areas, such as publishing, where authors can self-publish books and have them printed and distributed only when they're ordered.

Would you like to know more about how POD works or its applications in different industries?",FALSE,POD stands for Payable on Death. It is a designation that allows you to name a benefici,FALSE,"POD stands for ""Proof of Delivery."" It's a document or receipt that confirms that a package",FALSE
PCE,"PCE stands for ""Potential Credit Exposure."" In the context of EMIR, it refers to the estimation of potential future credit exposure that a derivatives transaction might present to a counterparty. PCE is a critical component in calculating capital requirements and ensuring adequate risk management practices for central counterparties (CCPs) and financial institutions involved in derivatives trading.","Based on the extra information, I can answer the question. PCE stands for Personal Consumption Expenditures, which is a measure of consumer spending on goods and services among households in the US.",FALSE,"PCE stands for Personal Consumption Expenditures (PCE) price index, which is a measure of inflation in the United States. It's a key indicator of inflation, and it's used by the Federal Reserve, the central bank of the United States, to make decisions about monetary policy.

The PCE price index is a broad measure of inflation that tracks the prices of goods and services that households buy, including food, housing, healthcare, and other necessities. It's a more comprehensive measure of inflation than the Consumer Price Index (CPI), which only tracks a subset of goods and services.

The PCE price index is calculated by the Bureau of Economic Analysis (BEA), which is part of the US Department of Commerce. It's based on a sample of prices from a wide range of goods and services, and it's adjusted for seasonal fluctuations.

The PCE price index is often used as a more nuanced measure of inflation than the CPI, as it takes into account the prices of services, such as healthcare and education, which are a larger portion of household spending. It's also a more comprehensive measure of inflation, as it includes a wider range of goods and services.

The Federal Reserve uses the PCE price index as one of the key indicators to assess inflation and make decisions about monetary policy. The Fed has a dual mandate to promote maximum employment and price stability, and the PCE price index is an important tool for achieving that goal.",FALSE,PCE stands for Personal Consumption Expenditures. It is a measure of the total value of,FALSE,PCE stands for Personal Consumption Expenditures. It is a measure of the total spending by,FALSE
PII,"PII stands for Personally Identifiable Information. Within the context of EMIR, PII refers to any data that can be used to identify an individual, such as names, addresses, or identification numbers, which must be handled with care and protected to ensure compliance with privacy regulations. EMIR emphasizes the need for proper data processing and reporting standards, including the safeguarding of PII related to trades and counterparties.","Based on the extra information provided, PII (Personally Identifiable Information) is any information that can be used to identify an individual. This includes information such as:

* Any information that can be used to distinguish or trace an individual
* Data that can uniquely identify an individual
* Information like a person's full name, Social Security number, date of birth, etc.
* Any information connected to a specific individual that can be used to uncover or steal that individual's identity

In summary, PII is any data that can be used to identify a specific individual, making it a prime target for identity theft and other malicious activities.",TRUE,"PII stands for Personally Identifiable Information. It refers to any information that can be used to identify an individual, either directly or indirectly. This type of information is considered sensitive and is protected by various laws and regulations, such as the General Data Protection Regulation (GDPR) and the Gramm-Leach-Bliley Act (GLBA).

Examples of PII include:

1. Name
2. Address
3. Date of birth
4. Social Security number
5. Driver's license number
6. Passport number
7. Biometric data (e.g., fingerprints, facial recognition)
8. Financial information (e.g., bank account numbers, credit card numbers)
9. Email address
10. Phone number

PII can be collected in various ways, such as:

1. Online forms and surveys
2. Customer service interactions
3. Public records
4. Social media platforms
5. Financial transactions

It's essential to handle PII with care and ensure its security to prevent unauthorized access, theft, or misuse. This includes implementing robust data protection measures, such as encryption, access controls, and secure data storage.",TRUE,PII stands for Personally Identifiable Information. It is any information that can be used to distinguish,FALSE,PII stands for Personally Identifiable Information. It refers to any data that can be used to,TRUE
PPI,"PPI stands for Pledged Pooling Index. In the context of EMIR, it refers to a measure that may be used to assess the creditworthiness of counterparties involved in derivative transactions. It plays a role in determining collateral requirements and mitigating counterparty risk in derivative markets, helping to ensure financial stability.","Based on the extra information, I can confidently answer that:

PPI stands for Producer Price Index, which is a family of indexes that measures the average change over time in selling prices received by domestic producers of goods and services at the wholesale level of the supply chain.",FALSE,"PPI stands for Payment Protection Insurance. It's a type of insurance policy that was often sold to consumers in the UK, particularly in the early 2000s, to protect their loan or credit card repayments in case they became ill, injured, or unemployed.

PPI was designed to provide financial protection to individuals who were struggling to make their loan or credit card payments due to unforeseen circumstances. However, many people were mis-sold PPI policies, often without their knowledge or consent, and were not adequately informed about the terms and conditions of the policy.

Some common issues with PPI mis-selling include:

1. Unsolicited sales: People were sold PPI policies without being asked or without being given adequate information about the policy.
2. Lack of disclosure: Consumers were not told that PPI was optional or that they already had sufficient cover through other means (e.g., employer-provided benefits).
3. False or misleading information: Salespeople made false or misleading claims about the benefits of PPI, such as that it would cover all types of income loss or that it would automatically cancel their loan or credit card debt.

As a result, many people were left with PPI policies that they didn't need or want, and they were often charged high premiums for a policy that didn't provide adequate protection.

In recent years, there have been numerous complaints and lawsuits filed against banks and financial institutions for mis-selling PPI policies. As a result, many banks have set up dedicated PPI claims processes to help consumers reclaim their premiums and interest. If you think you may have been mis-sold PPI, I recommend checking with your bank or financial institution to see if you're eligible for a claim.",FALSE,The Producer Price Index (PPI) is a family of indexes that measure the prices of goods and,FALSE,PPI stands for Personal Protection Insurance. It's a type of insurance that provides financial support to individuals,FALSE
POP,"POPs, or Positions of Particular Interest, refer to specific positions in derivatives markets that are closely monitored by regulators under EMIR. These positions may indicate potential risks to market stability and are assessed to ensure compliance with EMIR's requirements for transparency and risk mitigation in derivatives trading.","Based on the extra information provided, I can answer the question in two different ways, depending on the context.

In the context of marketing and advertising, POP stands for Point of Purchase, which refers to any promotional activity or poster placed around a product to grab attention.

In the context of finance, POP can also stand for Public Offering Price, which is the price paid by an investor to purchase open-end mutual fund shares or the price set for a security during an initial public offering (IPO). Additionally, SEC code POP stands for Point of Purchase Entry, used in Automated Clearing House (ACH) transactions.

So, the answer to the question ""What is POP?"" depends on the context in which it is being asked.",FALSE,"POP stands for ""Point of Purchase"". It refers to the location where a customer makes a purchase, typically a retail store or a website. In the context of finance, POP is often used to describe the point at which a payment is made, such as a credit card transaction or a wire transfer.

In a broader sense, POP can also refer to the marketing and advertising efforts made at the point of purchase, such as in-store promotions, product displays, and sales associates' recommendations, which aim to influence the customer's purchasing decision.

In the financial industry, POP is also used to describe the process of settling a transaction, such as verifying the account information, processing the payment, and updating the customer's account balance.

For example, when you make a purchase online, the POP would be the website's checkout page where you enter your payment information and complete the transaction.",FALSE,"Based on the extra information provided, POP stands for Point of Purchase. It refers to any promotional activity",FALSE,"POP stands for ""Point of Purchase."" It refers to the location where a customer makes a purchase",FALSE
REMIC,"REMIC stands for Real Estate Mortgage Investment Conduit. While it is not directly part of the EMIR framework, it pertains to the broader context of financial markets as it represents a type of special purpose vehicle that holds mortgages and issues mortgage-backed securities. These vehicles are subject to various financial regulations, including those that may be influenced by EMIR's overarching goals of enhancing transparency and reducing systemic risk in derivatives markets.","Based on the extra information, I can provide an answer to the question.

A REMIC, or Real Estate Mortgage Investment Conduit, is an entity that pools loans and issues mortgage-backed securities (MBS) or commercial mortgage-backed securities (CMBS).",TRUE,"REMIC stands for Real Estate Mortgage Investment Conduit. It's a type of trust that allows real estate mortgage investments to be securitized and sold to investors. REMICs are typically used by mortgage lenders and investors to package and sell large pools of mortgages, such as residential or commercial properties, into securities.

Here's how it works:

1. A REMIC trust is created, which is a tax-exempt entity that holds the mortgages.
2. The mortgages are transferred to the REMIC trust, which then issues securities to investors.
3. The REMIC trust uses the proceeds from the sale of the securities to pay off the mortgages.
4. The REMIC trust then distributes the interest and principal payments from the mortgages to the investors.

REMICs offer several benefits, including:

1. Tax efficiency: REMICs are tax-exempt, which means that the income generated from the mortgages is not subject to taxes.
2. Liquidity: REMICs provide a liquid investment option for investors, allowing them to easily sell their securities if needed.
3. Diversification: REMICs allow investors to diversify their portfolios by investing in a pool of mortgages, which can help reduce risk.
4. Yield enhancement: REMICs can offer higher yields compared to traditional investments, such as bonds or CDs.

However, REMICs also come with some risks, such as:

1. Credit risk: The risk that the borrowers may default on their mortgage payments.
2. Interest rate risk: The risk that changes in interest rates may affect the value of the securities.
3. Prepayment risk: The risk that borrowers may prepay their mortgages, which can affect the cash flows of the REMIC.

Overall, REMICs can be a useful tool for investors looking to diversify their portfolios and generate income, but it's essential to carefully evaluate the risks and rewards before investing.",TRUE,A REMIC (Real Estate Mortgage Investment Conduit) is an entity that pools loans and issues,TRUE,REMIC stands for Real Estate Mortgage Investment Conduit. It is a type of investment vehicle that,TRUE
RSL,"RSL stands for ""Risk Significance Level."" In the context of EMIR, it refers to a classification used to assess the risk associated with counterparties and transactions in derivatives markets. The RSL helps regulators and market participants determine the necessary level of oversight and the compliance measures required to mitigate systemic risk.","Based on the extra information provided, RSL stands for ""Residential Supervisory Location"", which is generally defined as a private residence from which an associated person engages in supervisory functions.",FALSE,"RSL stands for Return on Sales Linked. It's a performance metric used to evaluate the financial performance of a company or a specific product/service. It measures the return on sales as a percentage, taking into account the sales revenue and the costs associated with generating that revenue.

The RSL formula is:

RSL = (Net Income / Sales) x 100

Where:

* Net Income is the company's net income or profit
* Sales is the total sales revenue

RSL helps investors, analysts, and business owners assess a company's profitability and efficiency in generating revenue. A higher RSL indicates that a company is generating more profit from its sales, which can be a positive indicator of its financial health.

For example, if a company has a net income of $100,000 and sales of $500,000, its RSL would be:

RSL = ($100,000 / $500,000) x 100 = 20%

This means that for every dollar of sales, the company generates 20 cents in profit.",FALSE,"Based on the provided information, RSL stands for Residential Supervisory Location. It is a",FALSE,"RSL stands for ""Risk-Sensitive Loss."" It's a concept used in finance, particularly in",FALSE
RMD,"RMD stands for Recovery Margining Document. Within the EMIR framework, it refers to a document used between counterparties to outline the margining provisions applicable to non-centrally cleared trades. It serves to enhance the calculation and management of collateral to mitigate counterparty risk, ensuring that parties maintain adequate margin levels throughout the lifecycle of their trades.","Based on the extra information provided, I can confidently answer that:

RMD stands for Required Minimum Distribution, which is the amount of money that must be withdrawn annually from certain employer-sponsored retirement plans, such as 401(k)s, 403(b)s, and others.",FALSE,"RMD stands for Required Minimum Distribution. It's a rule that applies to individual retirement accounts (IRAs), 401(k)s, and other qualified retirement plans in the United States.

The IRS requires individuals to take a certain amount of money out of their retirement accounts each year, starting at age 72 (previously 70 1/2). This is known as a Required Minimum Distribution (RMD).

The purpose of RMDs is to ensure that retirees use their retirement savings over their lifetime, rather than accumulating wealth and leaving it untaxed. The amount of the RMD is calculated based on the account balance and the account owner's life expectancy.

Failing to take an RMD can result in penalties and taxes. However, there are some exceptions and exceptions, such as:

* You're still working for the employer sponsoring the plan.
* You're a beneficiary of the account.
* You're a spouse beneficiary of the account.
* You're a disabled individual.
* You're a survivor of the account owner.

It's essential to consult with a financial advisor or tax professional to ensure you're meeting your RMD obligations and minimizing any potential penalties.

Do you have any specific questions about RMDs or would you like to discuss further?",FALSE,RMD stands for Required Minimum Distribution. It is the minimum amount of money that must be withdrawn each,FALSE,RMD stands for Required Minimum Distribution. It's a rule in the United States that requires certain individuals,FALSE
ROA,"ROA stands for Reporting Obligation Assessment. Within the context of EMIR, it refers to the requirement for entities to assess their obligations to report derivatives transactions to a trade repository. This is part of the broader aim of EMIR to increase market transparency and mitigate systemic risk in the derivatives market.","Based on the extra information, I can confidently answer that ROA (Return on Assets) is a type of return on investment (ROI) metric that measures the profitability of a business in relation to its total assets. It reveals the percentage of profit generated for every dollar invested in a company's assets, and it's a financial ratio that indicates how profitable a company is relative to its total assets.",FALSE,"ROA stands for Return on Assets, which is a financial metric that measures a company's profitability by comparing its net income to its total assets. It's a way to assess how efficiently a company is using its assets to generate earnings.

The formula to calculate ROA is:

ROA = Net Income / Total Assets

ROA is expressed as a percentage, and it shows the return a company generates on its assets. A higher ROA indicates that a company is generating more profits from its assets, which can be a sign of good financial health. On the other hand, a low ROA may indicate that a company is not using its assets efficiently or is struggling to generate profits.

For example, if a company has a net income of $100,000 and total assets of $500,000, its ROA would be:

ROA = $100,000 / $500,000 = 20%

This means that the company is generating a 20% return on its assets.",FALSE,ROA stands for Return on Assets. It is a financial metric that measures the profitability of a business,FALSE,ROA stands for Return on Assets. It is a financial ratio that measures a company's profitability relative,FALSE
SIE,"SIE stands for ""Systemically Important Entity."" Within the context of EMIR, it refers to a financial institution or entity that is deemed significant to the stability of the financial system. These entities often face stricter regulatory requirements due to their potential impact on the overall market and systemic risks.","Based on the extra information provided, I can answer the question as follows:

SIE stands for Security Industry Essentials, which is a required qualifications exam administered by FINRA (Financial Industry Regulatory Authority) for anyone considering a career in the financial services industry.",FALSE,"SIE stands for Securities Industry Essentials (SIE) exam. It's a foundational exam required for anyone who wants to work in the securities industry, including broker-dealers, investment advisors, and other financial professionals.

The SIE exam is administered by the Financial Industry Regulatory Authority (FINRA) and is designed to test an individual's knowledge of the securities industry, including topics such as:

1. Securities products and markets
2. Trading and order types
3. Securities regulations and compliance
4. Investment products and services
5. Customer accounts and relationships

Passing the SIE exam is a prerequisite for taking more advanced exams, such as the Series 6, Series 7, or Series 66 exams, which are required for specific roles in the securities industry.

The SIE exam is typically taken by individuals who are new to the securities industry, as well as those who are looking to transition into a new role or industry. It's an important step in obtaining the necessary certifications and licenses to work in the financial services industry.",FALSE,The SIE (Securities Industry Essentials) exam is a required qualifications exam administered by FINRA,FALSE,SIE stands for Securities Industry Essentials. It is a foundational exam offered by the Financial Industry,FALSE
SCP,"SCP stands for Standardised Client Portfolio. In the context of EMIR, it refers to a standardized way of managing and reporting portfolios of derivative contracts held by clients, which facilitates regulatory compliance and oversight. This standardization helps streamline the reporting processes and enhances transparency in the derivatives market, aligning with EMIR's objectives of reducing systemic risk.","Based on the extra information provided, it appears that SCP can refer to different entities or organizations in the context of finance. 

According to the extra information, SCP Financial is a real estate finance company, SCP Resource Finance is a broker dealer specialized in the global mining sector, and SCP Foundation Administrative Department office is responsible for managing the finances of the Foundation.

However, without more context or specific information, it's difficult to determine which definition is most relevant or accurate. If you're referring to the financial context, SCP could potentially stand for SCP Financial or SCP Resource Finance. If you're referring to the administrative context, SCP could potentially stand for SCP Foundation Administrative Department office.

If you could provide more context or clarify which context you're referring to, I'd be happy to try and provide a more specific answer.",FALSE,"SCP stands for Special Cash Program, which is a type of financial arrangement that allows individuals to borrow money from the U.S. Department of the Treasury. The program is designed to provide short-term, low-interest loans to individuals who are experiencing financial difficulties or who need access to cash for a specific purpose.

Here are some key features of the SCP:

1. Eligibility: The SCP is available to U.S. citizens who are at least 18 years old and have a valid Social Security number.
2. Loan amount: The maximum loan amount is $10,000, and the minimum loan amount is $500.
3. Interest rate: The interest rate on SCP loans is typically lower than other types of loans, with a maximum annual percentage rate (APR) of 8%.
4. Repayment terms: The repayment term for an SCP loan is typically 12 months, but it can be extended up to 36 months in certain circumstances.
5. Collateral: SCP loans are typically unsecured, meaning that they do not require collateral.
6. Application process: To apply for an SCP loan, you will need to submit an application to the U.S. Department of the Treasury and provide documentation to support your loan request.

The SCP is a useful option for individuals who need access to cash for a specific purpose, such as paying for medical expenses, car repairs, or other unexpected expenses. However, it's important to carefully review the terms and conditions of the loan before applying, as it may have some restrictions and requirements.",FALSE,"SCP stands for ""Specialized Commercial Properties.""",FALSE,"SCP stands for ""Special Circumstances Program."" It's a program used by the U.S",FALSE
TIF,"TIF stands for ""Transaction Information Framework."" In the context of EMIR, it is a standardized format used for reporting derivatives trades to ensure transparency and effective regulation. The TIF aims to facilitate the exchange of data between reporting entities and trade repositories, helping regulators and market participants access and analyze market activities efficiently.","Based on the extra information provided, I can answer the question as follows:

TIF stands for Tax Increment Financing, which is a technique for funding a qualifying capital project, its related infrastructure, or maintenance of the project from a stream of revenue generated by the increased property values resulting from the project.",FALSE,"TIF stands for Tax Increment Financing. It's a financial tool used by local governments to fund infrastructure projects, redevelopment, and economic development initiatives.

Here's how it works:

1. A specific area, known as the Tax Increment Financing (TIF) district, is designated by the local government.
2. The local government sets a base year for property tax revenue within the TIF district.
3. As new development occurs within the TIF district, the property values increase, and so do the property taxes.
4. The increased property taxes (the ""increment"") above the base year are captured and used to fund specific projects or initiatives within the TIF district.
5. The TIF district can use this captured increment to finance a variety of projects, such as road construction, public transportation, public facilities, or even private development projects.

The idea behind TIF is to stimulate economic growth and development by providing a financing mechanism that leverages the increased property values and tax revenues generated by new development. TIFs can be used to revitalize blighted or underutilized areas, attract new businesses, and create jobs.

It's worth noting that TIFs can be controversial, as some critics argue that they can divert funds away from other important government services or perpetuate existing economic inequalities. However, when implemented thoughtfully and transparently, TIFs can be a valuable tool for local governments to promote economic development and improve the quality of life for their residents.",FALSE,TIF stands for Tax Increment Financing. It is a technique for funding a qualifying capital project,FALSE,TIF stands for Tax Increment Financing. It's a financial tool used by local governments to,FALSE
TBE,"TBE stands for Trade Repository EMIR, which refers to a centralized database where details of derivative contracts are reported under the European Market Infrastructure Regulation (EMIR). Trade repositories play a crucial role in enhancing transparency in the derivatives market by collecting and storing data on trades so that regulatory authorities can monitor systemic risk and enforce compliance with EMIR requirements.","Based on the extra information provided, I don't see any mention of TBE. Therefore, I don't have enough information to answer the question. As a financial expert, I will rely on my general knowledge to answer the question.

TBE is not a commonly used term in finance, but it could potentially stand for ""Tailored Business Entity"" or ""Total Benefit Equity"" in specific contexts. However, without more information, it's difficult to provide a definitive answer.

If you could provide more context or clarify what TBE refers to, I'd be happy to try and assist you further.",FALSE,"TBE stands for Tax-Deferred Basis Earnings. It refers to the earnings on an investment or a financial product that are not subject to taxation until the funds are withdrawn or distributed. This means that the growth or returns on the investment are not taxed until the investor receives the money.

TBE is often used to describe the tax benefits of certain investments, such as:

1. Retirement accounts: Contributions to retirement accounts, like 401(k) or IRA, grow tax-deferred, meaning the earnings are not taxed until withdrawal.
2. Annuities: Some annuity contracts offer tax-deferred growth, allowing the earnings to accumulate without being taxed until the annuity is cashed out.
3. 529 plans: Contributions to 529 plans, used for education expenses, grow tax-deferred, and withdrawals are generally tax-free if used for qualified education expenses.

The TBE concept can be beneficial for investors, as it allows their investments to grow faster and potentially accumulate more value over time, since the earnings are not subject to immediate taxation.",FALSE,"Based on the provided information, ""TBA"" stands for ""To Be Announced"" in the",FALSE,"TBE stands for ""Total Benefit Earned."" It's a term often used in the context",FALSE
TIC,"TIC stands for ""Trade Information Code."" In the context of EMIR, it refers to a unique identifier used to tag and report trades to trade repositories. This code helps ensure accurate and efficient trade reporting, facilitating transparency and monitoring of derivatives markets within the EU.","Based on the extra information provided, I can answer the question as follows:

TIC stands for Treasury International Capital, which is a set of monthly and quarterly statistical reports from the U.S. Treasury that shows nearly all the flows of money between U.S. and foreign residents. It is an economic indicator that tracks cross-border portfolio flows and positions, and it is used to collect data on cross-border portfolio investment flows and positions for the United States.",FALSE,"TIC stands for Trust Indenture Clause. It's a clause in a bond indenture that outlines the rights and obligations of the bond issuer and the bondholder. The TIC is typically included in the bond indenture agreement and outlines the terms and conditions of the bond issue, such as the interest rate, maturity date, and any covenants or restrictions on the issuer's activities.

In simpler terms, the TIC is a contract between the bond issuer and the bondholder that outlines the rules and responsibilities for both parties. It's an important document that helps to ensure that the bond issuer fulfills its obligations to the bondholder and that the bondholder understands their rights and responsibilities.

For example, a TIC might include provisions such as:

* The interest rate and payment schedule for the bond
* The maturity date and redemption terms
* Any covenants or restrictions on the issuer's activities, such as limits on debt issuance or asset sales
* The procedures for default and bankruptcy
* The rights and remedies available to the bondholder in the event of default

Overall, the TIC is an important part of the bond issuance process and helps to ensure that the bond issuer and bondholder have a clear understanding of their rights and obligations.",FALSE,TIC stands for Treasury International Capital. It is a set of monthly and quarterly statistical reports from,FALSE,"TIC stands for ""Treasury International Capital"" and refers to the U.S. Treasury's",FALSE
TBA,"TBA stands for ""To Be Announced."" In the context of EMIR, it refers to a type of transaction in which the buyer and seller agree on the essential terms of a trade, such as the price and quantity of the financial instrument, but do not specify the exact details of the instrument (like its identity) at the time of the agreement. In EMIR, TBA transactions need to be reported to a trade repository as part of the regulation's aim to enhance transparency in the financial markets.","Based on the extra information provided, I can confidently answer that TBA stands for ""To Be Announced"" or ""To Be Announced"" in bond trading, which refers to the forward-settling of mortgage-backed securities (MBS) trades.",TRUE,"TBA stands for ""To Be Announced."" In the financial world, TBA is often used to describe a type of mortgage-backed security (MBS) that is to be issued in the future.

In the context of MBS, TBA securities are mortgage-backed securities that are to be issued by a government-sponsored enterprise (GSE) such as Fannie Mae or Freddie Mac. The specifics of the security, such as the coupon rate, face value, and maturity date, are not yet determined and will be announced at a later date.

TBA securities are often used as a way for banks and other financial institutions to hedge their mortgage risk by selling the mortgages they originate to the GSEs. The GSEs then package the mortgages into MBS and sell them to investors.

TBA securities are typically traded on a forward basis, meaning that the buyer and seller agree on a price and terms for the security, but the actual security is not delivered until the TBA date, which is usually several months in the future. The TBA market is an important part of the mortgage-backed securities market, as it allows investors to gain exposure to the mortgage market and provides a way for banks and other financial institutions to manage their mortgage risk.",TRUE,"Based on the provided information, ""TBA"" stands for ""To-Be-Announced."" In",TRUE,"TBA stands for ""To Be Announced."" It's a term often used in financial markets to",TRUE
TAM,"TAM stands for Transaction Access Method. In the context of EMIR, it refers to the technical process that allows reporting entities to electronically submit their derivative transaction data to a trade repository. This ensures compliance with EMIR's obligation for transparency and risk mitigation in the derivatives market.","Based on the extra information provided, I can confidently answer that TAM stands for Total Addressable Market, which represents the absolute maximum possible revenue that a business could generate in the market, calculated in estimated annual revenue.",FALSE,"TAM stands for Total Available Market, which refers to the total size of a particular market or industry that a product, service, or company can potentially target. In other words, it's the total amount of revenue that can be generated from all potential customers within a specific market or industry.

TAM is often used in business and finance to help companies estimate the potential revenue and growth opportunities for their products or services. It's a key metric for startups and entrepreneurs looking to scale their businesses and for investors evaluating potential investments.

To calculate TAM, you would typically identify the total number of potential customers within a market or industry, and then estimate the average revenue per user (ARPU) for that market or industry. For example, if you're launching a new mobile payment app, your TAM might be the total number of people in a particular country who use mobile devices, multiplied by the average amount they spend on mobile payments per month.

Understanding TAM is important because it helps companies:

1. Set realistic revenue targets and growth projections
2. Identify opportunities for expansion and scaling
3. Prioritize product development and marketing efforts
4. Evaluate the competitive landscape and potential market share

Does that make sense?",FALSE,"TAM stands for Total Addressable Market. It represents the total revenue opportunity available in a market,",FALSE,TAM stands for Total Addressable Market. It's a metric used in business and finance to estimate,FALSE
TOD,"TOD stands for ""Transaction Order Data,"" which is a requirement under the EMIR framework. It refers to the detailed data that must be reported to trade repositories regarding derivative transactions, including information like the parties involved, the type of derivative, and the transaction details, to enhance transparency and risk management in the derivatives market.","Based on the extra information, I can confidently answer that TOD stands for Transfer on Death, which is a legal designation that allows named assets to automatically pass to stated beneficiaries upon the account holder's death.",FALSE,"TOD stands for Transfer on Death (TOD). It's a type of beneficiary designation that allows you to transfer ownership of a specific asset, such as a bank account, investment account, or real estate, to a named beneficiary upon your death.

With a TOD designation, you can avoid the need for probate, which is the legal process of distributing your assets according to your will. This can simplify the process of transferring your assets to your loved ones after you pass away.

Here's how it typically works:

1. You open a bank account, investment account, or purchase real estate in your name.
2. You complete a TOD form, naming the beneficiary(ies) you want to inherit the asset.
3. The TOD designation is recorded with the financial institution or recorded with the county recorder's office.
4. When you pass away, the beneficiary(ies) named in the TOD designation will automatically inherit the asset, without the need for probate.

TOD designations can be useful for a variety of assets, including:

* Bank accounts
* Investment accounts (e.g., stocks, bonds, mutual funds)
* Real estate
* Retirement accounts (e.g., IRAs, 401(k)s)
* Life insurance policies

It's important to note that TOD designations are not the same as a will or living trust. They are a separate way to transfer assets, and you may want to use a combination of these tools to achieve your estate planning goals.",FALSE,"A TOD, or Transfer on Death, is a legal designation that allows named assets to automatically pass",FALSE,"TOD stands for ""Transfer on Death."" It's a type of account that allows you to designate",FALSE
VWAP,"VWAP stands for Volume Weighted Average Price. In the context of EMIR, it is a trading benchmark that reflects the average price a security has traded at throughout the day, based on both volume and price. VWAP is often used by traders to gauge market direction and for executing large orders in a way that minimizes market impact.","Based on the extra information provided, I can confidently answer the question. According to the information, VWAP stands for Volume-Weighted Average Price, which is a technical analysis tool that shows the ratio of an asset's price to its total trade volume. It is also described as the average price a security has traded at throughout the day, based on both volume and price. Additionally, it is stated that VWAP is the average price of a stock weighted by the total trading volume, and it is the ratio of the value of a security or financial asset traded to the total volume of transactions.",TRUE,"VWAP stands for Volume-Weighted Average Price. It's a technical indicator used in finance to calculate the average price of a security over a given period of time, taking into account the volume of trades that occurred at each price level.

In other words, VWAP gives you an idea of the average price at which a stock or other security has traded, weighted by the volume of those trades. This can be a useful tool for traders and investors to gauge the overall direction of a market or a specific stock, as well as to identify potential areas of support and resistance.

VWAP is calculated by dividing the total value of all trades by the total volume of those trades, over a specified time period. For example, if you want to calculate the VWAP for a stock over the past hour, you would add up the total value of all trades for that stock during that hour, and then divide that total by the total number of shares traded.

VWAP is often used in trading strategies, such as:

* Mean reversion: If a stock's price moves away from its VWAP, traders may look to buy or sell based on the assumption that the price will revert back to its mean.
* Trend following: Traders may use VWAP to identify the direction of the trend and adjust their positions accordingly.
* Risk management: VWAP can be used to set stop-loss levels or limit orders to manage risk.

Overall, VWAP is a useful tool for traders and investors to gain insights into market dynamics and make informed investment decisions.",TRUE,VWAP stands for Volume-Weighted Average Price. It is a technical analysis tool that shows,TRUE,VWAP stands for Volume Weighted Average Price. It's a technical analysis indicator used in the,TRUE
WAM,"WAM stands for ""Weighted Average Maturity."" Within the context of EMIR, it refers to the average time until the cash flows from a portfolio of derivatives are due, weighted by their respective cash flows. Monitoring WAM helps regulators and market participants assess the maturity profile of their derivative exposures, which is important for understanding risks related to liquidity and market fluctuations.","Based on the extra information, I can confidently answer that WAM stands for Weighted Average Maturity, which measures the average time until a portfolio's securities mature, weighted in proportion to the amount invested in the portfolio.",TRUE,"WAM stands for Weighted Average Maturity. It's a financial term used to describe the average time to maturity of a portfolio of investments, such as bonds or other debt securities.

In essence, WAM calculates the average time until the principal amount of the investments in the portfolio is repaid, taking into account the different maturity dates of each individual investment. This can be useful for investors, analysts, and financial institutions to understand the overall duration and risk profile of their portfolio.

For example, if a portfolio consists of bonds with maturity dates ranging from 1 to 10 years, the WAM would be a weighted average of these dates, giving more importance to the bonds with longer maturity dates.

WAM is an important metric in fixed income investing, as it can help investors manage their interest rate risk and duration exposure. It's often used in conjunction with other metrics, such as duration and yield to maturity, to gain a deeper understanding of a portfolio's performance and risk characteristics.",FALSE,Weighted Average Maturity (WAM) is a financial metric that measures the average time until the,TRUE,WAM stands for Weighted Average Maturity. It's a measure used in the context of fixed,TRUE
WKSI,"WKSI stands for Well-Known Seasoned Issuer. While primarily a term used in U.S. securities regulations, in the EMIR context, it refers to issuers that qualify for streamlined disclosure and registration requirements when issuing securities. WKSIs must have a substantial track record and meet specific criteria, which can impact their ability to access capital markets effectively, although this term is less commonly discussed within the specific regulatory framework of EMIR.","Based on the extra information provided, a WKSI (Well-Known Seasoned Issuer) is an SEC classification of an issuer that has a Public Float of a minimum of US$700 million or has issued non-convertible securities with a minimum value of US$1 billion, and is not an ineligible issuer.",TRUE,"WKSI stands for Wells Fargo & Company's Key Securities Index. It's a proprietary index developed by Wells Fargo Securities, the investment banking and capital markets division of Wells Fargo & Company.

The WKSI is designed to measure the performance of a broad range of U.S. companies, with a focus on large-cap and mid-cap stocks. The index is market-capitalization-weighted, meaning that the companies with the largest market capitalization have a greater influence on the index's performance.

The WKSI is often used as a benchmark for investment products, such as exchange-traded funds (ETFs) and mutual funds, that track the U.S. equity market. It's also used by institutional investors and individual investors as a way to gauge the performance of the U.S. stock market.

If you're interested in learning more about the WKSI or would like to know how it compares to other major stock market indices, feel free to ask!",FALSE,"A WKSI, or Well-Known Seasoned Issuer, is a designation given to companies that",TRUE,"WKSI stands for ""Workers' Compensation Insurance."" It is a type of insurance that provides",FALSE
WORM,,,0.355263158,,0.315789474,,0.342105263,,0.328947368